id_aluno,id_curso,ano_ingresso,forma_ingresso,modalidade_cota,sexo,idade_ingresso,municipio_residencia,escola_origem_publica,distancia_campus_km,nota_processo_seletivo,recebe_auxilio_estudantil,serie_atual,total_retencoes,situacao_vinculo,ano_saida,motivo_saida
2017101001,101,2017,Processo Seletivo,L13,M,14,Nossa Senhora do Socorro,S,50.5,6.4,N,,1,Concluído,2020,
2017101002,101,2017,Processo Seletivo,L6,M,15,Aracaju,S,2.6,5.7,N,,0,Cancelado a pedido,2017,Dificuldade em Matemática/Física
2017101003,101,2017,Processo Seletivo,L6,M,17,Nossa Senhora do Socorro,S,29.0,3.9,N,,1,Evadido,2019,Retenção/reprovação
2017101004,101,2017,Processo Seletivo,L5,F,15,Estância,S,32.1,7.1,N,,1,Evadido,2018,Dificuldade em Matemática/Física
2017101005,101,2017,Processo Seletivo,AC,F,14,Aracaju,S,8.3,6.0,N,,2,Concluído,2021,
2017101006,101,2017,Processo Seletivo,L14,M,15,Aracaju,S,4.7,8.8,N,,0,Concluído,2019,
2017101007,101,2017,Processo Seletivo,L1,F,15,Aracaju,S,6.6,6.7,S,,0,Concluído,2019,
2017101008,101,2017,Processo Seletivo,L6,M,14,Nossa Senhora do Socorro,S,29.5,5.8,N,,0,Concluído,2019,
2017101009,101,2017,Processo Seletivo,AC,M,16,Laranjeiras,N,57.5,7.1,S,,0,Concluído,2019,
2017101010,101,2017,Processo Seletivo,L5,M,15,Nossa Senhora do Socorro,S,27.0,5.3,N,,0,Concluído,2019,
2017101011,101,2017,Processo Seletivo,AC,M,16,São Cristóvão,S,32.8,6.3,N,,1,Evadido,2020,Não informado
2017101012,101,2017,Processo Seletivo,L2,M,14,Nossa Senhora do Socorro,S,54.8,6.4,N,,1,Transferido,2019,Dificuldade em Matemática/Física
2017101013,101,2017,Processo Seletivo,AC,M,14,Aracaju,N,12.8,5.8,S,,2,Concluído,2021,
2017101014,101,2017,Processo Seletivo,AC,M,15,Nossa Senhora do Socorro,S,33.6,6.1,N,,0,Concluído,2019,
2017101015,101,2017,Processo Seletivo,L1,M,15,Aracaju,S,12.1,7.8,N,,0,Concluído,2019,
2017101016,101,2017,Processo Seletivo,AC,M,17,São Cristóvão,N,29.8,7.0,N,,0,Concluído,2019,
2017101017,101,2017,Processo Seletivo,L1,M,15,Barra dos Coqueiros,S,41.3,6.9,N,,0,Concluído,2019,
2017101018,101,2017,Processo Seletivo,L6,M,14,Itaporanga d'Ajuda,S,36.4,7.8,N,,0,Concluído,2019,
2017101019,101,2017,Processo Seletivo,L10,M,14,Barra dos Coqueiros,S,22.1,4.5,S,,1,Transferido,2019,Questões financeiras/transporte
2017101020,101,2017,Processo Seletivo,AC,F,14,Nossa Senhora do Socorro,N,53.8,7.3,N,,2,Evadido,2019,Dificuldade em Matemática/Física
2017101021,101,2017,Processo Seletivo,L6,M,17,Itaporanga d'Ajuda,S,66.6,5.3,N,,1,Evadido,2018,Trabalho
2017101022,101,2017,Processo Seletivo,AC,M,16,Nossa Senhora do Socorro,N,44.2,7.4,N,,0,Concluído,2019,
2017101023,101,2017,Processo Seletivo,AC,M,16,Outro município,S,47.5,8.1,N,,1,Evadido,2019,Trabalho
2017101024,101,2017,Processo Seletivo,L9,M,15,Aracaju,S,10.1,5.1,S,,0,Evadido,2017,Retenção/reprovação
2017101025,101,2017,Processo Seletivo,L1,M,15,Aracaju,S,8.4,5.5,N,,0,Concluído,2019,
2017101026,101,2017,Processo Seletivo,AC,M,16,São Cristóvão,S,50.8,6.6,N,,1,Integralizado – pendente de estágio,2020,
2017101027,101,2017,Processo Seletivo,L2,M,15,Barra dos Coqueiros,S,19.1,5.2,N,,3,Jubilado (desligado por reincidência),2021,Excedeu limite de retenções
2017101028,101,2017,Processo Seletivo,L5,M,15,Barra dos Coqueiros,S,19.4,7.3,N,,0,Evadido,2018,Retenção/reprovação
2017101029,101,2017,Processo Seletivo,AC,M,16,Nossa Senhora do Socorro,S,50.8,5.7,N,,0,Cancelado a pedido,2018,Trabalho
2017101030,101,2017,Processo Seletivo,L6,F,14,Aracaju,S,4.9,7.7,N,,1,Concluído,2020,
2017101031,101,2017,Processo Seletivo,AC,M,14,Aracaju,S,5.3,8.2,N,,0,Concluído,2019,
2017101032,101,2017,Processo Seletivo,L14,M,14,Laranjeiras,S,13.9,5.3,N,,4,Jubilado (desligado por reincidência),2022,Excedeu limite de retenções
2017101033,101,2017,Processo Seletivo,L5,M,15,Nossa Senhora do Socorro,S,39.8,5.4,S,,0,Concluído,2019,
2017101034,101,2017,Processo Seletivo,AC,M,14,Aracaju,S,3.4,7.0,N,,1,Concluído,2020,
2017101035,101,2017,Processo Seletivo,L6,M,14,Aracaju,S,14.9,6.0,S,,4,Jubilado (desligado por reincidência),2022,Excedeu limite de retenções
2017101036,101,2017,Processo Seletivo,L1,M,15,Nossa Senhora do Socorro,S,34.0,5.7,N,,1,Concluído,2020,
2017101037,101,2017,Processo Seletivo,L2,M,14,Aracaju,S,10.5,6.1,N,,0,Evadido,2018,Dificuldade em Matemática/Física
2017101038,101,2017,Processo Seletivo,L10,M,15,Aracaju,S,8.6,6.7,S,,0,Concluído,2019,
2017101039,101,2017,Processo Seletivo,L13,M,15,Aracaju,S,8.7,9.2,N,,3,Jubilado (desligado por reincidência),2021,Excedeu limite de retenções
2017101040,101,2017,Processo Seletivo,L2,F,14,Nossa Senhora do Socorro,S,52.2,6.0,S,,2,Cancelado a pedido,2019,Dificuldade em Matemática/Física
2017101041,101,2017,Processo Seletivo,AC,M,15,São Cristóvão,S,25.2,6.3,N,,0,Concluído,2019,
2017101042,101,2017,Processo Seletivo,AC,M,15,Aracaju,N,7.4,7.1,N,,0,Concluído,2019,
2017101043,101,2017,Processo Seletivo,L10,F,14,Aracaju,S,6.7,7.4,S,,0,Evadido,2017,Dificuldade em Matemática/Física
2017101044,101,2017,Processo Seletivo,L5,M,16,Estância,S,13.1,5.5,N,,0,Concluído,2019,
2017101045,101,2017,Processo Seletivo,L6,F,16,Nossa Senhora do Socorro,S,24.0,5.3,N,,0,Concluído,2019,
2017101046,101,2017,Processo Seletivo,L6,M,15,Outro município,S,30.7,6.6,N,,0,Concluído,2019,
2017102001,102,2017,Processo Seletivo,L5,F,14,São Cristóvão,S,29.3,6.6,N,,0,Concluído,2019,
2017102002,102,2017,Processo Seletivo,AC,M,15,Aracaju,S,2.1,8.3,N,,0,Concluído,2019,
2017102003,102,2017,Processo Seletivo,L5,M,14,Aracaju,S,14.2,5.0,N,,3,Concluído,2022,
2017102004,102,2017,Processo Seletivo,L2,M,17,Aracaju,S,5.4,6.4,N,,0,Concluído,2019,
2017102005,102,2017,Processo Seletivo,AC,M,14,São Cristóvão,S,67.9,6.3,S,,1,Transferido,2018,Não informado
2017102006,102,2017,Processo Seletivo,L10,F,14,Aracaju,S,3.3,4.5,S,,3,Jubilado (desligado por reincidência),2019,Excedeu limite de retenções
2017102007,102,2017,Processo Seletivo,L5,M,14,Aracaju,S,14.7,7.3,N,,0,Concluído,2019,
2017102008,102,2017,Processo Seletivo,AC,M,15,Aracaju,S,5.3,9.1,N,,2,Concluído,2021,
2017102009,102,2017,Processo Seletivo,AC,M,15,Outro município,S,17.2,5.6,S,,2,Concluído,2021,
2017102010,102,2017,Processo Seletivo,L5,F,15,Aracaju,S,14.5,6.0,N,,0,Evadido,2020,Questões financeiras/transporte
2017102011,102,2017,Processo Seletivo,AC,F,15,Aracaju,N,7.2,7.3,S,,3,Concluído,2022,
2017102012,102,2017,Processo Seletivo,AC,M,14,Laranjeiras,N,48.6,8.8,S,,0,Evadido,2020,Dificuldade em Matemática/Física
2017102013,102,2017,Processo Seletivo,AC,F,15,Aracaju,N,7.8,6.6,N,,1,Evadido,2020,Retenção/reprovação
2017102014,102,2017,Processo Seletivo,L5,F,15,Nossa Senhora do Socorro,S,61.1,5.4,S,,0,Concluído,2019,
2017102015,102,2017,Processo Seletivo,L1,M,15,Aracaju,S,11.1,7.2,S,,2,Transferido,2019,Dificuldade em Matemática/Física
2017102016,102,2017,Processo Seletivo,L2,F,17,Nossa Senhora do Socorro,S,65.5,5.6,S,,0,Integralizado – pendente de estágio,2019,
2017102017,102,2017,Processo Seletivo,AC,M,16,Outro município,S,55.1,7.3,S,,0,Evadido,2020,Retenção/reprovação
2017102018,102,2017,Processo Seletivo,L9,M,15,Nossa Senhora do Socorro,S,56.7,4.6,N,,1,Concluído,2020,
2017102019,102,2017,Processo Seletivo,L2,M,14,Aracaju,S,8.0,7.2,N,,1,Transferido,2019,Questões financeiras/transporte
2017102020,102,2017,Processo Seletivo,L1,M,15,Outro município,S,36.5,6.8,N,,0,Evadido,2019,Retenção/reprovação
2017102021,102,2017,Processo Seletivo,AC,M,14,Nossa Senhora do Socorro,N,56.7,6.5,S,,0,Concluído,2019,
2017102022,102,2017,Processo Seletivo,L14,F,14,Aracaju,S,14.6,5.2,N,,0,Concluído,2019,
2017102023,102,2017,Processo Seletivo,AC,F,15,Nossa Senhora do Socorro,N,29.4,4.2,N,,1,Concluído,2020,
2017102024,102,2017,Processo Seletivo,L10,F,14,Aracaju,S,1.6,7.6,N,,1,Evadido,2020,Mudança de curso/escola
2017102025,102,2017,Processo Seletivo,L13,F,15,Aracaju,S,8.7,6.6,N,,1,Evadido,2020,Dificuldade em Matemática/Física
2017102026,102,2017,Processo Seletivo,AC,M,14,Aracaju,N,1.3,5.2,N,,3,Jubilado (desligado por reincidência),2019,Excedeu limite de retenções
2017102027,102,2017,Processo Seletivo,L5,M,14,Aracaju,S,8.7,7.7,S,,1,Concluído,2020,
2017102028,102,2017,Processo Seletivo,L14,F,14,Aracaju,S,6.1,5.9,N,,2,Evadido,2020,Mudança de curso/escola
2017102029,102,2017,Processo Seletivo,L5,F,14,Nossa Senhora do Socorro,S,24.2,7.8,N,,0,Concluído,2019,
2017102030,102,2017,Processo Seletivo,L6,M,14,Aracaju,S,5.4,6.4,S,,0,Evadido,2017,Dificuldade em Matemática/Física
2017102031,102,2017,Processo Seletivo,AC,F,15,Aracaju,N,13.4,7.9,N,,0,Concluído,2019,
2017102032,102,2017,Processo Seletivo,AC,M,16,Aracaju,N,10.4,7.2,S,,0,Concluído,2019,
2017102033,102,2017,Processo Seletivo,AC,F,14,São Cristóvão,S,34.5,6.3,N,,2,Evadido,2019,Dificuldade em Matemática/Física
2017102034,102,2017,Processo Seletivo,AC,M,15,Aracaju,N,11.7,6.0,N,,0,Evadido,2018,Dificuldade em Matemática/Física
2017102035,102,2017,Processo Seletivo,L6,F,15,Nossa Senhora do Socorro,S,56.5,4.6,N,,2,Concluído,2021,
2017102036,102,2017,Processo Seletivo,L2,M,15,Aracaju,S,2.9,6.0,S,,2,Evadido,2021,Abandono (sem frequência)
2017102037,102,2017,Processo Seletivo,L13,M,15,Outro município,S,38.4,5.9,N,,0,Transferido,2018,Mudança de curso/escola
2017102038,102,2017,Processo Seletivo,L14,F,14,Aracaju,S,5.0,6.6,N,,0,Transferido,2018,Não informado
2017102039,102,2017,Processo Seletivo,AC,M,14,Nossa Senhora do Socorro,S,20.0,5.7,N,,3,Jubilado (desligado por reincidência),2019,Excedeu limite de retenções
2017102040,102,2017,Processo Seletivo,AC,F,15,Itaporanga d'Ajuda,N,15.4,8.3,N,,1,Transferido,2020,Dificuldade em Matemática/Física
2017102041,102,2017,Processo Seletivo,L2,F,17,Aracaju,S,8.9,6.8,S,,2,Concluído,2021,
2017102042,102,2017,Processo Seletivo,L10,M,15,Barra dos Coqueiros,S,61.5,8.0,S,,0,Concluído,2019,
2017102043,102,2017,Processo Seletivo,L2,M,17,Aracaju,S,11.4,7.6,S,,0,Concluído,2019,
2017102044,102,2017,Processo Seletivo,L6,F,15,Aracaju,S,8.9,5.3,N,,1,Evadido,2019,Mudança de curso/escola
2017102045,102,2017,Processo Seletivo,AC,F,15,Barra dos Coqueiros,S,61.1,6.2,N,,2,Evadido,2020,Trabalho
2017102046,102,2017,Processo Seletivo,L1,F,15,Outro município,S,27.7,5.3,S,,0,Evadido,2017,Questões financeiras/transporte
2017103001,103,2017,Processo Seletivo,L13,M,15,Aracaju,S,5.0,5.2,S,,0,Transferido,2018,Mudança de curso/escola
2017103002,103,2017,Processo Seletivo,L2,M,15,Aracaju,S,1.2,6.8,S,,0,Concluído,2019,
2017103003,103,2017,Processo Seletivo,AC,M,16,Nossa Senhora do Socorro,N,37.8,6.9,N,,0,Evadido,2019,Retenção/reprovação
2017103004,103,2017,Processo Seletivo,AC,M,16,São Cristóvão,S,44.1,7.2,N,,0,Evadido,2017,Dificuldade em Matemática/Física
2017103005,103,2017,Processo Seletivo,L1,M,14,Estância,S,41.8,5.8,N,,0,Concluído,2019,
2017103006,103,2017,Processo Seletivo,AC,M,15,Aracaju,S,13.4,5.7,S,,0,Concluído,2019,
2017103007,103,2017,Processo Seletivo,AC,M,15,Aracaju,N,7.3,7.4,N,,1,Integralizado – pendente de estágio,2020,
2017103008,103,2017,Processo Seletivo,L14,F,14,Barra dos Coqueiros,S,41.5,4.6,N,,0,Transferido,2017,Questões financeiras/transporte
2017103009,103,2017,Processo Seletivo,AC,F,14,Aracaju,N,8.4,7.8,N,,0,Concluído,2019,
2017103010,103,2017,Processo Seletivo,AC,M,15,Aracaju,N,2.6,6.7,N,,0,Concluído,2019,
2017103011,103,2017,Processo Seletivo,L1,M,14,Outro município,S,25.9,8.3,S,,0,Concluído,2019,
2017103012,103,2017,Processo Seletivo,L14,M,14,Aracaju,S,14.7,6.1,N,,2,Evadido,2021,Mudança de curso/escola
2017103013,103,2017,Processo Seletivo,L1,M,14,São Cristóvão,S,41.9,4.1,N,,1,Evadido,2020,Questões financeiras/transporte
2017103014,103,2017,Processo Seletivo,AC,F,15,Outro município,N,69.1,7.4,N,,1,Concluído,2020,
2017103015,103,2017,Processo Seletivo,AC,M,14,Nossa Senhora do Socorro,S,13.2,7.3,N,,0,Evadido,2017,Retenção/reprovação
2017103016,103,2017,Processo Seletivo,L10,F,16,Nossa Senhora do Socorro,S,67.9,5.7,S,,0,Concluído,2019,
2017103017,103,2017,Processo Seletivo,AC,M,14,Aracaju,N,9.7,6.8,N,,2,Concluído,2021,
2017103018,103,2017,Processo Seletivo,AC,M,17,Itaporanga d'Ajuda,N,51.9,6.4,N,,0,Concluído,2019,
2017103019,103,2017,Processo Seletivo,L2,M,14,Aracaju,S,8.3,7.9,N,,0,Concluído,2019,
2017103020,103,2017,Processo Seletivo,L14,M,15,Nossa Senhora do Socorro,S,37.2,7.7,N,,0,Cancelado a pedido,2020,Trabalho
2017103021,103,2017,Processo Seletivo,L6,M,15,Nossa Senhora do Socorro,S,41.0,5.7,N,,1,Concluído,2020,
2017103022,103,2017,Processo Seletivo,L6,M,15,Outro município,S,37.1,8.2,N,,0,Concluído,2019,
2017103023,103,2017,Processo Seletivo,AC,F,17,Aracaju,S,9.1,6.7,N,,0,Concluído,2019,
2017103024,103,2017,Processo Seletivo,L2,M,15,Aracaju,S,7.7,6.5,S,,0,Concluído,2019,
2017103025,103,2017,Processo Seletivo,L10,F,14,Aracaju,S,3.3,7.3,N,,0,Cancelado a pedido,2020,Não informado
2017103026,103,2017,Processo Seletivo,L5,F,14,Nossa Senhora do Socorro,S,58.1,5.9,S,,0,Transferido,2018,Retenção/reprovação
2017103027,103,2017,Processo Seletivo,L6,M,14,Nossa Senhora do Socorro,S,55.2,4.1,N,,4,Jubilado (desligado por reincidência),2022,Excedeu limite de retenções
2017103028,103,2017,Processo Seletivo,L5,M,14,Barra dos Coqueiros,S,19.9,6.1,N,,2,Transferido,2021,Mudança de município
2017103029,103,2017,Processo Seletivo,L6,M,15,Nossa Senhora do Socorro,S,16.0,7.0,S,,1,Concluído,2020,
2017103030,103,2017,Processo Seletivo,AC,M,14,Aracaju,N,3.9,8.4,N,,0,Concluído,2019,
2017103031,103,2017,Processo Seletivo,L1,M,16,Itaporanga d'Ajuda,S,43.1,5.9,S,,0,Concluído,2019,
2017103032,103,2017,Processo Seletivo,L5,F,16,Nossa Senhora do Socorro,S,65.6,6.8,N,,0,Concluído,2019,
2017103033,103,2017,Processo Seletivo,L6,M,14,Aracaju,S,2.5,6.9,N,,0,Concluído,2019,
2017103034,103,2017,Processo Seletivo,L13,M,14,Aracaju,S,3.3,6.3,S,,1,Concluído,2020,
2017103035,103,2017,Processo Seletivo,L2,M,15,Laranjeiras,S,33.8,5.6,S,,1,Evadido,2020,Retenção/reprovação
2017103036,103,2017,Processo Seletivo,L5,M,15,Nossa Senhora do Socorro,S,51.4,5.7,S,,1,Concluído,2020,
2017103037,103,2017,Processo Seletivo,L6,M,15,Aracaju,S,1.8,4.0,N,,0,Evadido,2017,Trabalho
2017103038,103,2017,Processo Seletivo,L6,M,17,Aracaju,S,7.2,6.4,N,,3,Jubilado (desligado por reincidência),2021,Excedeu limite de retenções
2017103039,103,2017,Processo Seletivo,L13,M,15,Barra dos Coqueiros,S,12.0,7.7,N,,0,Concluído,2019,
2017103040,103,2017,Processo Seletivo,AC,M,15,Aracaju,N,1.6,6.2,N,,2,Transferido,2021,Dificuldade em Matemática/Física
2017103041,103,2017,Processo Seletivo,AC,M,15,Aracaju,N,5.1,5.2,N,,3,Evadido,2020,Trabalho
2017103042,103,2017,Processo Seletivo,AC,M,16,Itaporanga d'Ajuda,N,23.9,7.1,N,,0,Concluído,2019,
2017103043,103,2017,Processo Seletivo,L5,M,15,Laranjeiras,S,29.9,8.7,N,,0,Concluído,2019,
2017103044,103,2017,Processo Seletivo,L5,M,14,Aracaju,S,11.5,6.0,N,,0,Integralizado – pendente de estágio,2019,
2017103045,103,2017,Processo Seletivo,AC,M,14,Nossa Senhora do Socorro,S,46.7,7.5,N,,0,Concluído,2019,
2017103046,103,2017,Processo Seletivo,AC,M,14,São Cristóvão,N,65.2,7.9,S,,3,Concluído,2022,
2017104001,104,2017,Processo Seletivo,L2,F,14,Barra dos Coqueiros,S,49.5,7.1,S,,0,Evadido,2020,Mudança de curso/escola
2017104002,104,2017,Processo Seletivo,AC,M,15,Nossa Senhora do Socorro,N,28.3,7.5,N,,0,Evadido,2017,Aprovação em outra escola
2017104003,104,2017,Processo Seletivo,L1,F,16,Aracaju,S,12.6,6.8,N,,0,Concluído,2019,
2017104004,104,2017,Processo Seletivo,L13,F,14,Aracaju,S,12.3,7.7,N,,0,Concluído,2019,
2017104005,104,2017,Processo Seletivo,L5,F,16,Aracaju,S,7.3,3.9,N,,1,Concluído,2020,
2017104006,104,2017,Processo Seletivo,L14,M,16,São Cristóvão,S,19.5,5.6,S,,0,Concluído,2019,
2017104007,104,2017,Processo Seletivo,L14,F,14,Nossa Senhora do Socorro,S,18.2,5.5,N,,0,Concluído,2019,
2017104008,104,2017,Processo Seletivo,L2,F,17,Barra dos Coqueiros,S,62.3,4.3,N,,2,Cancelado a pedido,2020,Retenção/reprovação
2017104009,104,2017,Processo Seletivo,AC,M,14,Aracaju,S,7.7,8.8,N,,0,Concluído,2019,
2017104010,104,2017,Processo Seletivo,L5,M,14,São Cristóvão,S,43.5,6.3,N,,1,Concluído,2020,
2017104011,104,2017,Processo Seletivo,L2,F,14,Nossa Senhora do Socorro,S,42.1,6.4,S,,0,Concluído,2019,
2017104012,104,2017,Processo Seletivo,AC,M,14,Estância,N,50.8,8.7,N,,0,Concluído,2019,
2017104013,104,2017,Processo Seletivo,AC,F,14,Outro município,N,16.3,8.5,S,,0,Concluído,2019,
2017104014,104,2017,Processo Seletivo,L6,M,15,Outro município,S,48.9,6.4,N,,2,Concluído,2021,
2017104015,104,2017,Processo Seletivo,L2,M,15,Outro município,S,29.9,4.5,S,,0,Concluído,2019,
2017104016,104,2017,Processo Seletivo,AC,M,14,Aracaju,N,2.5,7.7,N,,0,Concluído,2019,
2017104017,104,2017,Processo Seletivo,L2,F,15,Aracaju,S,4.0,5.1,N,,0,Concluído,2019,
2017104018,104,2017,Processo Seletivo,AC,M,14,Aracaju,S,1.5,9.0,N,,0,Concluído,2019,
2017104019,104,2017,Processo Seletivo,L6,M,15,Nossa Senhora do Socorro,S,64.5,6.3,N,,0,Concluído,2019,
2017104020,104,2017,Processo Seletivo,AC,F,14,Aracaju,N,13.2,6.5,N,,0,Concluído,2019,
2017104021,104,2017,Processo Seletivo,L13,M,15,Aracaju,S,10.1,7.5,S,,1,Evadido,2019,Abandono (sem frequência)
2017104022,104,2017,Processo Seletivo,L6,F,15,Laranjeiras,S,68.2,5.4,N,,1,Concluído,2020,
2017104023,104,2017,Processo Seletivo,L2,F,14,Nossa Senhora do Socorro,S,69.1,7.0,N,,0,Concluído,2019,
2017104024,104,2017,Processo Seletivo,L5,F,16,Aracaju,S,8.7,6.0,N,,2,Concluído,2021,
2017104025,104,2017,Processo Seletivo,L6,M,14,Nossa Senhora do Socorro,S,39.5,6.8,N,,0,Concluído,2019,
2017104026,104,2017,Processo Seletivo,AC,M,14,Nossa Senhora do Socorro,N,37.1,7.0,N,,2,Evadido,2022,Questões financeiras/transporte
2017104027,104,2017,Processo Seletivo,AC,M,15,Nossa Senhora do Socorro,S,49.3,7.4,N,,0,Integralizado – pendente de estágio,2019,
2017104028,104,2017,Processo Seletivo,L1,M,14,Itaporanga d'Ajuda,S,28.0,7.7,S,,0,Concluído,2019,
2017104029,104,2017,Processo Seletivo,AC,F,14,São Cristóvão,N,68.1,7.5,N,,2,Concluído,2021,
2017104030,104,2017,Processo Seletivo,L5,M,14,Nossa Senhora do Socorro,S,37.2,6.2,N,,0,Evadido,2017,Aprovação em outra escola
2017104031,104,2017,Processo Seletivo,L6,F,14,Nossa Senhora do Socorro,S,63.3,8.6,N,,0,Concluído,2019,
2017104032,104,2017,Processo Seletivo,AC,M,14,São Cristóvão,S,28.4,7.7,N,,3,Jubilado (desligado por reincidência),2019,Excedeu limite de retenções
2017104033,104,2017,Processo Seletivo,L2,F,15,São Cristóvão,S,27.9,5.6,N,,0,Concluído,2019,
2017104034,104,2017,Processo Seletivo,L1,F,15,Nossa Senhora do Socorro,S,64.2,6.6,S,,0,Concluído,2019,
2017104035,104,2017,Processo Seletivo,L5,M,15,Estância,S,65.6,5.5,N,,0,Concluído,2019,
2017104036,104,2017,Processo Seletivo,L6,M,17,Aracaju,S,12.5,4.7,N,,2,Evadido,2021,Dificuldade em Matemática/Física
2017104037,104,2017,Processo Seletivo,L2,M,17,Nossa Senhora do Socorro,S,14.5,4.6,N,,0,Cancelado a pedido,2018,Não informado
2017104038,104,2017,Processo Seletivo,AC,F,15,Aracaju,N,5.5,6.6,N,,0,Concluído,2019,
2017104039,104,2017,Processo Seletivo,AC,M,15,Aracaju,N,6.5,7.3,N,,1,Concluído,2020,
2017104040,104,2017,Processo Seletivo,L5,M,14,Nossa Senhora do Socorro,S,22.7,5.1,N,,2,Evadido,2020,Retenção/reprovação
2017104041,104,2017,Processo Seletivo,AC,M,14,Nossa Senhora do Socorro,S,49.0,7.0,N,,1,Concluído,2020,
2017104042,104,2017,Processo Seletivo,AC,M,17,Aracaju,N,9.3,7.4,N,,0,Concluído,2019,
2017104043,104,2017,Processo Seletivo,L13,M,14,Aracaju,S,11.4,7.3,N,,0,Cancelado a pedido,2017,Retenção/reprovação
2017104044,104,2017,Processo Seletivo,L2,F,14,Aracaju,S,1.8,6.0,S,,1,Concluído,2020,
2017104045,104,2017,Processo Seletivo,L2,M,15,Aracaju,S,1.9,6.7,S,,0,Concluído,2019,
2017104046,104,2017,Processo Seletivo,AC,F,14,Laranjeiras,S,34.2,7.1,N,,0,Concluído,2019,
2017105001,105,2017,Processo Seletivo,AC,F,15,Nossa Senhora do Socorro,N,39.3,7.0,N,,1,Evadido,2019,Questões financeiras/transporte
2017105002,105,2017,Processo Seletivo,AC,M,14,Nossa Senhora do Socorro,N,49.7,7.3,S,,0,Evadido,2017,Aprovação em outra escola
2017105003,105,2017,Processo Seletivo,L6,F,14,Laranjeiras,S,57.5,6.1,N,,2,Evadido,2021,Trabalho
2017105004,105,2017,Processo Seletivo,AC,F,14,Aracaju,S,10.9,6.1,N,,1,Cancelado a pedido,2020,Retenção/reprovação
2017105005,105,2017,Processo Seletivo,L2,M,14,Aracaju,S,14.2,7.0,S,,0,Concluído,2019,
2017105006,105,2017,Processo Seletivo,AC,M,14,Nossa Senhora do Socorro,S,33.6,7.1,N,,1,Evadido,2019,Dificuldade de aprendizagem
2017105007,105,2017,Processo Seletivo,L1,F,14,Barra dos Coqueiros,S,29.0,6.8,S,,0,Concluído,2019,
2017105008,105,2017,Processo Seletivo,AC,F,14,Aracaju,S,2.8,7.2,S,,1,Cancelado a pedido,2018,Retenção/reprovação
2017105009,105,2017,Processo Seletivo,L6,F,15,Aracaju,S,13.9,8.5,N,,0,Concluído,2019,
2017105010,105,2017,Processo Seletivo,L6,M,16,Aracaju,S,10.1,6.4,N,,1,Concluído,2020,
2017105011,105,2017,Processo Seletivo,L1,F,14,Aracaju,S,5.7,4.0,N,,3,Jubilado (desligado por reincidência),2019,Excedeu limite de retenções
2017105012,105,2017,Processo Seletivo,AC,M,15,São Cristóvão,N,31.5,7.2,N,,0,Concluído,2019,
2017105013,105,2017,Processo Seletivo,L14,F,15,Aracaju,S,11.8,6.5,N,,0,Concluído,2019,
2017105014,105,2017,Processo Seletivo,L14,M,14,Aracaju,S,2.7,5.9,N,,1,Concluído,2020,
2017105015,105,2017,Processo Seletivo,L6,M,14,São Cristóvão,S,68.9,5.5,N,,0,Concluído,2019,
2017105016,105,2017,Processo Seletivo,L1,F,17,Nossa Senhora do Socorro,S,23.2,7.3,S,,0,Concluído,2019,
2017105017,105,2017,Processo Seletivo,L6,M,14,São Cristóvão,S,59.0,6.8,N,,0,Evadido,2020,Questões financeiras/transporte
2017105018,105,2017,Processo Seletivo,AC,M,14,Aracaju,S,4.1,5.4,S,,1,Integralizado – pendente de estágio,2020,
2017105019,105,2017,Processo Seletivo,L14,M,14,Laranjeiras,S,69.1,3.7,N,,3,Evadido,2023,Retenção/reprovação
2017105020,105,2017,Processo Seletivo,L10,F,14,Aracaju,S,13.0,8.7,S,,0,Concluído,2019,
2017105021,105,2017,Processo Seletivo,L6,M,14,Aracaju,S,7.8,4.7,N,,1,Concluído,2020,
2017105022,105,2017,Processo Seletivo,L2,F,15,Barra dos Coqueiros,S,15.9,5.5,S,,0,Evadido,2017,Mudança de município
2017105023,105,2017,Processo Seletivo,AC,F,15,Outro município,S,67.3,8.5,S,,0,Concluído,2019,
2017105024,105,2017,Processo Seletivo,AC,F,14,São Cristóvão,N,25.8,6.5,N,,1,Concluído,2020,
2017105025,105,2017,Processo Seletivo,L13,M,15,São Cristóvão,S,56.4,7.7,N,,0,Concluído,2019,
2017105026,105,2017,Processo Seletivo,L14,F,17,Aracaju,S,12.7,6.9,N,,0,Concluído,2019,
2017105027,105,2017,Processo Seletivo,L5,F,15,Aracaju,S,14.2,6.6,N,,0,Evadido,2020,Dificuldade em Matemática/Física
2017105028,105,2017,Processo Seletivo,L13,F,14,Nossa Senhora do Socorro,S,58.5,6.3,N,,1,Evadido,2020,Mudança de curso/escola
2017105029,105,2017,Processo Seletivo,L14,F,15,Laranjeiras,S,12.7,6.2,N,,1,Evadido,2020,Retenção/reprovação
2017105030,105,2017,Processo Seletivo,L6,M,14,Nossa Senhora do Socorro,S,45.8,6.5,N,,0,Evadido,2017,Trabalho
2017105031,105,2017,Processo Seletivo,L2,F,17,Laranjeiras,S,52.4,7.3,S,,1,Concluído,2020,
2017105032,105,2017,Processo Seletivo,L6,F,14,Nossa Senhora do Socorro,S,43.2,5.1,S,,0,Concluído,2019,
2017105033,105,2017,Processo Seletivo,AC,M,14,Outro município,S,22.8,5.9,N,,1,Concluído,2020,
2017105034,105,2017,Processo Seletivo,L2,F,14,Outro município,S,31.0,7.6,N,,1,Concluído,2020,
2017105035,105,2017,Processo Seletivo,L2,F,14,Aracaju,S,4.4,5.6,S,,0,Concluído,2019,
2017105036,105,2017,Processo Seletivo,L1,M,14,Nossa Senhora do Socorro,S,19.8,4.8,N,,2,Transferido,2022,Questões financeiras/transporte
2017105037,105,2017,Processo Seletivo,L14,M,14,Aracaju,S,13.6,4.9,N,,2,Integralizado – pendente de estágio,2021,
2017105038,105,2017,Processo Seletivo,L2,F,14,Itaporanga d'Ajuda,S,44.7,6.9,S,,0,Cancelado a pedido,2017,Retenção/reprovação
2017105039,105,2017,Processo Seletivo,L13,F,14,Nossa Senhora do Socorro,S,39.8,5.5,N,,2,Concluído,2021,
2017105040,105,2017,Processo Seletivo,L2,F,14,Laranjeiras,S,30.4,8.3,S,,0,Concluído,2019,
2017105041,105,2017,Processo Seletivo,AC,F,16,Nossa Senhora do Socorro,N,57.5,8.2,N,,1,Concluído,2020,
2017106001,106,2017,Processo Seletivo,AC,F,14,Nossa Senhora do Socorro,N,13.3,7.5,N,,0,Concluído,2019,
2017106002,106,2017,Processo Seletivo,L6,F,14,Aracaju,S,7.9,4.9,S,,0,Concluído,2019,
2017106003,106,2017,Processo Seletivo,L2,M,15,São Cristóvão,S,57.7,6.0,S,,0,Concluído,2019,
2017106004,106,2017,Processo Seletivo,L6,F,14,São Cristóvão,S,17.1,5.7,N,,0,Concluído,2019,
2017106005,106,2017,Processo Seletivo,L6,M,14,Barra dos Coqueiros,S,66.2,4.7,N,,0,Concluído,2019,
2017106006,106,2017,Processo Seletivo,L1,F,16,Aracaju,S,1.9,5.1,S,,3,Evadido,2022,Questões financeiras/transporte
2017106007,106,2017,Processo Seletivo,L5,F,16,Aracaju,S,8.3,5.7,N,,0,Transferido,2017,Aprovação em outra escola
2017106008,106,2017,Processo Seletivo,AC,M,15,Aracaju,N,8.3,8.6,S,,0,Concluído,2019,
2017106009,106,2017,Processo Seletivo,L6,F,15,Aracaju,S,8.6,6.1,N,,0,Concluído,2019,
2017106010,106,2017,Processo Seletivo,L5,F,15,Aracaju,S,3.0,6.0,N,,0,Concluído,2019,
2017106011,106,2017,Processo Seletivo,L6,M,15,Aracaju,S,11.9,5.9,S,,2,Concluído,2021,
2017106012,106,2017,Processo Seletivo,AC,M,15,Nossa Senhora do Socorro,N,51.0,7.5,N,,0,Evadido,2019,Dificuldade em Matemática/Física
2017106013,106,2017,Processo Seletivo,L5,F,14,Nossa Senhora do Socorro,S,17.9,6.2,N,,0,Concluído,2019,
2017106014,106,2017,Processo Seletivo,AC,F,15,Aracaju,S,6.4,7.7,N,,1,Concluído,2020,
2017106015,106,2017,Processo Seletivo,L6,F,16,Aracaju,S,10.5,5.6,N,,1,Concluído,2020,
2017106016,106,2017,Processo Seletivo,L5,F,16,Aracaju,S,3.5,7.4,N,,0,Concluído,2019,
2017106017,106,2017,Processo Seletivo,AC,F,16,Aracaju,S,10.2,8.6,N,,0,Concluído,2019,
2017106018,106,2017,Processo Seletivo,AC,F,17,Aracaju,S,6.1,8.3,N,,0,Integralizado – pendente de estágio,2019,
2017106019,106,2017,Processo Seletivo,L5,M,14,Laranjeiras,S,13.9,6.3,N,,0,Concluído,2019,
2017106020,106,2017,Processo Seletivo,AC,M,15,Laranjeiras,S,63.1,7.3,N,,0,Concluído,2019,
2017106021,106,2017,Processo Seletivo,AC,F,15,Aracaju,S,8.3,9.1,N,,0,Concluído,2019,
2017106022,106,2017,Processo Seletivo,AC,M,15,Nossa Senhora do Socorro,N,30.1,7.0,N,,0,Concluído,2019,
2017106023,106,2017,Processo Seletivo,AC,M,15,Nossa Senhora do Socorro,S,19.7,7.4,N,,0,Concluído,2019,
2017106024,106,2017,Processo Seletivo,L1,F,14,Laranjeiras,S,50.1,7.6,N,,3,Jubilado (desligado por reincidência),2021,Excedeu limite de retenções
2017106025,106,2017,Processo Seletivo,L6,M,16,São Cristóvão,S,66.2,5.4,N,,1,Cancelado a pedido,2020,Não informado
2017106026,106,2017,Processo Seletivo,L6,F,15,Aracaju,S,13.3,7.5,N,,0,Concluído,2019,
2017106027,106,2017,Processo Seletivo,AC,M,15,Aracaju,N,9.8,7.7,N,,0,Concluído,2019,
2017106028,106,2017,Processo Seletivo,L6,F,14,Aracaju,S,2.1,5.6,N,,0,Concluído,2019,
2017106029,106,2017,Processo Seletivo,L6,M,14,Aracaju,S,4.1,6.7,N,,0,Concluído,2019,
2017106030,106,2017,Processo Seletivo,L5,F,15,Aracaju,S,8.7,6.8,S,,0,Concluído,2019,
2017106031,106,2017,Processo Seletivo,L1,M,14,Aracaju,S,12.2,5.9,S,,0,Concluído,2019,
2017106032,106,2017,Processo Seletivo,L9,F,15,Aracaju,S,3.0,7.4,S,,0,Concluído,2019,
2017106033,106,2017,Processo Seletivo,AC,M,14,Aracaju,S,1.1,7.5,S,,0,Concluído,2019,
2017106034,106,2017,Processo Seletivo,AC,F,15,Aracaju,N,8.1,7.0,N,,2,Concluído,2021,
2017106035,106,2017,Processo Seletivo,L13,F,15,Nossa Senhora do Socorro,S,67.9,6.4,N,,2,Evadido,2019,Questões financeiras/transporte
2017106036,106,2017,Processo Seletivo,AC,M,15,Nossa Senhora do Socorro,N,15.1,6.9,N,,2,Concluído,2021,
2017106037,106,2017,Processo Seletivo,L1,F,14,São Cristóvão,S,15.7,6.9,S,,1,Evadido,2019,Mudança de curso/escola
2017106038,106,2017,Processo Seletivo,L9,M,15,Aracaju,S,2.8,4.9,S,,0,Concluído,2019,
2017106039,106,2017,Processo Seletivo,L14,F,15,São Cristóvão,S,19.9,7.3,N,,0,Concluído,2019,
2017106040,106,2017,Processo Seletivo,L2,M,15,Aracaju,S,7.4,5.2,S,,0,Concluído,2019,
2017106041,106,2017,Processo Seletivo,AC,F,15,Itaporanga d'Ajuda,N,38.3,5.8,N,,0,Transferido,2020,Retenção/reprovação
2018101001,101,2018,Processo Seletivo,L1,M,15,Laranjeiras,S,20.5,4.2,S,,4,Transferido,2024,Dificuldade em Matemática/Física
2018101002,101,2018,Processo Seletivo,L9,M,15,Aracaju,S,13.5,8.1,S,,0,Concluído,2020,
2018101003,101,2018,Processo Seletivo,L5,M,16,Aracaju,S,1.2,4.8,N,,0,Concluído,2020,
2018101004,101,2018,Processo Seletivo,L13,M,14,Aracaju,S,2.7,7.3,N,,0,Evadido,2020,Questões financeiras/transporte
2018101005,101,2018,Processo Seletivo,L5,M,15,Nossa Senhora do Socorro,S,31.1,6.9,N,,0,Concluído,2020,
2018101006,101,2018,Processo Seletivo,L1,F,17,Nossa Senhora do Socorro,S,18.7,6.6,S,,1,Concluído,2021,
2018101007,101,2018,Processo Seletivo,L13,M,15,Aracaju,S,11.5,8.3,S,,0,Concluído,2020,
2018101008,101,2018,Processo Seletivo,AC,F,14,Itaporanga d'Ajuda,N,56.0,7.0,N,,0,Concluído,2020,
2018101009,101,2018,Processo Seletivo,L5,M,14,Aracaju,S,6.1,7.1,N,,0,Transferido,2019,Dificuldade em Matemática/Física
2018101010,101,2018,Processo Seletivo,L2,M,14,Outro município,S,14.1,4.1,S,,1,Evadido,2020,Dificuldade em Matemática/Física
2018101011,101,2018,Processo Seletivo,L1,F,15,Aracaju,S,4.0,6.8,N,,1,Transferido,2020,Retenção/reprovação
2018101012,101,2018,Processo Seletivo,AC,M,16,Outro município,N,32.8,8.7,S,,0,Concluído,2020,
2018101013,101,2018,Processo Seletivo,L13,M,15,Aracaju,S,13.9,7.2,N,,1,Transferido,2022,Retenção/reprovação
2018101014,101,2018,Processo Seletivo,L2,M,14,Aracaju,S,13.6,8.4,S,,0,Evadido,2018,Não informado
2018101015,101,2018,Processo Seletivo,AC,F,14,Aracaju,S,12.2,5.8,N,,0,Concluído,2020,
2018101016,101,2018,Processo Seletivo,L6,M,14,Nossa Senhora do Socorro,S,29.6,6.6,N,,0,Concluído,2020,
2018101017,101,2018,Processo Seletivo,L1,M,15,Nossa Senhora do Socorro,S,57.3,6.8,S,,1,Evadido,2020,Retenção/reprovação
2018101018,101,2018,Processo Seletivo,L13,M,14,Outro município,S,20.6,5.4,N,,0,Evadido,2018,Abandono (sem frequência)
2018101019,101,2018,Processo Seletivo,L1,M,15,Nossa Senhora do Socorro,S,44.7,6.3,S,,0,Evadido,2019,Abandono (sem frequência)
2018101020,101,2018,Processo Seletivo,L1,M,14,Aracaju,S,13.4,7.0,N,,3,Concluído,2023,
2018101021,101,2018,Processo Seletivo,L1,M,16,Aracaju,S,12.6,5.0,S,,0,Concluído,2020,
2018101022,101,2018,Processo Seletivo,L6,M,14,Aracaju,S,15.0,6.0,N,,2,Concluído,2022,
2018101023,101,2018,Processo Seletivo,L2,M,15,São Cristóvão,S,55.8,5.5,N,,2,Evadido,2021,Aprovação em outra escola
2018101024,101,2018,Processo Seletivo,L9,F,15,Nossa Senhora do Socorro,S,37.4,7.0,N,,2,Cancelado a pedido,2023,Dificuldade em Matemática/Física
2018101025,101,2018,Processo Seletivo,AC,M,14,Aracaju,S,9.3,7.4,N,,1,Cancelado a pedido,2021,Dificuldade em Matemática/Física
2018101026,101,2018,Processo Seletivo,L5,F,14,São Cristóvão,S,24.6,5.6,N,,2,Evadido,2020,Mudança de curso/escola
2018101027,101,2018,Processo Seletivo,L1,F,15,São Cristóvão,S,31.6,7.0,S,,0,Evadido,2019,Não informado
2018101028,101,2018,Processo Seletivo,AC,F,14,Aracaju,S,6.9,7.4,N,,1,Concluído,2021,
2018101029,101,2018,Processo Seletivo,L1,F,16,Barra dos Coqueiros,S,49.7,7.6,S,,0,Cancelado a pedido,2018,Retenção/reprovação
2018101030,101,2018,Processo Seletivo,L5,M,15,Aracaju,S,2.9,7.4,N,,0,Concluído,2020,
2018101031,101,2018,Processo Seletivo,L5,M,15,Nossa Senhora do Socorro,S,35.6,6.6,N,,0,Evadido,2018,Trabalho
2018101032,101,2018,Processo Seletivo,AC,M,14,Itaporanga d'Ajuda,N,33.3,6.8,N,,0,Evadido,2021,Mudança de curso/escola
2018101033,101,2018,Processo Seletivo,L2,M,14,Aracaju,S,11.3,5.7,S,,1,Evadido,2019,Mudança de curso/escola
2018101034,101,2018,Processo Seletivo,AC,M,14,Outro município,N,46.1,5.9,N,,0,Concluído,2020,
2018101035,101,2018,Processo Seletivo,L6,M,16,Barra dos Coqueiros,S,49.5,5.8,N,,2,Concluído,2022,
2018101036,101,2018,Processo Seletivo,AC,M,15,Aracaju,S,10.8,7.6,N,,0,Concluído,2020,
2018101037,101,2018,Processo Seletivo,L14,M,15,Barra dos Coqueiros,S,13.3,7.1,N,,0,Evadido,2020,Retenção/reprovação
2018101038,101,2018,Processo Seletivo,L6,M,14,Itaporanga d'Ajuda,S,57.3,5.4,N,,2,Evadido,2021,Trabalho
2018101039,101,2018,Processo Seletivo,L1,M,16,Aracaju,S,12.9,7.4,N,,0,Transferido,2018,Abandono (sem frequência)
2018101040,101,2018,Processo Seletivo,AC,M,15,Aracaju,S,7.9,7.9,N,,0,Evadido,2021,Questões financeiras/transporte
2018101041,101,2018,Processo Seletivo,AC,F,15,Barra dos Coqueiros,N,23.3,7.4,N,,0,Concluído,2020,
2018101042,101,2018,Processo Seletivo,AC,M,15,São Cristóvão,S,33.7,8.2,N,,1,Evadido,2020,Retenção/reprovação
2018101043,101,2018,Processo Seletivo,L5,M,15,Itaporanga d'Ajuda,S,43.5,4.7,S,,2,Transferido,2022,Mudança de curso/escola
2018101044,101,2018,Processo Seletivo,L2,M,15,Aracaju,S,4.3,6.9,N,,1,Concluído,2021,
2018101045,101,2018,Processo Seletivo,AC,M,16,Laranjeiras,N,42.1,6.5,N,,0,Evadido,2019,Não informado
2018102001,102,2018,Processo Seletivo,L2,M,14,Outro município,S,37.9,8.0,S,,1,Evadido,2019,Dificuldade em Matemática/Física
2018102002,102,2018,Processo Seletivo,AC,F,14,Aracaju,N,4.5,7.6,N,,0,Concluído,2020,
2018102003,102,2018,Processo Seletivo,L1,M,15,Aracaju,S,13.3,7.0,S,,1,Concluído,2021,
2018102004,102,2018,Processo Seletivo,L10,M,15,Aracaju,S,2.3,6.0,S,,1,Evadido,2020,Retenção/reprovação
2018102005,102,2018,Processo Seletivo,L5,M,14,Aracaju,S,7.1,7.8,N,,0,Cancelado a pedido,2020,Dificuldade em Matemática/Física
2018102006,102,2018,Processo Seletivo,AC,M,14,São Cristóvão,S,27.7,7.9,N,,0,Transferido,2018,Mudança de município
2018102007,102,2018,Processo Seletivo,L13,M,15,Aracaju,S,12.0,8.5,N,,1,Evadido,2021,Retenção/reprovação
2018102008,102,2018,Processo Seletivo,L1,M,15,Nossa Senhora do Socorro,S,42.1,7.6,N,,0,Concluído,2020,
2018102009,102,2018,Processo Seletivo,L6,M,15,Aracaju,S,6.2,7.5,N,,0,Concluído,2020,
2018102010,102,2018,Processo Seletivo,AC,M,14,Nossa Senhora do Socorro,N,16.9,6.5,S,,0,Concluído,2020,
2018102011,102,2018,Processo Seletivo,L6,M,16,São Cristóvão,S,32.9,5.4,N,,0,Concluído,2020,
2018102012,102,2018,Processo Seletivo,L1,M,15,Nossa Senhora do Socorro,S,46.2,8.0,S,,1,Concluído,2021,
2018102013,102,2018,Processo Seletivo,L5,M,14,Nossa Senhora do Socorro,S,68.0,6.7,N,,0,Concluído,2020,
2018102014,102,2018,Processo Seletivo,L10,M,14,Aracaju,S,8.0,6.1,S,,0,Concluído,2020,
2018102015,102,2018,Processo Seletivo,AC,M,14,Aracaju,S,5.8,6.8,N,,0,Concluído,2020,
2018102016,102,2018,Processo Seletivo,AC,M,14,Estância,N,63.7,7.7,S,,0,Concluído,2020,
2018102017,102,2018,Processo Seletivo,L5,M,15,Nossa Senhora do Socorro,S,38.1,6.2,N,,1,Concluído,2021,
2018102018,102,2018,Processo Seletivo,L2,M,14,Nossa Senhora do Socorro,S,65.6,7.0,N,,0,Concluído,2020,
2018102019,102,2018,Processo Seletivo,L9,M,15,São Cristóvão,S,25.1,6.1,S,,0,Concluído,2020,
2018102020,102,2018,Processo Seletivo,AC,M,15,Nossa Senhora do Socorro,N,13.5,6.9,N,,2,Transferido,2021,Dificuldade em Matemática/Física
2018102021,102,2018,Processo Seletivo,AC,M,14,Aracaju,N,2.4,7.2,N,,3,Evadido,2023,Mudança de curso/escola
2018102022,102,2018,Processo Seletivo,AC,M,15,Aracaju,S,6.0,4.6,N,,0,Evadido,2019,Retenção/reprovação
2018102023,102,2018,Processo Seletivo,L1,F,14,Aracaju,S,6.1,6.5,N,,1,Concluído,2021,
2018102024,102,2018,Processo Seletivo,L1,M,14,Aracaju,S,6.8,7.1,S,,0,Concluído,2020,
2018102025,102,2018,Processo Seletivo,AC,M,14,Nossa Senhora do Socorro,S,48.1,5.5,N,,2,Evadido,2022,Dificuldade em Matemática/Física
2018102026,102,2018,Processo Seletivo,L1,M,14,Aracaju,S,7.2,5.5,S,,1,Evadido,2021,Retenção/reprovação
2018102027,102,2018,Processo Seletivo,L1,M,14,São Cristóvão,S,44.0,6.2,N,,1,Transferido,2020,Questões financeiras/transporte
2018102028,102,2018,Processo Seletivo,AC,M,16,Nossa Senhora do Socorro,N,41.1,6.0,N,,0,Concluído,2020,
2018102029,102,2018,Processo Seletivo,AC,M,15,Nossa Senhora do Socorro,S,61.2,6.0,N,,0,Evadido,2018,Trabalho
2018102030,102,2018,Processo Seletivo,L6,M,15,Aracaju,S,10.7,5.5,N,,0,Evadido,2020,Retenção/reprovação
2018102031,102,2018,Processo Seletivo,L5,F,14,Laranjeiras,S,40.3,5.9,N,,0,Concluído,2020,
2018102032,102,2018,Processo Seletivo,AC,F,15,Aracaju,S,1.1,8.5,S,,0,Evadido,2019,Questões financeiras/transporte
2018102033,102,2018,Processo Seletivo,AC,M,16,Aracaju,N,10.1,9.1,N,,2,Concluído,2022,
2018102034,102,2018,Processo Seletivo,AC,F,14,Barra dos Coqueiros,N,21.5,8.8,N,,1,Concluído,2021,
2018102035,102,2018,Processo Seletivo,L13,M,14,São Cristóvão,S,33.6,4.5,S,,1,Cancelado a pedido,2019,Questões financeiras/transporte
2018102036,102,2018,Processo Seletivo,L2,M,15,Aracaju,S,7.5,8.3,S,,3,Jubilado (desligado por reincidência),2022,Excedeu limite de retenções
2018102037,102,2018,Processo Seletivo,AC,M,15,Aracaju,N,11.2,7.4,N,,0,Evadido,2018,Mudança de curso/escola
2018102038,102,2018,Processo Seletivo,L6,M,15,Aracaju,S,4.6,7.1,N,,0,Cancelado a pedido,2021,Retenção/reprovação
2018102039,102,2018,Processo Seletivo,L2,M,14,Outro município,S,48.5,7.3,N,,0,Evadido,2019,Mudança de curso/escola
2018102040,102,2018,Processo Seletivo,L14,M,15,São Cristóvão,S,60.4,6.1,N,,0,Concluído,2020,
2018102041,102,2018,Processo Seletivo,AC,F,14,Nossa Senhora do Socorro,S,49.4,7.1,N,,1,Transferido,2021,Não informado
2018102042,102,2018,Processo Seletivo,L6,M,14,Aracaju,S,14.5,5.8,S,,0,Concluído,2020,
2018102043,102,2018,Processo Seletivo,AC,F,16,Aracaju,N,14.7,8.3,N,,0,Evadido,2019,Dificuldade em Matemática/Física
2018102044,102,2018,Processo Seletivo,L6,M,16,São Cristóvão,S,48.5,5.3,N,,0,Evadido,2021,Retenção/reprovação
2018102045,102,2018,Processo Seletivo,L10,M,14,Nossa Senhora do Socorro,S,36.2,5.3,S,,1,Concluído,2021,
2018102046,102,2018,Processo Seletivo,L5,M,14,São Cristóvão,S,42.9,7.9,N,,0,Concluído,2020,
2018102047,102,2018,Processo Seletivo,L14,M,15,Aracaju,S,7.1,6.2,N,,2,Concluído,2022,
2018103001,103,2018,Processo Seletivo,AC,M,15,Aracaju,N,3.5,8.2,N,,0,Concluído,2020,
2018103002,103,2018,Processo Seletivo,L5,M,15,Aracaju,S,9.9,7.4,N,,0,Concluído,2020,
2018103003,103,2018,Processo Seletivo,AC,F,14,Aracaju,N,14.5,8.0,N,,0,Concluído,2020,
2018103004,103,2018,Processo Seletivo,L14,M,16,Nossa Senhora do Socorro,S,69.8,7.0,N,,1,Concluído,2021,
2018103005,103,2018,Processo Seletivo,AC,M,15,São Cristóvão,N,32.5,6.6,N,,1,Evadido,2019,Dificuldade em Matemática/Física
2018103006,103,2018,Processo Seletivo,AC,M,14,Aracaju,N,5.7,6.1,N,,0,Integralizado – pendente de estágio,2020,
2018103007,103,2018,Processo Seletivo,L1,M,15,Aracaju,S,4.1,6.4,N,,1,Concluído,2021,
2018103008,103,2018,Processo Seletivo,L1,M,14,Aracaju,S,4.2,4.3,S,,0,Concluído,2020,
2018103009,103,2018,Processo Seletivo,L2,F,14,Aracaju,S,9.6,6.0,N,,1,Concluído,2021,
2018103010,103,2018,Processo Seletivo,AC,F,14,São Cristóvão,S,33.8,5.7,N,,1,Evadido,2021,Não informado
2018103011,103,2018,Processo Seletivo,AC,F,15,Aracaju,N,6.8,7.8,N,,0,Concluído,2020,
2018103012,103,2018,Processo Seletivo,L2,M,15,Aracaju,S,14.0,5.2,N,,2,Concluído,2022,
2018103013,103,2018,Processo Seletivo,L6,F,15,Aracaju,S,10.2,3.4,N,,1,Cancelado a pedido,2021,Mudança de município
2018103014,103,2018,Processo Seletivo,AC,M,14,Nossa Senhora do Socorro,N,66.8,4.7,N,,1,Concluído,2021,
2018103015,103,2018,Processo Seletivo,L1,M,15,São Cristóvão,S,64.3,7.4,S,,2,Evadido,2022,Trabalho
2018103016,103,2018,Processo Seletivo,L9,F,15,Aracaju,S,10.0,7.0,N,,0,Concluído,2020,
2018103017,103,2018,Processo Seletivo,L13,M,14,Nossa Senhora do Socorro,S,42.8,5.0,N,,2,Transferido,2022,Trabalho
2018103018,103,2018,Processo Seletivo,L1,M,15,São Cristóvão,S,28.7,7.5,N,,0,Concluído,2020,
2018103019,103,2018,Processo Seletivo,AC,M,17,Aracaju,S,2.4,8.6,S,,0,Integralizado – pendente de estágio,2020,
2018103020,103,2018,Processo Seletivo,AC,F,15,Aracaju,S,13.6,6.7,N,,0,Concluído,2020,
2018103021,103,2018,Processo Seletivo,AC,M,14,Aracaju,N,15.0,8.0,N,,0,Concluído,2020,
2018103022,103,2018,Processo Seletivo,AC,F,16,Nossa Senhora do Socorro,S,65.6,6.3,N,,2,Integralizado – pendente de estágio,2022,
2018103023,103,2018,Processo Seletivo,AC,F,15,Aracaju,N,6.2,9.1,N,,0,Concluído,2020,
2018103024,103,2018,Processo Seletivo,L5,M,15,Itaporanga d'Ajuda,S,39.0,6.8,N,,0,Evadido,2019,Não informado
2018103025,103,2018,Processo Seletivo,AC,F,14,São Cristóvão,S,36.1,8.6,S,,0,Concluído,2020,
2018103026,103,2018,Processo Seletivo,L2,M,15,Aracaju,S,5.4,5.8,N,,2,Evadido,2021,Dificuldade de aprendizagem
2018103027,103,2018,Processo Seletivo,L2,M,14,Aracaju,S,8.8,6.0,N,,1,Concluído,2021,
2018103028,103,2018,Processo Seletivo,L5,M,16,Aracaju,S,3.1,5.4,N,,3,Jubilado (desligado por reincidência),2022,Excedeu limite de retenções
2018103029,103,2018,Processo Seletivo,L1,F,15,Outro município,S,47.9,9.8,S,,0,Transferido,2018,Mudança de município
2018103030,103,2018,Processo Seletivo,L1,M,16,Aracaju,S,8.2,5.3,N,,0,Evadido,2019,Aprovação em outra escola
2018103031,103,2018,Processo Seletivo,L2,F,14,Nossa Senhora do Socorro,S,56.0,7.7,S,,1,Concluído,2021,
2018103032,103,2018,Processo Seletivo,AC,M,17,Aracaju,N,4.2,5.3,N,,0,Concluído,2020,
2018103033,103,2018,Processo Seletivo,L2,F,15,São Cristóvão,S,37.6,6.9,N,,0,Transferido,2018,Retenção/reprovação
2018103034,103,2018,Processo Seletivo,L6,M,15,Aracaju,S,5.3,5.1,N,,4,Concluído,2024,
2018103035,103,2018,Processo Seletivo,L13,M,14,Aracaju,S,5.1,6.9,N,,1,Concluído,2021,
2018103036,103,2018,Processo Seletivo,L1,F,17,Aracaju,S,11.1,5.4,S,,0,Concluído,2020,
2018103037,103,2018,Processo Seletivo,AC,M,14,Aracaju,N,5.2,7.5,N,,0,Concluído,2020,
2018103038,103,2018,Processo Seletivo,L6,M,14,Aracaju,S,14.5,4.9,N,,1,Evadido,2020,Não informado
2018103039,103,2018,Processo Seletivo,AC,F,16,Aracaju,S,10.7,8.5,N,,0,Concluído,2020,
2018103040,103,2018,Processo Seletivo,L2,M,14,Barra dos Coqueiros,S,49.4,5.0,S,,3,Jubilado (desligado por reincidência),2022,Excedeu limite de retenções
2018103041,103,2018,Processo Seletivo,L1,M,14,São Cristóvão,S,13.5,4.7,S,,0,Transferido,2020,Trabalho
2018103042,103,2018,Processo Seletivo,L1,F,15,Aracaju,S,2.2,6.9,S,,1,Evadido,2021,Aprovação em outra escola
2018103043,103,2018,Processo Seletivo,AC,M,14,Aracaju,S,3.0,5.1,N,,1,Concluído,2021,
2018103044,103,2018,Processo Seletivo,AC,M,15,Aracaju,N,11.6,8.2,N,,1,Evadido,2020,Retenção/reprovação
2018103045,103,2018,Processo Seletivo,L2,M,15,São Cristóvão,S,15.9,6.3,N,,0,Integralizado – pendente de estágio,2020,
2018103046,103,2018,Processo Seletivo,AC,M,14,Nossa Senhora do Socorro,S,51.0,8.2,N,,0,Concluído,2020,
2018103047,103,2018,Processo Seletivo,L2,F,14,Nossa Senhora do Socorro,S,37.8,8.5,S,,0,Concluído,2020,
2018104001,104,2018,Processo Seletivo,AC,F,14,Aracaju,S,5.7,3.9,N,,0,Evadido,2019,Dificuldade em Matemática/Física
2018104002,104,2018,Processo Seletivo,L10,F,14,Aracaju,S,12.0,4.9,N,,0,Concluído,2020,
2018104003,104,2018,Processo Seletivo,AC,M,15,Nossa Senhora do Socorro,N,15.5,5.5,N,,0,Concluído,2020,
2018104004,104,2018,Processo Seletivo,AC,F,14,Aracaju,N,1.5,8.0,N,,2,Evadido,2022,Retenção/reprovação
2018104005,104,2018,Processo Seletivo,AC,F,15,Aracaju,N,13.1,5.6,S,,0,Concluído,2020,
2018104006,104,2018,Processo Seletivo,L5,F,17,Aracaju,S,8.6,5.4,N,,0,Concluído,2020,
2018104007,104,2018,Processo Seletivo,AC,M,14,Aracaju,N,11.2,8.8,N,,0,Integralizado – pendente de estágio,2020,
2018104008,104,2018,Processo Seletivo,AC,M,14,São Cristóvão,N,27.7,5.8,N,,1,Evadido,2022,Dificuldade em Matemática/Física
2018104009,104,2018,Processo Seletivo,AC,F,15,Aracaju,S,8.2,8.3,S,,0,Concluído,2020,
2018104010,104,2018,Processo Seletivo,AC,M,15,Nossa Senhora do Socorro,S,20.4,7.3,N,,0,Concluído,2020,
2018104011,104,2018,Processo Seletivo,L9,F,15,Barra dos Coqueiros,S,33.9,7.6,S,,2,Concluído,2022,
2018104012,104,2018,Processo Seletivo,AC,M,14,Barra dos Coqueiros,N,61.6,5.2,N,,2,Evadido,2021,Questões financeiras/transporte
2018104013,104,2018,Processo Seletivo,L6,F,14,Aracaju,S,1.3,5.9,N,,0,Concluído,2020,
2018104014,104,2018,Processo Seletivo,L2,M,14,Nossa Senhora do Socorro,S,39.8,8.2,S,,0,Concluído,2020,
2018104015,104,2018,Processo Seletivo,L5,F,15,Laranjeiras,S,15.1,6.9,N,,1,Concluído,2021,
2018104016,104,2018,Processo Seletivo,AC,M,15,Nossa Senhora do Socorro,S,27.7,5.4,N,,0,Concluído,2020,
2018104017,104,2018,Processo Seletivo,AC,F,14,Aracaju,S,10.1,7.9,N,,0,Concluído,2020,
2018104018,104,2018,Processo Seletivo,L1,M,15,Aracaju,S,8.2,6.5,N,,0,Concluído,2020,
2018104019,104,2018,Processo Seletivo,L2,F,14,Nossa Senhora do Socorro,S,26.6,7.1,S,,0,Concluído,2020,
2018104020,104,2018,Processo Seletivo,AC,F,15,Nossa Senhora do Socorro,S,22.0,8.9,N,,1,Evadido,2021,Questões financeiras/transporte
2018104021,104,2018,Processo Seletivo,L5,F,14,Outro município,S,17.9,7.9,N,,0,Concluído,2020,
2018104022,104,2018,Processo Seletivo,AC,M,14,Nossa Senhora do Socorro,S,28.7,6.2,N,,1,Concluído,2021,
2018104023,104,2018,Processo Seletivo,AC,M,14,Nossa Senhora do Socorro,S,34.2,7.1,S,,0,Cancelado a pedido,2019,Trabalho
2018104024,104,2018,Processo Seletivo,L14,M,15,Estância,S,68.7,5.0,S,,1,Concluído,2021,
2018104025,104,2018,Processo Seletivo,L5,M,16,Aracaju,S,2.3,5.6,N,,1,Evadido,2019,Dificuldade em Matemática/Física
2018104026,104,2018,Processo Seletivo,L13,F,16,Barra dos Coqueiros,S,56.1,6.0,N,,1,Evadido,2019,Questões financeiras/transporte
2018104027,104,2018,Processo Seletivo,AC,M,15,Nossa Senhora do Socorro,S,60.4,6.4,N,,1,Cancelado a pedido,2022,Mudança de curso/escola
2018104028,104,2018,Processo Seletivo,AC,F,14,Nossa Senhora do Socorro,N,47.7,5.8,N,,2,Concluído,2022,
2018104029,104,2018,Processo Seletivo,AC,F,14,Estância,N,64.4,6.0,N,,0,Cancelado a pedido,2018,Não informado
2018104030,104,2018,Processo Seletivo,L5,M,15,Aracaju,S,3.0,4.8,N,,0,Concluído,2020,
2018104031,104,2018,Processo Seletivo,L2,F,14,Laranjeiras,S,21.2,8.0,S,,0,Integralizado – pendente de estágio,2020,
2018104032,104,2018,Processo Seletivo,L5,M,15,Aracaju,S,13.7,8.9,N,,0,Concluído,2020,
2018104033,104,2018,Processo Seletivo,AC,F,14,Aracaju,S,1.4,7.4,N,,1,Transferido,2021,Dificuldade em Matemática/Física
2018104034,104,2018,Processo Seletivo,L5,M,14,Nossa Senhora do Socorro,S,47.5,7.4,N,,1,Concluído,2021,
2018104035,104,2018,Processo Seletivo,L13,M,14,Barra dos Coqueiros,S,62.2,6.2,N,,2,Evadido,2021,Dificuldade em Matemática/Física
2018104036,104,2018,Processo Seletivo,L2,F,15,Nossa Senhora do Socorro,S,60.3,7.0,S,,1,Concluído,2021,
2018104037,104,2018,Processo Seletivo,L14,M,15,Aracaju,S,9.4,8.2,N,,0,Cancelado a pedido,2020,Abandono (sem frequência)
2018104038,104,2018,Processo Seletivo,L1,M,16,Aracaju,S,7.3,6.3,N,,0,Evadido,2020,Questões financeiras/transporte
2018104039,104,2018,Processo Seletivo,AC,F,14,São Cristóvão,N,34.1,9.1,N,,0,Concluído,2020,
2018104040,104,2018,Processo Seletivo,L14,F,15,Aracaju,S,8.3,7.7,N,,0,Integralizado – pendente de estágio,2020,
2018104041,104,2018,Processo Seletivo,AC,F,15,Aracaju,S,11.2,5.2,N,,0,Concluído,2020,
2018104042,104,2018,Processo Seletivo,AC,F,16,Outro município,N,28.0,6.3,N,,2,Concluído,2022,
2018104043,104,2018,Processo Seletivo,L5,F,14,Aracaju,S,6.9,3.8,N,,1,Concluído,2021,
2018104044,104,2018,Processo Seletivo,L2,M,14,Aracaju,S,11.9,5.9,S,,2,Concluído,2022,
2018104045,104,2018,Processo Seletivo,AC,M,15,Itaporanga d'Ajuda,N,18.0,8.6,N,,0,Concluído,2020,
2018105001,105,2018,Processo Seletivo,L1,F,15,Nossa Senhora do Socorro,S,30.6,6.0,N,,0,Evadido,2018,Retenção/reprovação
2018105002,105,2018,Processo Seletivo,AC,F,15,Aracaju,N,4.0,5.7,N,,0,Evadido,2018,Trabalho
2018105003,105,2018,Processo Seletivo,L13,F,15,Nossa Senhora do Socorro,S,50.9,6.6,N,,0,Concluído,2020,
2018105004,105,2018,Processo Seletivo,AC,F,15,Outro município,S,53.4,7.5,N,,0,Concluído,2020,
2018105005,105,2018,Processo Seletivo,AC,M,14,Aracaju,S,14.6,7.6,N,,1,Integralizado – pendente de estágio,2021,
2018105006,105,2018,Processo Seletivo,AC,M,16,Itaporanga d'Ajuda,S,53.6,5.5,N,,2,Concluído,2022,
2018105007,105,2018,Processo Seletivo,L2,M,14,Aracaju,S,12.0,6.7,S,,0,Concluído,2020,
2018105008,105,2018,Processo Seletivo,L5,M,15,Nossa Senhora do Socorro,S,31.3,6.0,N,,0,Concluído,2020,
2018105009,105,2018,Processo Seletivo,L2,M,14,Aracaju,S,11.0,5.5,S,,1,Transferido,2022,Dificuldade em Matemática/Física
2018105010,105,2018,Processo Seletivo,AC,F,15,Aracaju,N,7.9,7.8,N,,0,Concluído,2020,
2018105011,105,2018,Processo Seletivo,AC,M,16,Nossa Senhora do Socorro,S,40.3,6.8,S,,0,Concluído,2020,
2018105012,105,2018,Processo Seletivo,AC,F,15,Barra dos Coqueiros,N,40.9,5.9,N,,2,Concluído,2022,
2018105013,105,2018,Processo Seletivo,AC,F,15,Aracaju,N,3.5,7.0,N,,0,Transferido,2021,Questões financeiras/transporte
2018105014,105,2018,Processo Seletivo,AC,M,16,Itaporanga d'Ajuda,N,59.6,6.9,N,,2,Transferido,2022,Dificuldade em Matemática/Física
2018105015,105,2018,Processo Seletivo,L1,F,16,Aracaju,S,5.7,8.8,S,,2,Concluído,2022,
2018105016,105,2018,Processo Seletivo,AC,M,15,Barra dos Coqueiros,N,22.1,7.3,S,,2,Concluído,2022,
2018105017,105,2018,Processo Seletivo,L2,F,17,Aracaju,S,9.8,6.4,S,,0,Evadido,2018,Mudança de curso/escola
2018105018,105,2018,Processo Seletivo,AC,M,16,Barra dos Coqueiros,S,69.7,6.0,N,,3,Jubilado (desligado por reincidência),2021,Excedeu limite de retenções
2018105019,105,2018,Processo Seletivo,L6,F,14,Nossa Senhora do Socorro,S,21.2,5.9,N,,0,Concluído,2020,
2018105020,105,2018,Processo Seletivo,L2,F,15,Aracaju,S,6.5,5.6,S,,2,Evadido,2020,Retenção/reprovação
2018105021,105,2018,Processo Seletivo,L6,M,15,Outro município,S,67.8,6.9,N,,1,Evadido,2021,Retenção/reprovação
2018105022,105,2018,Processo Seletivo,L6,F,16,Barra dos Coqueiros,S,52.5,7.0,N,,0,Concluído,2020,
2018105023,105,2018,Processo Seletivo,AC,F,14,Estância,N,31.3,7.9,N,,0,Evadido,2018,Trabalho
2018105024,105,2018,Processo Seletivo,L2,F,15,Laranjeiras,S,31.0,6.4,N,,2,Concluído,2022,
2018105025,105,2018,Processo Seletivo,L5,F,15,Aracaju,S,14.8,7.1,N,,0,Concluído,2020,
2018105026,105,2018,Processo Seletivo,AC,M,15,Nossa Senhora do Socorro,S,56.5,6.5,N,,0,Concluído,2020,
2018105027,105,2018,Processo Seletivo,AC,M,14,Barra dos Coqueiros,N,14.4,6.6,N,,0,Concluído,2020,
2018105028,105,2018,Processo Seletivo,AC,M,15,São Cristóvão,N,19.8,7.2,N,,0,Evadido,2018,Aprovação em outra escola
2018105029,105,2018,Processo Seletivo,L6,F,14,Aracaju,S,4.0,3.5,N,,1,Concluído,2021,
2018105030,105,2018,Processo Seletivo,L5,M,15,Aracaju,S,2.5,5.8,S,,0,Evadido,2018,Questões financeiras/transporte
2018105031,105,2018,Processo Seletivo,L5,F,15,Aracaju,S,5.5,5.7,N,,0,Concluído,2020,
2018105032,105,2018,Processo Seletivo,L2,F,15,Aracaju,S,10.5,6.3,S,,1,Concluído,2021,
2018105033,105,2018,Processo Seletivo,AC,F,14,Nossa Senhora do Socorro,S,54.4,7.9,N,,0,Integralizado – pendente de estágio,2020,
2018105034,105,2018,Processo Seletivo,L1,F,15,Laranjeiras,S,43.0,5.5,N,,3,Jubilado (desligado por reincidência),2021,Excedeu limite de retenções
2018105035,105,2018,Processo Seletivo,L2,F,15,Nossa Senhora do Socorro,S,15.0,5.3,N,,1,Integralizado – pendente de estágio,2021,
2018105036,105,2018,Processo Seletivo,L2,M,14,Itaporanga d'Ajuda,S,39.7,7.3,S,,0,Transferido,2019,Mudança de município
2018105037,105,2018,Processo Seletivo,L1,F,15,Nossa Senhora do Socorro,S,44.0,5.3,N,,0,Concluído,2020,
2018105038,105,2018,Processo Seletivo,L6,F,15,Outro município,S,25.9,7.1,N,,1,Concluído,2021,
2018105039,105,2018,Processo Seletivo,L13,F,15,Aracaju,S,2.5,7.6,N,,0,Concluído,2020,
2018105040,105,2018,Processo Seletivo,L6,F,15,Barra dos Coqueiros,S,12.6,5.9,N,,0,Concluído,2020,
2018106001,106,2018,Processo Seletivo,L5,F,15,Aracaju,S,2.6,8.1,N,,0,Evadido,2018,Aprovação em outra escola
2018106002,106,2018,Processo Seletivo,L14,F,14,Nossa Senhora do Socorro,S,56.4,7.7,S,,0,Concluído,2020,
2018106003,106,2018,Processo Seletivo,L1,M,14,Aracaju,S,5.8,6.9,S,,0,Concluído,2020,
2018106004,106,2018,Processo Seletivo,AC,F,15,Aracaju,S,6.2,6.5,S,,2,Concluído,2022,
2018106005,106,2018,Processo Seletivo,L14,M,14,Aracaju,S,13.4,6.5,N,,0,Concluído,2020,
2018106006,106,2018,Processo Seletivo,L10,F,15,Laranjeiras,S,31.3,4.0,S,,1,Cancelado a pedido,2021,Trabalho
2018106007,106,2018,Processo Seletivo,L2,F,17,Barra dos Coqueiros,S,69.1,3.9,N,,0,Concluído,2020,
2018106008,106,2018,Processo Seletivo,L5,M,14,São Cristóvão,S,52.5,6.8,N,,0,Concluído,2020,
2018106009,106,2018,Processo Seletivo,AC,M,14,Barra dos Coqueiros,N,34.5,7.2,N,,0,Concluído,2020,
2018106010,106,2018,Processo Seletivo,AC,F,15,Nossa Senhora do Socorro,S,27.0,6.5,N,,0,Concluído,2020,
2018106011,106,2018,Processo Seletivo,L13,M,14,Aracaju,S,14.7,4.9,N,,0,Transferido,2021,Retenção/reprovação
2018106012,106,2018,Processo Seletivo,AC,F,14,São Cristóvão,N,39.8,6.5,S,,0,Concluído,2020,
2018106013,106,2018,Processo Seletivo,AC,M,17,Nossa Senhora do Socorro,S,47.5,7.5,N,,1,Evadido,2022,Retenção/reprovação
2018106014,106,2018,Processo Seletivo,L6,M,14,São Cristóvão,S,14.8,6.8,N,,1,Integralizado – pendente de estágio,2021,
2018106015,106,2018,Processo Seletivo,L2,M,14,Estância,S,38.0,7.3,N,,1,Evadido,2021,Trabalho
2018106016,106,2018,Processo Seletivo,L5,F,15,Estância,S,55.9,7.2,N,,2,Concluído,2022,
2018106017,106,2018,Processo Seletivo,AC,M,15,Nossa Senhora do Socorro,S,52.7,6.5,N,,0,Concluído,2020,
2018106018,106,2018,Processo Seletivo,AC,F,14,Aracaju,N,2.3,8.7,N,,2,Integralizado – pendente de estágio,2022,
2018106019,106,2018,Processo Seletivo,AC,F,15,Itaporanga d'Ajuda,S,54.6,7.2,N,,3,Jubilado (desligado por reincidência),2022,Excedeu limite de retenções
2018106020,106,2018,Processo Seletivo,AC,M,15,Aracaju,N,8.2,8.5,N,,0,Concluído,2020,
2018106021,106,2018,Processo Seletivo,L2,F,17,Aracaju,S,11.5,7.3,S,,0,Concluído,2020,
2018106022,106,2018,Processo Seletivo,L6,F,14,São Cristóvão,S,44.4,7.8,N,,0,Concluído,2020,
2018106023,106,2018,Processo Seletivo,AC,M,15,Aracaju,N,11.8,6.0,N,,2,Concluído,2022,
2018106024,106,2018,Processo Seletivo,L1,F,16,Aracaju,S,12.6,5.6,S,,0,Concluído,2020,
2018106025,106,2018,Processo Seletivo,L14,M,14,Nossa Senhora do Socorro,S,20.0,6.2,N,,0,Concluído,2020,
2018106026,106,2018,Processo Seletivo,L2,M,16,Nossa Senhora do Socorro,S,45.4,6.7,S,,0,Concluído,2020,
2018106027,106,2018,Processo Seletivo,L10,F,14,São Cristóvão,S,28.8,5.2,S,,0,Concluído,2020,
2018106028,106,2018,Processo Seletivo,L6,M,14,Itaporanga d'Ajuda,S,47.3,7.4,N,,0,Concluído,2020,
2018106029,106,2018,Processo Seletivo,AC,F,16,São Cristóvão,N,16.9,7.6,N,,0,Concluído,2020,
2018106030,106,2018,Processo Seletivo,L2,F,15,Aracaju,S,1.3,7.4,S,,0,Concluído,2020,
2018106031,106,2018,Processo Seletivo,L14,M,14,Aracaju,S,6.1,6.6,N,,0,Concluído,2020,
2018106032,106,2018,Processo Seletivo,AC,F,15,Aracaju,N,2.6,7.6,N,,0,Concluído,2020,
2018106033,106,2018,Processo Seletivo,L14,F,15,Estância,S,57.1,7.9,N,,0,Concluído,2020,
2018106034,106,2018,Processo Seletivo,L5,M,16,Itaporanga d'Ajuda,S,18.0,4.0,N,,1,Evadido,2020,Mudança de curso/escola
2018106035,106,2018,Processo Seletivo,L13,F,15,Aracaju,S,9.7,8.0,N,,1,Concluído,2021,
2018106036,106,2018,Processo Seletivo,L13,F,15,Aracaju,S,5.4,6.6,S,,0,Concluído,2020,
2018106037,106,2018,Processo Seletivo,L5,F,16,Aracaju,S,2.9,6.2,N,,0,Concluído,2020,
2018106038,106,2018,Processo Seletivo,L14,M,15,Nossa Senhora do Socorro,S,40.3,7.2,N,,0,Concluído,2020,
2018106039,106,2018,Processo Seletivo,L13,M,16,Aracaju,S,2.1,5.6,N,,3,Evadido,2024,Mudança de curso/escola
2018106040,106,2018,Processo Seletivo,L1,F,14,Aracaju,S,8.3,6.8,S,,1,Concluído,2021,
2019101001,101,2019,Processo Seletivo,L6,M,15,Estância,S,22.1,6.2,N,,0,Transferido,2020,Retenção/reprovação
2019101002,101,2019,Processo Seletivo,L2,F,15,Aracaju,S,11.0,6.5,S,,1,Evadido,2020,Dificuldade de aprendizagem
2019101003,101,2019,Processo Seletivo,L9,M,15,Aracaju,S,14.6,8.1,N,,0,Concluído,2021,
2019101004,101,2019,Processo Seletivo,AC,F,14,Aracaju,N,13.7,6.8,S,,0,Concluído,2021,
2019101005,101,2019,Processo Seletivo,L2,M,15,Nossa Senhora do Socorro,S,18.6,5.1,S,,1,Evadido,2022,Retenção/reprovação
2019101006,101,2019,Processo Seletivo,AC,M,14,São Cristóvão,S,36.9,7.6,N,,0,Cancelado a pedido,2019,Retenção/reprovação
2019101007,101,2019,Processo Seletivo,L2,M,15,Nossa Senhora do Socorro,S,56.2,5.7,S,,0,Concluído,2021,
2019101008,101,2019,Processo Seletivo,L10,M,14,São Cristóvão,S,51.5,4.6,N,,0,Concluído,2021,
2019101009,101,2019,Processo Seletivo,L2,M,15,Nossa Senhora do Socorro,S,69.2,5.4,S,,0,Concluído,2021,
2019101010,101,2019,Processo Seletivo,L6,M,14,Aracaju,S,11.9,6.7,N,,0,Integralizado – pendente de estágio,2021,
2019101011,101,2019,Processo Seletivo,AC,M,15,Nossa Senhora do Socorro,N,13.1,7.1,N,,0,Cancelado a pedido,2020,Dificuldade de aprendizagem
2019101012,101,2019,Processo Seletivo,L1,M,15,Aracaju,S,1.0,6.5,N,,0,Concluído,2021,
2019101013,101,2019,Processo Seletivo,AC,M,15,Nossa Senhora do Socorro,S,13.9,7.1,N,,3,Jubilado (desligado por reincidência),2021,Excedeu limite de retenções
2019101014,101,2019,Processo Seletivo,L6,M,15,Aracaju,S,1.9,5.0,S,,0,Concluído,2021,
2019101015,101,2019,Processo Seletivo,L6,M,15,Aracaju,S,13.5,6.6,S,,0,Concluído,2021,
2019101016,101,2019,Processo Seletivo,L6,M,16,Nossa Senhora do Socorro,S,66.6,7.7,S,,2,Evadido,2022,Retenção/reprovação
2019101017,101,2019,Processo Seletivo,L6,M,14,Estância,S,56.1,7.2,N,,2,Evadido,2024,Mudança de curso/escola
2019101018,101,2019,Processo Seletivo,L5,F,14,Aracaju,S,9.0,4.4,S,,2,Concluído,2023,
2019101019,101,2019,Processo Seletivo,L2,F,14,Aracaju,S,8.9,4.7,N,,1,Cancelado a pedido,2021,Questões financeiras/transporte
2019101020,101,2019,Processo Seletivo,L9,F,14,Nossa Senhora do Socorro,S,66.4,5.3,S,,0,Transferido,2020,Dificuldade em Matemática/Física
2019101021,101,2019,Processo Seletivo,L2,F,14,Nossa Senhora do Socorro,S,57.1,8.0,S,,2,Integralizado – pendente de estágio,2023,
2019101022,101,2019,Processo Seletivo,L6,M,14,Barra dos Coqueiros,S,53.5,6.5,N,,0,Transferido,2019,Trabalho
2019101023,101,2019,Processo Seletivo,L2,M,16,São Cristóvão,S,62.9,7.4,N,,1,Evadido,2020,Dificuldade de aprendizagem
2019101024,101,2019,Processo Seletivo,AC,M,15,Itaporanga d'Ajuda,S,13.9,7.8,N,,0,Concluído,2021,
2019101025,101,2019,Processo Seletivo,L5,F,15,Estância,S,38.4,8.3,N,,3,Jubilado (desligado por reincidência),2021,Excedeu limite de retenções
2019101026,101,2019,Processo Seletivo,L6,M,15,Aracaju,S,14.2,6.0,N,,0,Concluído,2021,
2019101027,101,2019,Processo Seletivo,L1,M,15,Itaporanga d'Ajuda,S,57.9,4.8,S,,0,Evadido,2019,Abandono (sem frequência)
2019101028,101,2019,Processo Seletivo,AC,M,16,São Cristóvão,N,19.4,8.5,S,,0,Concluído,2021,
2019101029,101,2019,Processo Seletivo,AC,M,14,Aracaju,N,3.2,7.4,N,,1,Concluído,2022,
2019101030,101,2019,Processo Seletivo,L13,M,14,Nossa Senhora do Socorro,S,36.1,5.6,N,,3,Jubilado (desligado por reincidência),2023,Excedeu limite de retenções
2019101031,101,2019,Processo Seletivo,L2,M,15,Nossa Senhora do Socorro,S,58.5,8.1,S,,0,Evadido,2021,Não informado
2019101032,101,2019,Processo Seletivo,L1,M,15,Barra dos Coqueiros,S,38.6,5.5,N,,2,Transferido,2022,Dificuldade em Matemática/Física
2019101033,101,2019,Processo Seletivo,L13,M,14,Aracaju,S,9.0,7.9,N,,1,Evadido,2021,Não informado
2019101034,101,2019,Processo Seletivo,L6,M,17,Aracaju,S,5.4,5.7,S,,1,Concluído,2022,
2019101035,101,2019,Processo Seletivo,L2,M,14,Nossa Senhora do Socorro,S,46.6,7.3,N,,0,Concluído,2021,
2019101036,101,2019,Processo Seletivo,L1,M,15,Barra dos Coqueiros,S,12.7,5.8,S,,1,Cancelado a pedido,2021,Dificuldade em Matemática/Física
2019101037,101,2019,Processo Seletivo,AC,M,14,Aracaju,S,12.4,7.2,N,,1,Evadido,2022,Mudança de curso/escola
2019101038,101,2019,Processo Seletivo,AC,F,14,Outro município,S,66.5,5.9,N,,3,Jubilado (desligado por reincidência),2021,Excedeu limite de retenções
2019101039,101,2019,Processo Seletivo,L2,M,14,Outro município,S,30.7,5.5,S,,0,Concluído,2021,
2019101040,101,2019,Processo Seletivo,L5,M,15,Nossa Senhora do Socorro,S,60.9,6.7,N,,1,Cancelado a pedido,2022,Questões financeiras/transporte
2019101041,101,2019,Processo Seletivo,L14,M,16,Aracaju,S,4.3,7.9,N,,0,Concluído,2021,
2019101042,101,2019,Processo Seletivo,AC,F,15,Aracaju,S,14.7,7.5,N,,3,Jubilado (desligado por reincidência),2022,Excedeu limite de retenções
2019101043,101,2019,Processo Seletivo,L1,M,15,Nossa Senhora do Socorro,S,50.3,5.3,S,,1,Transferido,2022,Dificuldade em Matemática/Física
2019101044,101,2019,Processo Seletivo,L14,M,15,Outro município,S,54.6,7.6,N,,1,Concluído,2022,
2019101045,101,2019,Processo Seletivo,L2,M,15,Itaporanga d'Ajuda,S,56.7,5.1,S,,3,Jubilado (desligado por reincidência),2021,Excedeu limite de retenções
2019101046,101,2019,Processo Seletivo,L5,M,15,Aracaju,S,11.4,6.2,S,,0,Cancelado a pedido,2019,Retenção/reprovação
2019102001,102,2019,Processo Seletivo,L6,M,15,Nossa Senhora do Socorro,S,63.0,5.6,N,,0,Concluído,2021,
2019102002,102,2019,Processo Seletivo,L13,M,15,Aracaju,S,6.9,6.9,N,,0,Concluído,2021,
2019102003,102,2019,Processo Seletivo,L1,F,15,Nossa Senhora do Socorro,S,44.8,5.9,S,,3,Cancelado a pedido,2023,Não informado
2019102004,102,2019,Processo Seletivo,AC,F,14,São Cristóvão,S,50.1,7.8,N,,0,Concluído,2021,
2019102005,102,2019,Processo Seletivo,L5,F,14,Laranjeiras,S,49.3,6.1,N,,0,Concluído,2021,
2019102006,102,2019,Processo Seletivo,L5,F,14,Aracaju,S,10.1,6.7,N,,1,Concluído,2022,
2019102007,102,2019,Processo Seletivo,L10,M,15,São Cristóvão,S,35.3,6.0,N,,0,Concluído,2021,
2019102008,102,2019,Processo Seletivo,L1,F,15,Laranjeiras,S,43.3,7.5,S,,0,Concluído,2021,
2019102009,102,2019,Processo Seletivo,L2,M,14,Aracaju,S,6.1,6.2,S,,3,Transferido,2023,Dificuldade em Matemática/Física
2019102010,102,2019,Processo Seletivo,L2,F,16,Nossa Senhora do Socorro,S,30.1,6.1,S,,0,Concluído,2021,
2019102011,102,2019,Processo Seletivo,L1,M,15,Aracaju,S,13.0,4.6,S,,3,Jubilado (desligado por reincidência),2021,Excedeu limite de retenções
2019102012,102,2019,Processo Seletivo,AC,F,14,Aracaju,N,13.7,7.1,N,,0,Transferido,2019,Dificuldade de aprendizagem
2019102013,102,2019,Processo Seletivo,L1,F,14,Barra dos Coqueiros,S,39.8,4.7,S,,0,Integralizado – pendente de estágio,2021,
2019102014,102,2019,Processo Seletivo,L5,M,14,Barra dos Coqueiros,S,38.5,6.4,N,,3,Jubilado (desligado por reincidência),2022,Excedeu limite de retenções
2019102015,102,2019,Processo Seletivo,L13,M,15,Laranjeiras,S,48.0,4.5,N,,2,Concluído,2023,
2019102016,102,2019,Processo Seletivo,L5,M,15,Aracaju,S,8.4,6.0,N,,0,Concluído,2021,
2019102017,102,2019,Processo Seletivo,AC,M,14,Aracaju,S,11.3,7.2,S,,1,Integralizado – pendente de estágio,2022,
2019102018,102,2019,Processo Seletivo,L6,F,16,Nossa Senhora do Socorro,S,36.2,6.8,N,,2,Evadido,2022,Dificuldade em Matemática/Física
2019102019,102,2019,Processo Seletivo,AC,M,15,Nossa Senhora do Socorro,N,61.1,7.9,N,,1,Concluído,2022,
2019102020,102,2019,Processo Seletivo,AC,F,14,Aracaju,S,8.8,6.8,N,,1,Concluído,2022,
2019102021,102,2019,Processo Seletivo,L6,M,14,Nossa Senhora do Socorro,S,65.2,5.4,S,,0,Concluído,2021,
2019102022,102,2019,Processo Seletivo,AC,M,15,Itaporanga d'Ajuda,S,31.3,7.9,N,,1,Concluído,2022,
2019102023,102,2019,Processo Seletivo,AC,F,17,Aracaju,N,3.5,8.3,N,,1,Concluído,2022,
2019102024,102,2019,Processo Seletivo,AC,M,14,Aracaju,N,13.1,6.7,S,,2,Transferido,2023,Retenção/reprovação
2019102025,102,2019,Processo Seletivo,AC,M,14,Aracaju,S,1.3,7.4,N,,0,Evadido,2021,Dificuldade em Matemática/Física
2019102026,102,2019,Processo Seletivo,L13,F,15,Barra dos Coqueiros,S,51.0,5.7,N,,3,Jubilado (desligado por reincidência),2021,Excedeu limite de retenções
2019102027,102,2019,Processo Seletivo,AC,M,16,Aracaju,S,7.4,8.1,N,,0,Concluído,2021,
2019102028,102,2019,Processo Seletivo,L2,M,15,Outro município,S,26.0,7.3,N,,1,Concluído,2022,
2019102029,102,2019,Processo Seletivo,L14,M,14,Outro município,S,12.7,8.2,N,,0,Concluído,2021,
2019102030,102,2019,Processo Seletivo,L6,M,15,Itaporanga d'Ajuda,S,20.3,8.5,N,,1,Concluído,2022,
2019102031,102,2019,Processo Seletivo,L10,M,15,Aracaju,S,2.3,8.6,S,,1,Transferido,2021,Dificuldade em Matemática/Física
2019102032,102,2019,Processo Seletivo,L6,M,14,Aracaju,S,8.9,5.4,S,,1,Evadido,2021,Retenção/reprovação
2019102033,102,2019,Processo Seletivo,L5,M,14,Laranjeiras,S,58.1,5.8,N,,1,Evadido,2021,Retenção/reprovação
2019102034,102,2019,Processo Seletivo,L1,M,15,Aracaju,S,11.8,5.4,S,,1,Concluído,2022,
2019102035,102,2019,Processo Seletivo,L14,F,17,Aracaju,S,14.0,5.9,N,,0,Integralizado – pendente de estágio,2021,
2019102036,102,2019,Processo Seletivo,AC,M,14,Aracaju,S,3.5,7.8,N,,0,Concluído,2021,
2019102037,102,2019,Processo Seletivo,AC,F,15,Aracaju,S,5.7,7.1,N,,0,Evadido,2020,Mudança de curso/escola
2019102038,102,2019,Processo Seletivo,L5,M,14,Aracaju,S,7.3,6.5,N,,1,Concluído,2022,
2019102039,102,2019,Processo Seletivo,AC,F,14,Nossa Senhora do Socorro,S,54.4,6.8,N,,0,Concluído,2021,
2019102040,102,2019,Processo Seletivo,L1,M,14,Aracaju,S,10.3,4.3,S,,0,Evadido,2019,Abandono (sem frequência)
2019102041,102,2019,Processo Seletivo,L6,M,14,Aracaju,S,2.0,5.8,N,,1,Cancelado a pedido,2022,Dificuldade em Matemática/Física
2019102042,102,2019,Processo Seletivo,AC,M,15,Barra dos Coqueiros,N,18.0,7.7,N,,1,Transferido,2021,Trabalho
2019102043,102,2019,Processo Seletivo,L5,F,14,Barra dos Coqueiros,S,40.6,7.7,S,,1,Concluído,2022,
2019102044,102,2019,Processo Seletivo,AC,M,15,Aracaju,N,13.7,9.3,N,,0,Concluído,2021,
2019102045,102,2019,Processo Seletivo,L1,F,16,Barra dos Coqueiros,S,45.1,6.1,S,,0,Concluído,2021,
2019102046,102,2019,Processo Seletivo,AC,M,14,Aracaju,N,6.0,6.8,S,,1,Integralizado – pendente de estágio,2022,
2019102047,102,2019,Processo Seletivo,AC,M,16,Nossa Senhora do Socorro,N,65.5,6.6,S,,2,Cancelado a pedido,2023,Dificuldade em Matemática/Física
2019103001,103,2019,Processo Seletivo,L1,F,14,Barra dos Coqueiros,S,51.2,4.4,S,,0,Concluído,2021,
2019103002,103,2019,Processo Seletivo,L6,F,14,Outro município,S,21.9,5.6,N,,0,Concluído,2021,
2019103003,103,2019,Processo Seletivo,AC,M,14,Nossa Senhora do Socorro,S,59.0,7.9,N,,0,Concluído,2021,
2019103004,103,2019,Processo Seletivo,AC,F,15,Nossa Senhora do Socorro,S,25.7,7.0,N,,1,Evadido,2021,Não informado
2019103005,103,2019,Processo Seletivo,L10,F,14,Aracaju,S,10.0,5.6,S,,0,Integralizado – pendente de estágio,2021,
2019103006,103,2019,Processo Seletivo,AC,M,14,Aracaju,N,8.0,5.5,N,,0,Concluído,2021,
2019103007,103,2019,Processo Seletivo,L2,M,14,Aracaju,S,14.0,7.5,S,,1,Concluído,2022,
2019103008,103,2019,Processo Seletivo,L14,M,14,Aracaju,S,4.2,6.0,N,,0,Concluído,2021,
2019103009,103,2019,Processo Seletivo,AC,F,14,Aracaju,N,5.8,9.4,N,,0,Concluído,2021,
2019103010,103,2019,Processo Seletivo,AC,M,15,Nossa Senhora do Socorro,S,25.6,5.7,N,,0,Evadido,2020,Não informado
2019103011,103,2019,Processo Seletivo,L5,M,15,Aracaju,S,5.2,5.7,S,,2,Evadido,2023,Retenção/reprovação
2019103012,103,2019,Processo Seletivo,AC,M,14,São Cristóvão,N,57.9,8.9,N,,1,Concluído,2022,
2019103013,103,2019,Processo Seletivo,L5,F,14,Aracaju,S,1.0,5.8,N,,0,Concluído,2021,
2019103014,103,2019,Processo Seletivo,L5,M,16,Aracaju,S,10.4,7.8,N,,1,Evadido,2022,Retenção/reprovação
2019103015,103,2019,Processo Seletivo,L1,F,15,Aracaju,S,4.5,6.2,S,,1,Concluído,2022,
2019103016,103,2019,Processo Seletivo,L2,M,15,Aracaju,S,2.7,7.0,N,,1,Integralizado – pendente de estágio,2022,
2019103017,103,2019,Processo Seletivo,L1,M,14,Aracaju,S,4.2,6.3,S,,2,Evadido,2022,Retenção/reprovação
2019103018,103,2019,Processo Seletivo,L6,M,17,São Cristóvão,S,49.3,4.7,N,,1,Integralizado – pendente de estágio,2022,
2019103019,103,2019,Processo Seletivo,AC,F,16,Barra dos Coqueiros,S,15.8,5.5,N,,1,Cancelado a pedido,2023,Mudança de curso/escola
2019103020,103,2019,Processo Seletivo,L6,M,14,Aracaju,S,11.9,5.0,N,,3,Jubilado (desligado por reincidência),2023,Excedeu limite de retenções
2019103021,103,2019,Processo Seletivo,AC,M,15,Aracaju,S,14.3,5.3,S,,1,Concluído,2022,
2019103022,103,2019,Processo Seletivo,L1,F,16,Nossa Senhora do Socorro,S,20.9,5.8,S,,1,Concluído,2022,
2019103023,103,2019,Processo Seletivo,AC,M,15,São Cristóvão,N,64.0,9.4,N,,0,Integralizado – pendente de estágio,2021,
2019103024,103,2019,Processo Seletivo,AC,M,14,Nossa Senhora do Socorro,S,39.4,8.7,N,,0,Concluído,2021,
2019103025,103,2019,Processo Seletivo,L6,M,15,Laranjeiras,S,27.9,7.6,N,,0,Concluído,2021,
2019103026,103,2019,Processo Seletivo,L5,F,14,Nossa Senhora do Socorro,S,41.1,3.6,N,,1,Evadido,2021,Dificuldade em Matemática/Física
2019103027,103,2019,Processo Seletivo,L6,M,14,Barra dos Coqueiros,S,52.3,6.9,N,,0,Evadido,2021,Mudança de curso/escola
2019103028,103,2019,Processo Seletivo,L6,M,15,Aracaju,S,12.9,5.5,N,,0,Concluído,2021,
2019103029,103,2019,Processo Seletivo,AC,F,15,Outro município,N,62.3,6.1,S,,0,Concluído,2021,
2019103030,103,2019,Processo Seletivo,AC,F,15,Nossa Senhora do Socorro,N,46.1,5.1,S,,1,Concluído,2022,
2019103031,103,2019,Processo Seletivo,AC,M,14,Aracaju,S,12.0,6.9,N,,0,Concluído,2021,
2019103032,103,2019,Processo Seletivo,L2,F,14,Nossa Senhora do Socorro,S,33.6,7.7,S,,0,Concluído,2021,
2019103033,103,2019,Processo Seletivo,AC,F,14,Nossa Senhora do Socorro,S,59.7,7.3,N,,3,Jubilado (desligado por reincidência),2023,Excedeu limite de retenções
2019103034,103,2019,Processo Seletivo,L1,M,14,Aracaju,S,7.8,3.0,S,,1,Evadido,2020,Dificuldade de aprendizagem
2019103035,103,2019,Processo Seletivo,L2,M,15,Aracaju,S,2.5,5.3,S,,2,Evadido,2022,Não informado
2019103036,103,2019,Processo Seletivo,L10,M,14,Aracaju,S,7.0,5.7,N,,1,Concluído,2022,
2019103037,103,2019,Processo Seletivo,L2,M,14,São Cristóvão,S,16.4,5.4,S,,0,Concluído,2021,
2019103038,103,2019,Processo Seletivo,AC,F,15,Nossa Senhora do Socorro,S,56.6,7.8,N,,1,Concluído,2022,
2019103039,103,2019,Processo Seletivo,AC,M,15,São Cristóvão,N,61.9,7.5,N,,0,Evadido,2022,Retenção/reprovação
2019103040,103,2019,Processo Seletivo,AC,F,15,Itaporanga d'Ajuda,N,45.8,6.7,N,,0,Concluído,2021,
2019103041,103,2019,Processo Seletivo,L1,M,14,Aracaju,S,12.5,7.6,N,,0,Concluído,2021,
2019103042,103,2019,Processo Seletivo,L2,M,14,Nossa Senhora do Socorro,S,30.9,5.5,N,,0,Concluído,2021,
2019103043,103,2019,Processo Seletivo,AC,M,14,Laranjeiras,S,39.1,5.8,N,,0,Concluído,2021,
2019103044,103,2019,Processo Seletivo,L13,M,15,Aracaju,S,6.5,6.1,S,,1,Evadido,2020,Dificuldade em Matemática/Física
2019103045,103,2019,Processo Seletivo,AC,M,14,Aracaju,N,4.2,5.3,N,,0,Evadido,2020,Dificuldade de aprendizagem
2019104001,104,2019,Processo Seletivo,L13,F,15,Nossa Senhora do Socorro,S,23.2,5.8,N,,0,Integralizado – pendente de estágio,2021,
2019104002,104,2019,Processo Seletivo,AC,F,14,Aracaju,S,12.0,6.0,N,,0,Concluído,2021,
2019104003,104,2019,Processo Seletivo,L14,M,15,São Cristóvão,S,66.9,7.4,N,,0,Concluído,2021,
2019104004,104,2019,Processo Seletivo,AC,F,15,Laranjeiras,S,66.8,5.5,N,,3,Jubilado (desligado por reincidência),2022,Excedeu limite de retenções
2019104005,104,2019,Processo Seletivo,AC,M,14,Laranjeiras,N,24.2,8.3,N,,0,Concluído,2021,
2019104006,104,2019,Processo Seletivo,L1,F,14,São Cristóvão,S,53.8,7.6,N,,1,Concluído,2022,
2019104007,104,2019,Processo Seletivo,L6,F,16,São Cristóvão,S,34.3,6.4,N,,2,Concluído,2023,
2019104008,104,2019,Processo Seletivo,L1,F,14,Barra dos Coqueiros,S,57.4,7.7,N,,0,Concluído,2021,
2019104009,104,2019,Processo Seletivo,L13,F,15,Aracaju,S,3.2,5.7,N,,0,Concluído,2021,
2019104010,104,2019,Processo Seletivo,AC,F,15,Barra dos Coqueiros,S,30.3,6.7,N,,1,Concluído,2022,
2019104011,104,2019,Processo Seletivo,L6,M,14,Aracaju,S,12.7,6.6,S,,0,Evadido,2019,Abandono (sem frequência)
2019104012,104,2019,Processo Seletivo,L14,F,15,Aracaju,S,10.5,5.0,S,,2,Transferido,2024,Não informado
2019104013,104,2019,Processo Seletivo,L5,M,16,Laranjeiras,S,27.6,7.6,S,,0,Concluído,2021,
2019104014,104,2019,Processo Seletivo,AC,F,15,São Cristóvão,N,50.1,5.6,N,,0,Concluído,2021,
2019104015,104,2019,Processo Seletivo,L5,F,16,São Cristóvão,S,57.5,6.6,S,,1,Concluído,2022,
2019104016,104,2019,Processo Seletivo,L5,M,14,Barra dos Coqueiros,S,64.4,5.5,N,,1,Concluído,2022,
2019104017,104,2019,Processo Seletivo,AC,F,15,Aracaju,N,9.6,7.3,N,,0,Concluído,2021,
2019104018,104,2019,Processo Seletivo,L2,M,16,Aracaju,S,12.0,6.4,N,,0,Evadido,2020,Dificuldade em Matemática/Física
2019104019,104,2019,Processo Seletivo,L5,F,17,Aracaju,S,3.2,6.7,S,,1,Concluído,2022,
2019104020,104,2019,Processo Seletivo,L5,M,15,Barra dos Coqueiros,S,13.0,5.8,N,,2,Evadido,2021,Dificuldade em Matemática/Física
2019104021,104,2019,Processo Seletivo,AC,M,14,Aracaju,N,12.0,6.7,S,,0,Concluído,2021,
2019104022,104,2019,Processo Seletivo,L2,M,15,Aracaju,S,3.2,6.2,S,,0,Concluído,2021,
2019104023,104,2019,Processo Seletivo,L2,F,14,Itaporanga d'Ajuda,S,35.2,5.8,N,,1,Evadido,2021,Abandono (sem frequência)
2019104024,104,2019,Processo Seletivo,AC,F,15,Nossa Senhora do Socorro,N,59.7,6.8,N,,0,Transferido,2021,Dificuldade em Matemática/Física
2019104025,104,2019,Processo Seletivo,L5,M,14,Nossa Senhora do Socorro,S,15.2,6.1,N,,0,Concluído,2021,
2019104026,104,2019,Processo Seletivo,L2,M,14,Outro município,S,29.5,6.7,S,,0,Integralizado – pendente de estágio,2021,
2019104027,104,2019,Processo Seletivo,AC,M,16,Outro município,N,44.5,5.9,N,,0,Concluído,2021,
2019104028,104,2019,Processo Seletivo,L2,F,15,Aracaju,S,14.5,7.0,S,,0,Concluído,2021,
2019104029,104,2019,Processo Seletivo,L5,F,14,Nossa Senhora do Socorro,S,41.5,7.6,N,,0,Concluído,2021,
2019104030,104,2019,Processo Seletivo,L13,F,15,Aracaju,S,8.0,7.4,N,,0,Concluído,2021,
2019104031,104,2019,Processo Seletivo,AC,F,14,Outro município,N,12.4,8.0,N,,0,Concluído,2021,
2019104032,104,2019,Processo Seletivo,L5,M,14,Barra dos Coqueiros,S,48.8,6.9,S,,0,Concluído,2021,
2019104033,104,2019,Processo Seletivo,L1,M,14,Estância,S,37.5,4.4,N,,0,Integralizado – pendente de estágio,2021,
2019104034,104,2019,Processo Seletivo,L1,F,16,Nossa Senhora do Socorro,S,22.6,6.4,S,,3,Jubilado (desligado por reincidência),2023,Excedeu limite de retenções
2019104035,104,2019,Processo Seletivo,AC,M,14,Aracaju,S,7.4,6.8,N,,0,Concluído,2021,
2019104036,104,2019,Processo Seletivo,AC,M,17,Outro município,S,37.9,6.2,N,,0,Concluído,2021,
2019104037,104,2019,Processo Seletivo,AC,M,15,São Cristóvão,S,46.8,7.9,N,,1,Concluído,2022,
2019104038,104,2019,Processo Seletivo,AC,M,14,Aracaju,N,12.9,8.4,N,,0,Concluído,2021,
2019104039,104,2019,Processo Seletivo,L10,M,15,Nossa Senhora do Socorro,S,56.7,6.5,N,,3,Jubilado (desligado por reincidência),2023,Excedeu limite de retenções
2019104040,104,2019,Processo Seletivo,AC,M,14,Nossa Senhora do Socorro,S,61.5,6.6,N,,3,Jubilado (desligado por reincidência),2023,Excedeu limite de retenções
2019104041,104,2019,Processo Seletivo,L6,F,15,Aracaju,S,7.1,8.1,N,,0,Concluído,2021,
2019104042,104,2019,Processo Seletivo,L13,M,14,Nossa Senhora do Socorro,S,21.9,5.7,N,,0,Concluído,2021,
2019104043,104,2019,Processo Seletivo,L1,F,14,Aracaju,S,5.5,5.5,N,,0,Concluído,2021,
2019104044,104,2019,Processo Seletivo,AC,F,14,Aracaju,S,9.1,7.4,N,,0,Evadido,2020,Trabalho
2019104045,104,2019,Processo Seletivo,L2,M,15,São Cristóvão,S,61.4,7.7,N,,0,Concluído,2021,
2019105001,105,2019,Processo Seletivo,L5,F,15,Outro município,S,31.0,5.6,N,,0,Concluído,2021,
2019105002,105,2019,Processo Seletivo,L2,F,15,Nossa Senhora do Socorro,S,23.3,5.3,S,,4,Jubilado (desligado por reincidência),2024,Excedeu limite de retenções
2019105003,105,2019,Processo Seletivo,L2,M,14,Aracaju,S,2.2,5.1,N,,0,Evadido,2020,Dificuldade em Matemática/Física
2019105004,105,2019,Processo Seletivo,L14,F,14,Barra dos Coqueiros,S,49.7,6.6,N,,3,Jubilado (desligado por reincidência),2022,Excedeu limite de retenções
2019105005,105,2019,Processo Seletivo,AC,F,16,Itaporanga d'Ajuda,S,13.0,6.5,S,,0,Evadido,2021,Trabalho
2019105006,105,2019,Processo Seletivo,L5,F,16,Nossa Senhora do Socorro,S,39.6,5.1,N,,2,Concluído,2023,
2019105007,105,2019,Processo Seletivo,L6,M,15,Outro município,S,33.3,5.2,S,,0,Evadido,2021,Dificuldade em Matemática/Física
2019105008,105,2019,Processo Seletivo,AC,F,14,Nossa Senhora do Socorro,N,59.1,5.9,N,,0,Concluído,2021,
2019105009,105,2019,Processo Seletivo,L6,F,17,Nossa Senhora do Socorro,S,57.6,5.8,N,,1,Concluído,2022,
2019105010,105,2019,Processo Seletivo,L5,F,15,Aracaju,S,8.7,3.7,N,,1,Concluído,2022,
2019105011,105,2019,Processo Seletivo,AC,M,17,Itaporanga d'Ajuda,N,39.1,7.6,N,,0,Concluído,2021,
2019105012,105,2019,Processo Seletivo,L5,M,15,Nossa Senhora do Socorro,S,35.4,4.8,N,,2,Evadido,2024,Retenção/reprovação
2019105013,105,2019,Processo Seletivo,L6,M,15,Aracaju,S,1.4,6.7,N,,0,Evadido,2022,Retenção/reprovação
2019105014,105,2019,Processo Seletivo,L5,F,14,São Cristóvão,S,65.8,6.2,N,,1,Concluído,2022,
2019105015,105,2019,Processo Seletivo,L1,F,14,Barra dos Coqueiros,S,60.1,5.4,S,,1,Evadido,2020,Mudança de curso/escola
2019105016,105,2019,Processo Seletivo,AC,F,16,Aracaju,S,11.5,6.0,S,,3,Jubilado (desligado por reincidência),2023,Excedeu limite de retenções
2019105017,105,2019,Processo Seletivo,L2,F,15,Outro município,S,46.9,6.1,S,,1,Concluído,2022,
2019105018,105,2019,Processo Seletivo,L5,M,15,Nossa Senhora do Socorro,S,50.4,4.3,N,,0,Evadido,2022,Trabalho
2019105019,105,2019,Processo Seletivo,AC,M,16,Nossa Senhora do Socorro,N,29.9,8.3,N,,0,Concluído,2021,
2019105020,105,2019,Processo Seletivo,L2,M,15,Estância,S,23.8,5.3,S,,1,Integralizado – pendente de estágio,2022,
2019105021,105,2019,Processo Seletivo,AC,F,14,Itaporanga d'Ajuda,N,25.5,7.1,N,,2,Concluído,2023,
2019105022,105,2019,Processo Seletivo,L1,F,16,São Cristóvão,S,22.9,4.9,S,,3,Jubilado (desligado por reincidência),2023,Excedeu limite de retenções
2019105023,105,2019,Processo Seletivo,AC,F,15,Aracaju,N,10.3,8.7,N,,0,Concluído,2021,
2019105024,105,2019,Processo Seletivo,AC,F,15,Aracaju,N,13.8,7.4,N,,0,Concluído,2021,
2019105025,105,2019,Processo Seletivo,AC,M,15,Aracaju,N,11.4,7.6,S,,0,Integralizado – pendente de estágio,2021,
2019105026,105,2019,Processo Seletivo,L14,F,14,Aracaju,S,3.8,5.3,S,,3,Jubilado (desligado por reincidência),2022,Excedeu limite de retenções
2019105027,105,2019,Processo Seletivo,L14,F,16,Itaporanga d'Ajuda,S,36.8,6.6,S,,0,Concluído,2021,
2019105028,105,2019,Processo Seletivo,AC,F,16,Aracaju,N,8.1,7.0,S,,0,Concluído,2021,
2019105029,105,2019,Processo Seletivo,AC,F,15,Aracaju,N,13.8,6.8,S,,1,Concluído,2022,
2019105030,105,2019,Processo Seletivo,L14,M,15,Nossa Senhora do Socorro,S,29.1,6.0,N,,0,Concluído,2021,
2019105031,105,2019,Processo Seletivo,AC,M,15,Aracaju,S,14.6,5.7,N,,3,Concluído,2024,
2019105032,105,2019,Processo Seletivo,AC,M,14,Aracaju,S,7.9,7.1,N,,0,Concluído,2021,
2019105033,105,2019,Processo Seletivo,L2,F,15,Estância,S,47.3,9.0,N,,1,Concluído,2022,
2019105034,105,2019,Processo Seletivo,L2,M,17,Nossa Senhora do Socorro,S,66.0,6.0,N,,2,Evadido,2024,Dificuldade em Matemática/Física
2019105035,105,2019,Processo Seletivo,AC,M,15,Aracaju,S,12.1,5.8,N,,0,Concluído,2021,
2019105036,105,2019,Processo Seletivo,AC,F,16,Aracaju,N,14.1,7.6,N,,1,Concluído,2022,
2019105037,105,2019,Processo Seletivo,L5,M,14,São Cristóvão,S,23.0,5.4,N,,3,Jubilado (desligado por reincidência),2023,Excedeu limite de retenções
2019105038,105,2019,Processo Seletivo,L6,F,15,Aracaju,S,9.6,6.2,N,,1,Concluído,2022,
2019105039,105,2019,Processo Seletivo,AC,F,14,Nossa Senhora do Socorro,S,31.5,6.4,N,,0,Concluído,2021,
2019105040,105,2019,Processo Seletivo,L6,F,15,São Cristóvão,S,47.5,6.6,S,,0,Concluído,2021,
2019105041,105,2019,Processo Seletivo,AC,F,14,Aracaju,N,12.6,6.8,N,,2,Concluído,2023,
2019105042,105,2019,Processo Seletivo,L10,F,15,Aracaju,S,10.8,6.7,S,,0,Concluído,2021,
2019106001,106,2019,Processo Seletivo,L9,F,15,Nossa Senhora do Socorro,S,27.0,4.1,S,,0,Concluído,2021,
2019106002,106,2019,Processo Seletivo,L6,F,15,Nossa Senhora do Socorro,S,27.5,6.7,N,,0,Concluído,2021,
2019106003,106,2019,Processo Seletivo,L2,F,15,Aracaju,S,2.9,6.3,S,,2,Transferido,2023,Dificuldade em Matemática/Física
2019106004,106,2019,Processo Seletivo,AC,F,15,Aracaju,S,14.1,4.8,N,,0,Concluído,2021,
2019106005,106,2019,Processo Seletivo,AC,F,15,Aracaju,N,14.9,9.0,N,,0,Concluído,2021,
2019106006,106,2019,Processo Seletivo,AC,F,15,Aracaju,S,7.8,8.1,N,,1,Concluído,2022,
2019106007,106,2019,Processo Seletivo,L2,F,14,Nossa Senhora do Socorro,S,23.2,8.2,S,,1,Concluído,2022,
2019106008,106,2019,Processo Seletivo,AC,F,16,Aracaju,N,8.1,6.4,S,,1,Concluído,2022,
2019106009,106,2019,Processo Seletivo,AC,F,16,Aracaju,S,11.7,8.9,N,,1,Concluído,2022,
2019106010,106,2019,Processo Seletivo,AC,F,14,Aracaju,N,9.0,6.9,N,,0,Concluído,2021,
2019106011,106,2019,Processo Seletivo,L2,F,17,Aracaju,S,7.1,6.5,S,,0,Concluído,2021,
2019106012,106,2019,Processo Seletivo,L14,F,14,Nossa Senhora do Socorro,S,29.4,5.8,S,,0,Concluído,2021,
2019106013,106,2019,Processo Seletivo,L2,F,14,Aracaju,S,13.9,4.4,S,,2,Transferido,2024,Retenção/reprovação
2019106014,106,2019,Processo Seletivo,AC,F,14,Aracaju,N,6.2,6.8,S,,1,Cancelado a pedido,2022,Questões financeiras/transporte
2019106015,106,2019,Processo Seletivo,AC,M,15,São Cristóvão,N,22.4,6.9,N,,0,Concluído,2021,
2019106016,106,2019,Processo Seletivo,AC,M,15,Aracaju,N,14.0,7.9,N,,0,Concluído,2021,
2019106017,106,2019,Processo Seletivo,AC,F,14,Barra dos Coqueiros,S,22.8,5.4,N,,0,Concluído,2021,
2019106018,106,2019,Processo Seletivo,AC,F,14,Itaporanga d'Ajuda,S,48.0,7.4,N,,2,Cancelado a pedido,2024,Mudança de curso/escola
2019106019,106,2019,Processo Seletivo,L13,M,14,Barra dos Coqueiros,S,57.9,5.4,N,,0,Concluído,2021,
2019106020,106,2019,Processo Seletivo,L1,F,14,Aracaju,S,8.8,5.5,S,,3,Evadido,2023,Questões financeiras/transporte
2019106021,106,2019,Processo Seletivo,AC,M,14,Barra dos Coqueiros,N,37.9,7.5,N,,0,Concluído,2021,
2019106022,106,2019,Processo Seletivo,AC,M,14,Aracaju,N,11.6,6.9,N,,1,Concluído,2022,
2019106023,106,2019,Processo Seletivo,L1,M,15,Aracaju,S,14.0,6.7,S,,2,Concluído,2023,
2019106024,106,2019,Processo Seletivo,L1,M,16,Aracaju,S,9.1,5.7,S,,0,Concluído,2021,
2019106025,106,2019,Processo Seletivo,L14,M,14,Aracaju,S,10.1,6.7,N,,0,Concluído,2021,
2019106026,106,2019,Processo Seletivo,AC,M,14,Aracaju,N,8.8,6.7,N,,0,Evadido,2022,Retenção/reprovação
2019106027,106,2019,Processo Seletivo,L14,F,15,São Cristóvão,S,68.8,7.2,N,,0,Concluído,2021,
2019106028,106,2019,Processo Seletivo,AC,F,15,Aracaju,S,6.6,7.3,N,,1,Transferido,2022,Mudança de curso/escola
2019106029,106,2019,Processo Seletivo,AC,F,14,Aracaju,N,6.8,7.8,N,,0,Concluído,2021,
2019106030,106,2019,Processo Seletivo,L14,F,15,Estância,S,37.8,6.0,N,,3,Jubilado (desligado por reincidência),2023,Excedeu limite de retenções
2019106031,106,2019,Processo Seletivo,L1,F,14,Aracaju,S,1.7,5.5,N,,0,Concluído,2021,
2019106032,106,2019,Processo Seletivo,AC,M,16,Aracaju,N,4.5,8.0,N,,0,Concluído,2021,
2019106033,106,2019,Processo Seletivo,AC,F,15,Aracaju,S,3.0,8.1,N,,0,Concluído,2021,
2019106034,106,2019,Processo Seletivo,L6,M,14,Nossa Senhora do Socorro,S,64.2,6.6,N,,0,Transferido,2021,Questões financeiras/transporte
2019106035,106,2019,Processo Seletivo,L5,F,15,Aracaju,S,14.7,7.0,N,,0,Concluído,2021,
2019106036,106,2019,Processo Seletivo,L2,F,15,Itaporanga d'Ajuda,S,28.7,9.5,S,,0,Integralizado – pendente de estágio,2021,
2019106037,106,2019,Processo Seletivo,AC,F,15,Aracaju,N,12.4,6.6,N,,0,Concluído,2021,
2019106038,106,2019,Processo Seletivo,L6,F,14,Aracaju,S,9.7,6.6,N,,0,Concluído,2021,
2019106039,106,2019,Processo Seletivo,L2,F,15,Aracaju,S,1.6,6.0,S,,0,Concluído,2021,
2019106040,106,2019,Processo Seletivo,AC,F,16,São Cristóvão,N,44.1,6.4,N,,0,Integralizado – pendente de estágio,2021,
2019106041,106,2019,Processo Seletivo,L1,F,14,Outro município,S,31.8,6.2,S,,1,Concluído,2022,
2019106042,106,2019,Processo Seletivo,L5,F,14,Aracaju,S,11.0,8.2,N,,0,Concluído,2021,
2020101001,101,2020,Processo Seletivo,AC,M,15,Itaporanga d'Ajuda,S,13.6,7.0,S,,1,Concluído,2023,
2020101002,101,2020,Processo Seletivo,AC,M,16,Aracaju,S,8.3,6.5,N,,1,Transferido,2022,Questões financeiras/transporte
2020101003,101,2020,Processo Seletivo,AC,F,15,Aracaju,S,7.1,6.5,N,,2,Evadido,2025,Dificuldade em Matemática/Física
2020101004,101,2020,Processo Seletivo,AC,M,15,Outro município,S,58.6,7.3,N,,1,Concluído,2023,
2020101005,101,2020,Processo Seletivo,L6,F,14,Aracaju,S,11.2,5.7,N,,2,Concluído,2024,
2020101006,101,2020,Processo Seletivo,L5,F,14,Aracaju,S,14.7,5.5,N,,0,Concluído,2022,
2020101007,101,2020,Processo Seletivo,L1,M,14,Aracaju,S,10.0,4.5,S,,0,Transferido,2020,Dificuldade em Matemática/Física
2020101008,101,2020,Processo Seletivo,L5,M,15,São Cristóvão,S,43.6,7.2,N,,0,Transferido,2021,Dificuldade em Matemática/Física
2020101009,101,2020,Processo Seletivo,AC,M,14,Barra dos Coqueiros,S,18.3,5.5,S,,1,Evadido,2023,Dificuldade em Matemática/Física
2020101010,101,2020,Processo Seletivo,L5,M,14,São Cristóvão,S,55.3,7.5,N,,2,Concluído,2024,
2020101011,101,2020,Processo Seletivo,L9,M,14,Aracaju,S,14.2,6.7,N,,0,Concluído,2022,
2020101012,101,2020,Processo Seletivo,AC,M,15,Aracaju,S,11.7,8.2,N,,0,Evadido,2020,Abandono (sem frequência)
2020101013,101,2020,Processo Seletivo,AC,F,15,Aracaju,N,4.5,5.1,N,,1,Concluído,2023,
2020101014,101,2020,Processo Seletivo,AC,M,15,São Cristóvão,N,54.7,7.3,S,,0,Evadido,2022,Abandono (sem frequência)
2020101015,101,2020,Processo Seletivo,L5,M,14,Outro município,S,36.7,5.9,S,,2,Concluído,2024,
2020101016,101,2020,Processo Seletivo,AC,F,14,Laranjeiras,S,56.9,8.8,N,,0,Concluído,2022,
2020101017,101,2020,Processo Seletivo,AC,M,17,Aracaju,N,9.9,8.6,S,,1,Integralizado – pendente de estágio,2023,
2020101018,101,2020,Processo Seletivo,AC,F,15,Aracaju,N,14.1,7.1,S,,0,Transferido,2020,Não informado
2020101019,101,2020,Processo Seletivo,AC,M,16,Aracaju,N,1.1,6.1,N,,1,Transferido,2024,Questões financeiras/transporte
2020101020,101,2020,Processo Seletivo,AC,M,15,São Cristóvão,S,66.6,7.0,S,,0,Concluído,2022,
2020101021,101,2020,Processo Seletivo,AC,M,15,Aracaju,N,13.6,9.5,N,,0,Concluído,2022,
2020101022,101,2020,Processo Seletivo,L1,F,14,Nossa Senhora do Socorro,S,43.9,7.1,N,,1,Transferido,2024,Trabalho
2020101023,101,2020,Processo Seletivo,L14,F,17,Aracaju,S,10.4,3.9,N,,2,Cancelado a pedido,2024,Dificuldade em Matemática/Física
2020101024,101,2020,Processo Seletivo,L13,M,14,Aracaju,S,13.1,6.7,N,,1,Concluído,2023,
2020101025,101,2020,Processo Seletivo,L14,M,16,Nossa Senhora do Socorro,S,31.5,7.0,N,,2,Evadido,2024,Retenção/reprovação
2020101026,101,2020,Processo Seletivo,L5,F,14,Barra dos Coqueiros,S,51.2,4.8,N,,0,Evadido,2020,Questões financeiras/transporte
2020101027,101,2020,Processo Seletivo,L2,F,15,Nossa Senhora do Socorro,S,48.7,6.7,N,,2,Concluído,2024,
2020101028,101,2020,Processo Seletivo,AC,F,15,Aracaju,S,6.3,7.3,N,,0,Concluído,2022,
2020101029,101,2020,Processo Seletivo,L2,M,17,Aracaju,S,4.5,7.0,S,,3,Jubilado (desligado por reincidência),2024,Excedeu limite de retenções
2020101030,101,2020,Processo Seletivo,L14,M,15,Aracaju,S,7.0,6.1,N,,0,Concluído,2022,
2020101031,101,2020,Processo Seletivo,AC,F,16,Nossa Senhora do Socorro,S,31.6,6.2,N,,1,Concluído,2023,
2020101032,101,2020,Processo Seletivo,L13,F,15,Barra dos Coqueiros,S,15.3,5.1,N,,1,Concluído,2023,
2020101033,101,2020,Processo Seletivo,L6,F,14,Aracaju,S,7.1,6.3,N,,0,Concluído,2022,
2020101034,101,2020,Processo Seletivo,L5,M,17,Nossa Senhora do Socorro,S,40.1,7.2,N,3,4,Cursando,,
2020101035,101,2020,Processo Seletivo,AC,M,14,Aracaju,N,11.4,7.1,N,,0,Concluído,2022,
2020101036,101,2020,Processo Seletivo,AC,F,15,Nossa Senhora do Socorro,S,13.8,5.3,N,,2,Transferido,2023,Abandono (sem frequência)
2020101037,101,2020,Processo Seletivo,AC,M,14,Aracaju,N,13.7,7.2,N,,2,Integralizado – pendente de estágio,2024,
2020101038,101,2020,Processo Seletivo,AC,F,14,São Cristóvão,N,21.4,7.0,N,,2,Transferido,2023,Retenção/reprovação
2020101039,101,2020,Processo Seletivo,AC,F,14,Aracaju,S,2.7,8.0,N,,0,Concluído,2022,
2020101040,101,2020,Processo Seletivo,AC,M,14,Aracaju,N,13.2,8.4,N,,1,Transferido,2024,Questões financeiras/transporte
2020101041,101,2020,Processo Seletivo,L2,F,14,Aracaju,S,10.8,6.4,S,,0,Concluído,2022,
2020101042,101,2020,Processo Seletivo,AC,M,15,Aracaju,S,12.7,6.0,N,,2,Concluído,2024,
2020101043,101,2020,Processo Seletivo,AC,F,14,Aracaju,S,9.6,6.9,S,,2,Transferido,2025,Dificuldade em Matemática/Física
2020101044,101,2020,Processo Seletivo,AC,M,15,Estância,N,64.4,8.4,S,,2,Concluído,2024,
2020101045,101,2020,Processo Seletivo,AC,F,15,São Cristóvão,S,39.0,8.6,S,,0,Concluído,2022,
2020101046,101,2020,Processo Seletivo,L5,M,16,São Cristóvão,S,37.7,6.3,S,,3,Jubilado (desligado por reincidência),2024,Excedeu limite de retenções
2020102001,102,2020,Processo Seletivo,L2,M,14,Aracaju,S,14.5,5.5,N,,0,Evadido,2020,Trabalho
2020102002,102,2020,Processo Seletivo,AC,M,15,Nossa Senhora do Socorro,N,32.2,7.7,S,,0,Concluído,2022,
2020102003,102,2020,Processo Seletivo,L5,M,14,Aracaju,S,8.3,7.8,S,,0,Concluído,2022,
2020102004,102,2020,Processo Seletivo,L6,F,15,Aracaju,S,2.3,5.9,N,,1,Evadido,2024,Retenção/reprovação
2020102005,102,2020,Processo Seletivo,L1,F,14,Aracaju,S,7.2,7.0,S,,0,Concluído,2022,
2020102006,102,2020,Processo Seletivo,AC,F,14,Aracaju,N,8.0,8.0,N,,0,Concluído,2022,
2020102007,102,2020,Processo Seletivo,AC,F,16,Aracaju,S,14.4,8.4,N,,0,Concluído,2022,
2020102008,102,2020,Processo Seletivo,L13,F,15,Aracaju,S,3.4,6.5,N,,1,Concluído,2023,
2020102009,102,2020,Processo Seletivo,L5,M,15,Barra dos Coqueiros,S,30.3,7.1,N,,0,Concluído,2022,
2020102010,102,2020,Processo Seletivo,L14,M,15,Nossa Senhora do Socorro,S,47.1,5.8,N,,2,Concluído,2024,
2020102011,102,2020,Processo Seletivo,AC,M,15,Laranjeiras,N,54.5,7.6,N,,2,Concluído,2024,
2020102012,102,2020,Processo Seletivo,L13,M,15,Aracaju,S,14.3,6.2,N,,0,Integralizado – pendente de estágio,2022,
2020102013,102,2020,Processo Seletivo,L9,F,14,São Cristóvão,S,56.5,6.6,S,,1,Evadido,2022,Retenção/reprovação
2020102014,102,2020,Processo Seletivo,AC,F,14,Outro município,S,40.6,9.0,S,,0,Concluído,2022,
2020102015,102,2020,Processo Seletivo,L2,M,15,Aracaju,S,7.4,7.5,N,,2,Cancelado a pedido,2023,Retenção/reprovação
2020102016,102,2020,Processo Seletivo,L6,F,16,Outro município,S,27.8,8.0,N,,0,Concluído,2022,
2020102017,102,2020,Processo Seletivo,AC,M,14,Nossa Senhora do Socorro,N,52.2,8.6,N,,0,Evadido,2021,Trabalho
2020102018,102,2020,Processo Seletivo,AC,F,15,Aracaju,N,9.7,6.3,N,,0,Cancelado a pedido,2021,Mudança de curso/escola
2020102019,102,2020,Processo Seletivo,L5,F,17,Nossa Senhora do Socorro,S,62.7,6.0,N,,2,Evadido,2025,Retenção/reprovação
2020102020,102,2020,Processo Seletivo,L5,M,15,Barra dos Coqueiros,S,45.8,6.3,S,,3,Jubilado (desligado por reincidência),2023,Excedeu limite de retenções
2020102021,102,2020,Processo Seletivo,L10,M,14,São Cristóvão,S,60.2,7.7,S,,0,Concluído,2022,
2020102022,102,2020,Processo Seletivo,L14,M,15,Aracaju,S,5.5,4.9,N,,3,Jubilado (desligado por reincidência),2024,Excedeu limite de retenções
2020102023,102,2020,Processo Seletivo,L2,M,14,Nossa Senhora do Socorro,S,67.4,5.0,N,,1,Evadido,2022,Trabalho
2020102024,102,2020,Processo Seletivo,L6,F,14,São Cristóvão,S,67.1,5.6,N,,0,Concluído,2022,
2020102025,102,2020,Processo Seletivo,L2,M,14,Aracaju,S,2.2,6.1,N,,1,Evadido,2022,Dificuldade em Matemática/Física
2020102026,102,2020,Processo Seletivo,AC,F,16,Aracaju,S,14.4,7.6,N,,0,Concluído,2022,
2020102027,102,2020,Processo Seletivo,L2,M,14,Aracaju,S,5.8,5.4,S,,3,Jubilado (desligado por reincidência),2022,Excedeu limite de retenções
2020102028,102,2020,Processo Seletivo,AC,M,15,Aracaju,S,11.5,5.9,S,,0,Concluído,2022,
2020102029,102,2020,Processo Seletivo,AC,M,16,Nossa Senhora do Socorro,S,23.4,8.0,N,,0,Evadido,2021,Não informado
2020102030,102,2020,Processo Seletivo,L5,F,15,Aracaju,S,2.3,6.6,N,,0,Cancelado a pedido,2022,Dificuldade em Matemática/Física
2020102031,102,2020,Processo Seletivo,L2,M,14,Aracaju,S,2.6,5.1,N,,0,Concluído,2022,
2020102032,102,2020,Processo Seletivo,AC,F,15,Aracaju,N,1.3,7.4,N,,2,Transferido,2024,Mudança de curso/escola
2020102033,102,2020,Processo Seletivo,L2,M,16,Aracaju,S,11.1,6.0,S,,2,Evadido,2023,Dificuldade em Matemática/Física
2020102034,102,2020,Processo Seletivo,AC,M,14,Barra dos Coqueiros,N,25.2,8.5,S,,2,Concluído,2024,
2020102035,102,2020,Processo Seletivo,AC,M,15,Aracaju,S,11.4,5.1,N,,0,Concluído,2022,
2020102036,102,2020,Processo Seletivo,AC,M,14,Aracaju,S,12.9,7.2,N,,0,Concluído,2022,
2020102037,102,2020,Processo Seletivo,AC,F,15,Aracaju,N,12.8,7.6,N,,0,Concluído,2022,
2020102038,102,2020,Processo Seletivo,AC,M,14,Aracaju,N,3.7,8.4,N,,1,Evadido,2023,Dificuldade em Matemática/Física
2020102039,102,2020,Processo Seletivo,AC,M,15,Estância,N,42.2,7.0,N,,1,Concluído,2023,
2020102040,102,2020,Processo Seletivo,AC,M,15,Aracaju,N,5.8,6.7,S,,1,Cancelado a pedido,2022,Dificuldade em Matemática/Física
2020102041,102,2020,Processo Seletivo,L13,M,15,Estância,S,66.5,7.1,N,,2,Cancelado a pedido,2024,Mudança de curso/escola
2020102042,102,2020,Processo Seletivo,AC,M,15,Aracaju,S,5.5,6.5,N,,0,Concluído,2022,
2020102043,102,2020,Processo Seletivo,L13,F,15,Aracaju,S,11.8,4.0,N,,2,Transferido,2022,Não informado
2020102044,102,2020,Processo Seletivo,AC,M,14,Aracaju,N,1.6,6.3,N,,0,Concluído,2022,
2020102045,102,2020,Processo Seletivo,L5,M,15,Outro município,S,41.3,5.9,N,,1,Concluído,2023,
2020102046,102,2020,Processo Seletivo,L13,M,15,Aracaju,S,9.7,4.5,S,,0,Concluído,2022,
2020102047,102,2020,Processo Seletivo,AC,F,14,Aracaju,N,7.9,5.9,N,,1,Concluído,2023,
2020103001,103,2020,Processo Seletivo,L6,M,15,Aracaju,S,2.2,7.0,N,,0,Concluído,2022,
2020103002,103,2020,Processo Seletivo,L6,M,14,Aracaju,S,7.0,7.4,S,,0,Concluído,2022,
2020103003,103,2020,Processo Seletivo,L1,M,14,Nossa Senhora do Socorro,S,64.8,6.6,N,,3,Jubilado (desligado por reincidência),2022,Excedeu limite de retenções
2020103004,103,2020,Processo Seletivo,AC,M,14,Nossa Senhora do Socorro,N,29.9,7.3,N,,3,Evadido,2026,Dificuldade em Matemática/Física
2020103005,103,2020,Processo Seletivo,AC,M,17,Aracaju,S,6.2,7.9,N,,0,Concluído,2022,
2020103006,103,2020,Processo Seletivo,L14,M,14,Aracaju,S,7.3,9.1,S,,0,Evadido,2021,Não informado
2020103007,103,2020,Processo Seletivo,AC,M,15,Estância,S,57.7,8.6,N,,0,Transferido,2020,Mudança de curso/escola
2020103008,103,2020,Processo Seletivo,AC,M,15,Aracaju,N,14.6,7.7,N,,0,Concluído,2022,
2020103009,103,2020,Processo Seletivo,L1,F,14,Nossa Senhora do Socorro,S,67.2,5.9,N,,1,Concluído,2023,
2020103010,103,2020,Processo Seletivo,AC,M,15,Itaporanga d'Ajuda,N,61.2,6.6,N,,1,Concluído,2023,
2020103011,103,2020,Processo Seletivo,L13,M,15,Barra dos Coqueiros,S,64.4,4.4,S,,1,Concluído,2023,
2020103012,103,2020,Processo Seletivo,AC,M,14,Aracaju,N,10.8,7.7,S,,0,Concluído,2022,
2020103013,103,2020,Processo Seletivo,L9,M,15,Aracaju,S,9.7,6.2,S,,1,Evadido,2023,Questões financeiras/transporte
2020103014,103,2020,Processo Seletivo,AC,M,14,Aracaju,N,4.2,6.5,N,,0,Concluído,2022,
2020103015,103,2020,Processo Seletivo,L14,M,14,Barra dos Coqueiros,S,15.2,6.4,N,,0,Concluído,2022,
2020103016,103,2020,Processo Seletivo,L9,M,15,São Cristóvão,S,36.8,4.8,S,,1,Evadido,2022,Mudança de curso/escola
2020103017,103,2020,Processo Seletivo,L2,M,15,Barra dos Coqueiros,S,69.8,7.4,S,,1,Concluído,2023,
2020103018,103,2020,Processo Seletivo,AC,M,14,Nossa Senhora do Socorro,S,27.3,6.1,N,,0,Evadido,2021,Retenção/reprovação
2020103019,103,2020,Processo Seletivo,L6,M,14,Aracaju,S,14.8,4.2,N,,4,Evadido,2026,Trabalho
2020103020,103,2020,Processo Seletivo,L5,M,15,Nossa Senhora do Socorro,S,65.7,8.9,N,,0,Concluído,2022,
2020103021,103,2020,Processo Seletivo,L13,M,14,Aracaju,S,4.8,4.5,S,,1,Evadido,2023,Retenção/reprovação
2020103022,103,2020,Processo Seletivo,AC,F,17,Aracaju,N,2.6,8.1,S,,0,Concluído,2022,
2020103023,103,2020,Processo Seletivo,AC,M,14,Aracaju,S,6.6,8.2,N,,1,Concluído,2023,
2020103024,103,2020,Processo Seletivo,L6,M,15,Aracaju,S,8.9,6.4,N,,1,Transferido,2022,Retenção/reprovação
2020103025,103,2020,Processo Seletivo,L2,M,15,Barra dos Coqueiros,S,61.3,6.3,S,,3,Jubilado (desligado por reincidência),2024,Excedeu limite de retenções
2020103026,103,2020,Processo Seletivo,AC,F,15,Aracaju,S,8.0,7.5,N,,0,Concluído,2022,
2020103027,103,2020,Processo Seletivo,AC,F,15,Aracaju,N,4.9,7.5,N,,2,Concluído,2024,
2020103028,103,2020,Processo Seletivo,AC,M,14,Aracaju,S,5.9,8.7,N,,0,Evadido,2020,Aprovação em outra escola
2020103029,103,2020,Processo Seletivo,AC,M,14,Aracaju,S,6.8,6.8,N,,2,Evadido,2023,Mudança de curso/escola
2020103030,103,2020,Processo Seletivo,L6,F,15,Aracaju,S,5.3,5.3,N,,0,Transferido,2022,Dificuldade em Matemática/Física
2020103031,103,2020,Processo Seletivo,AC,F,15,Aracaju,S,4.4,5.9,N,,3,Jubilado (desligado por reincidência),2024,Excedeu limite de retenções
2020103032,103,2020,Processo Seletivo,L6,M,15,Aracaju,S,14.9,7.9,S,,0,Concluído,2022,
2020103033,103,2020,Processo Seletivo,L6,F,15,Aracaju,S,3.3,4.8,N,,2,Concluído,2024,
2020103034,103,2020,Processo Seletivo,AC,M,15,Barra dos Coqueiros,S,49.3,7.1,N,,2,Evadido,2024,Retenção/reprovação
2020103035,103,2020,Processo Seletivo,L2,M,14,Barra dos Coqueiros,S,59.3,6.0,N,,0,Evadido,2021,Retenção/reprovação
2020103036,103,2020,Processo Seletivo,L2,M,15,Aracaju,S,8.4,4.5,S,,1,Evadido,2023,Dificuldade em Matemática/Física
2020103037,103,2020,Processo Seletivo,AC,M,14,Aracaju,S,10.9,7.5,N,,1,Concluído,2023,
2020103038,103,2020,Processo Seletivo,AC,M,14,Aracaju,N,10.5,7.5,N,,0,Concluído,2022,
2020103039,103,2020,Processo Seletivo,AC,M,15,Laranjeiras,S,64.4,6.0,N,,1,Concluído,2023,
2020103040,103,2020,Processo Seletivo,L2,M,14,Barra dos Coqueiros,S,61.0,6.8,N,,1,Concluído,2023,
2020103041,103,2020,Processo Seletivo,L5,M,15,Aracaju,S,3.0,7.8,N,,1,Concluído,2023,
2020103042,103,2020,Processo Seletivo,L14,M,17,Outro município,S,46.9,5.7,N,,1,Concluído,2023,
2020103043,103,2020,Processo Seletivo,AC,M,14,São Cristóvão,S,64.5,7.0,N,,1,Evadido,2023,Mudança de curso/escola
2020103044,103,2020,Processo Seletivo,AC,M,15,Estância,N,67.9,6.1,N,,0,Integralizado – pendente de estágio,2022,
2020103045,103,2020,Processo Seletivo,AC,M,15,São Cristóvão,N,29.8,7.3,N,,1,Concluído,2023,
2020104001,104,2020,Processo Seletivo,L10,M,14,Estância,S,15.6,6.5,S,,2,Transferido,2025,Retenção/reprovação
2020104002,104,2020,Processo Seletivo,AC,F,15,Aracaju,S,13.0,4.7,N,,0,Concluído,2022,
2020104003,104,2020,Processo Seletivo,L13,M,14,Barra dos Coqueiros,S,30.3,8.0,S,,0,Concluído,2022,
2020104004,104,2020,Processo Seletivo,L2,M,14,Aracaju,S,11.1,7.7,S,,2,Concluído,2024,
2020104005,104,2020,Processo Seletivo,L2,M,15,Aracaju,S,8.3,5.5,N,,1,Evadido,2023,Não informado
2020104006,104,2020,Processo Seletivo,L14,F,15,Aracaju,S,4.3,6.1,N,,0,Integralizado – pendente de estágio,2022,
2020104007,104,2020,Processo Seletivo,L6,M,14,Aracaju,S,1.5,5.6,N,,2,Evadido,2022,Mudança de curso/escola
2020104008,104,2020,Processo Seletivo,L14,M,16,Aracaju,S,12.7,4.8,S,,0,Concluído,2022,
2020104009,104,2020,Processo Seletivo,AC,F,16,Aracaju,N,9.8,7.2,N,,3,Jubilado (desligado por reincidência),2024,Excedeu limite de retenções
2020104010,104,2020,Processo Seletivo,L6,M,15,Aracaju,S,5.4,5.0,N,,0,Concluído,2022,
2020104011,104,2020,Processo Seletivo,L2,F,14,Aracaju,S,13.4,5.7,S,,1,Concluído,2023,
2020104012,104,2020,Processo Seletivo,AC,M,15,Nossa Senhora do Socorro,N,57.1,6.6,N,,0,Concluído,2022,
2020104013,104,2020,Processo Seletivo,AC,F,14,Aracaju,S,1.8,6.5,S,,1,Concluído,2023,
2020104014,104,2020,Processo Seletivo,L1,M,15,Barra dos Coqueiros,S,45.3,6.2,S,,3,Jubilado (desligado por reincidência),2024,Excedeu limite de retenções
2020104015,104,2020,Processo Seletivo,AC,M,15,Nossa Senhora do Socorro,N,34.2,6.9,S,,3,Concluído,2025,
2020104016,104,2020,Processo Seletivo,AC,M,15,Aracaju,N,8.2,7.4,S,,1,Concluído,2023,
2020104017,104,2020,Processo Seletivo,AC,M,14,São Cristóvão,N,34.4,6.5,S,,0,Concluído,2022,
2020104018,104,2020,Processo Seletivo,L5,M,14,Barra dos Coqueiros,S,41.4,8.0,N,,0,Evadido,2020,Retenção/reprovação
2020104019,104,2020,Processo Seletivo,AC,M,17,Aracaju,N,2.6,7.9,N,,0,Integralizado – pendente de estágio,2022,
2020104020,104,2020,Processo Seletivo,L1,F,15,Laranjeiras,S,46.5,6.1,N,,2,Evadido,2023,Não informado
2020104021,104,2020,Processo Seletivo,L6,F,15,Aracaju,S,1.1,4.6,N,,1,Evadido,2024,Retenção/reprovação
2020104022,104,2020,Processo Seletivo,L2,F,14,Aracaju,S,9.2,5.8,S,,1,Evadido,2024,Retenção/reprovação
2020104023,104,2020,Processo Seletivo,AC,M,14,Nossa Senhora do Socorro,S,14.0,6.1,N,,0,Evadido,2022,Não informado
2020104024,104,2020,Processo Seletivo,L5,M,15,Aracaju,S,2.1,8.0,N,,0,Concluído,2022,
2020104025,104,2020,Processo Seletivo,AC,F,16,Itaporanga d'Ajuda,N,63.7,6.7,N,,0,Concluído,2022,
2020104026,104,2020,Processo Seletivo,AC,M,17,Barra dos Coqueiros,S,43.0,6.7,N,,0,Concluído,2022,
2020104027,104,2020,Processo Seletivo,AC,F,15,Aracaju,N,6.3,7.3,S,,1,Concluído,2023,
2020104028,104,2020,Processo Seletivo,L5,F,14,Itaporanga d'Ajuda,S,40.5,7.4,N,,0,Evadido,2020,Dificuldade de aprendizagem
2020104029,104,2020,Processo Seletivo,L6,F,15,Aracaju,S,5.3,5.8,N,,0,Concluído,2022,
2020104030,104,2020,Processo Seletivo,L6,F,15,Aracaju,S,4.7,6.8,N,,1,Concluído,2023,
2020104031,104,2020,Processo Seletivo,L13,F,14,Aracaju,S,6.6,7.6,S,,0,Concluído,2022,
2020104032,104,2020,Processo Seletivo,L5,F,14,Nossa Senhora do Socorro,S,27.0,5.7,N,,2,Evadido,2024,Retenção/reprovação
2020104033,104,2020,Processo Seletivo,L1,M,15,Barra dos Coqueiros,S,19.1,5.1,S,,1,Concluído,2023,
2020104034,104,2020,Processo Seletivo,AC,M,15,Barra dos Coqueiros,S,41.5,7.4,N,,1,Concluído,2023,
2020104035,104,2020,Processo Seletivo,L5,F,15,Outro município,S,17.1,7.0,N,,0,Concluído,2022,
2020104036,104,2020,Processo Seletivo,L6,F,14,Aracaju,S,8.7,6.1,N,,1,Concluído,2023,
2020104037,104,2020,Processo Seletivo,L2,M,14,Aracaju,S,12.7,5.8,S,,3,Jubilado (desligado por reincidência),2022,Excedeu limite de retenções
2020104038,104,2020,Processo Seletivo,L2,M,15,Aracaju,S,9.0,7.2,N,,0,Concluído,2022,
2020104039,104,2020,Processo Seletivo,L9,M,14,Nossa Senhora do Socorro,S,45.0,6.5,S,,1,Concluído,2023,
2020104040,104,2020,Processo Seletivo,L6,F,15,Nossa Senhora do Socorro,S,13.1,5.9,N,,0,Concluído,2022,
2020104041,104,2020,Processo Seletivo,AC,M,14,Aracaju,N,5.1,8.1,N,,0,Concluído,2022,
2020104042,104,2020,Processo Seletivo,AC,F,16,Aracaju,N,12.0,5.8,N,,0,Concluído,2022,
2020104043,104,2020,Processo Seletivo,L5,M,17,São Cristóvão,S,51.4,7.5,N,,2,Transferido,2024,Retenção/reprovação
2020104044,104,2020,Processo Seletivo,L6,M,14,Outro município,S,19.3,6.9,N,,0,Evadido,2020,Não informado
2020104045,104,2020,Processo Seletivo,L2,M,14,Nossa Senhora do Socorro,S,32.2,6.4,N,,0,Evadido,2022,Questões financeiras/transporte
2020105001,105,2020,Processo Seletivo,L10,F,14,Itaporanga d'Ajuda,S,46.7,6.2,S,,2,Evadido,2024,Dificuldade de aprendizagem
2020105002,105,2020,Processo Seletivo,L6,F,14,Aracaju,S,12.0,7.4,N,,0,Concluído,2022,
2020105003,105,2020,Processo Seletivo,AC,F,14,Barra dos Coqueiros,S,35.2,7.3,N,,0,Concluído,2022,
2020105004,105,2020,Processo Seletivo,L6,F,16,Nossa Senhora do Socorro,S,15.6,7.1,N,,1,Evadido,2023,Abandono (sem frequência)
2020105005,105,2020,Processo Seletivo,L10,M,15,Aracaju,S,7.0,5.5,N,,3,Evadido,2025,Trabalho
2020105006,105,2020,Processo Seletivo,L1,M,17,Aracaju,S,14.2,5.4,S,,3,Cancelado a pedido,2025,Não informado
2020105007,105,2020,Processo Seletivo,L14,M,14,São Cristóvão,S,21.8,6.3,N,,0,Concluído,2022,
2020105008,105,2020,Processo Seletivo,L5,F,16,Aracaju,S,14.9,7.3,S,,0,Concluído,2022,
2020105009,105,2020,Processo Seletivo,L14,F,15,Barra dos Coqueiros,S,36.4,5.9,N,,1,Concluído,2023,
2020105010,105,2020,Processo Seletivo,AC,M,14,Aracaju,N,8.3,7.7,S,,0,Concluído,2022,
2020105011,105,2020,Processo Seletivo,AC,M,15,Nossa Senhora do Socorro,N,59.4,6.8,N,,0,Concluído,2022,
2020105012,105,2020,Processo Seletivo,AC,F,16,Aracaju,N,7.9,7.3,N,,0,Concluído,2022,
2020105013,105,2020,Processo Seletivo,L2,F,15,Aracaju,S,12.7,4.3,N,,2,Integralizado – pendente de estágio,2024,
2020105014,105,2020,Processo Seletivo,AC,F,15,Barra dos Coqueiros,N,23.2,6.7,N,,0,Concluído,2022,
2020105015,105,2020,Processo Seletivo,AC,M,14,Aracaju,N,5.7,6.7,N,,1,Concluído,2023,
2020105016,105,2020,Processo Seletivo,L1,F,15,Nossa Senhora do Socorro,S,25.2,5.0,S,,1,Evadido,2021,Retenção/reprovação
2020105017,105,2020,Processo Seletivo,L6,F,17,Aracaju,S,14.7,4.8,N,,0,Evadido,2020,Questões financeiras/transporte
2020105018,105,2020,Processo Seletivo,L2,F,14,Estância,S,12.6,6.1,S,,0,Concluído,2022,
2020105019,105,2020,Processo Seletivo,L13,M,16,Itaporanga d'Ajuda,S,19.2,6.5,N,,0,Evadido,2020,Questões financeiras/transporte
2020105020,105,2020,Processo Seletivo,L14,F,14,Aracaju,S,5.9,7.2,N,,0,Evadido,2021,Mudança de curso/escola
2020105021,105,2020,Processo Seletivo,L13,F,14,Aracaju,S,3.0,6.7,N,,1,Concluído,2023,
2020105022,105,2020,Processo Seletivo,L6,M,15,Nossa Senhora do Socorro,S,37.2,6.0,N,,0,Concluído,2022,
2020105023,105,2020,Processo Seletivo,L1,F,14,Aracaju,S,5.4,6.4,S,,1,Concluído,2023,
2020105024,105,2020,Processo Seletivo,L2,F,15,Nossa Senhora do Socorro,S,16.0,4.4,N,,0,Concluído,2022,
2020105025,105,2020,Processo Seletivo,AC,F,15,São Cristóvão,N,29.3,7.1,S,,0,Concluído,2022,
2020105026,105,2020,Processo Seletivo,L6,F,14,Barra dos Coqueiros,S,12.9,6.4,N,,0,Concluído,2022,
2020105027,105,2020,Processo Seletivo,L1,F,14,Aracaju,S,3.8,4.0,S,,1,Evadido,2023,Dificuldade em Matemática/Física
2020105028,105,2020,Processo Seletivo,L6,F,15,Barra dos Coqueiros,S,54.2,6.4,N,,1,Evadido,2021,Dificuldade em Matemática/Física
2020105029,105,2020,Processo Seletivo,L9,M,15,Aracaju,S,12.0,6.0,S,,0,Concluído,2022,
2020105030,105,2020,Processo Seletivo,AC,F,15,São Cristóvão,N,32.6,8.7,S,,1,Concluído,2023,
2020105031,105,2020,Processo Seletivo,L6,F,15,Nossa Senhora do Socorro,S,51.4,6.5,S,,1,Concluído,2023,
2020105032,105,2020,Processo Seletivo,AC,F,15,Nossa Senhora do Socorro,S,61.2,5.8,S,,1,Concluído,2023,
2020105033,105,2020,Processo Seletivo,AC,F,14,Nossa Senhora do Socorro,N,65.2,8.6,N,,0,Concluído,2022,
2020105034,105,2020,Processo Seletivo,L2,F,14,Laranjeiras,S,47.3,5.5,S,,1,Concluído,2023,
2020105035,105,2020,Processo Seletivo,L5,M,15,São Cristóvão,S,42.4,6.8,N,,0,Concluído,2022,
2020105036,105,2020,Processo Seletivo,L5,F,14,Aracaju,S,12.0,6.4,N,,1,Evadido,2021,Questões financeiras/transporte
2020105037,105,2020,Processo Seletivo,AC,M,15,Aracaju,N,9.6,8.5,S,,0,Concluído,2022,
2020105038,105,2020,Processo Seletivo,L2,F,15,Aracaju,S,9.5,7.0,S,,2,Concluído,2024,
2020105039,105,2020,Processo Seletivo,AC,M,14,Aracaju,S,5.6,6.7,N,,3,Concluído,2025,
2020105040,105,2020,Processo Seletivo,AC,M,15,Nossa Senhora do Socorro,N,61.3,8.0,N,,0,Concluído,2022,
2020106001,106,2020,Processo Seletivo,L2,F,14,Barra dos Coqueiros,S,57.1,6.1,S,,0,Evadido,2021,Mudança de curso/escola
2020106002,106,2020,Processo Seletivo,L5,F,15,Aracaju,S,1.2,4.3,S,,3,Jubilado (desligado por reincidência),2022,Excedeu limite de retenções
2020106003,106,2020,Processo Seletivo,L2,F,15,Itaporanga d'Ajuda,S,41.4,5.7,N,,2,Concluído,2024,
2020106004,106,2020,Processo Seletivo,AC,M,14,Itaporanga d'Ajuda,S,59.5,5.6,N,,0,Concluído,2022,
2020106005,106,2020,Processo Seletivo,L2,F,15,Laranjeiras,S,58.6,6.6,N,,0,Concluído,2022,
2020106006,106,2020,Processo Seletivo,L1,F,15,Laranjeiras,S,37.8,5.6,S,,1,Concluído,2023,
2020106007,106,2020,Processo Seletivo,AC,M,16,Aracaju,S,10.1,7.9,N,,0,Integralizado – pendente de estágio,2022,
2020106008,106,2020,Processo Seletivo,AC,M,15,Barra dos Coqueiros,S,55.2,8.4,N,,1,Concluído,2023,
2020106009,106,2020,Processo Seletivo,AC,F,16,Laranjeiras,N,24.7,7.5,N,,1,Integralizado – pendente de estágio,2023,
2020106010,106,2020,Processo Seletivo,L1,F,14,São Cristóvão,S,66.3,5.6,N,,1,Concluído,2023,
2020106011,106,2020,Processo Seletivo,L5,F,14,Aracaju,S,5.4,6.8,N,,2,Concluído,2024,
2020106012,106,2020,Processo Seletivo,AC,F,14,Nossa Senhora do Socorro,N,43.5,6.6,N,,0,Transferido,2022,Trabalho
2020106013,106,2020,Processo Seletivo,AC,F,15,Aracaju,S,12.6,7.2,S,,1,Evadido,2023,Trabalho
2020106014,106,2020,Processo Seletivo,AC,F,15,São Cristóvão,N,48.9,7.1,N,,0,Concluído,2022,
2020106015,106,2020,Processo Seletivo,L5,M,14,Outro município,S,53.3,6.5,N,,1,Evadido,2023,Retenção/reprovação
2020106016,106,2020,Processo Seletivo,L2,F,16,Aracaju,S,9.1,7.8,S,,0,Concluído,2022,
2020106017,106,2020,Processo Seletivo,AC,M,14,Outro município,N,13.9,5.8,N,,0,Concluído,2022,
2020106018,106,2020,Processo Seletivo,AC,F,15,Barra dos Coqueiros,N,67.9,9.4,N,,0,Concluído,2022,
2020106019,106,2020,Processo Seletivo,L14,F,14,Barra dos Coqueiros,S,33.3,4.6,S,,1,Concluído,2023,
2020106020,106,2020,Processo Seletivo,AC,F,16,Barra dos Coqueiros,N,66.8,7.3,N,,0,Concluído,2022,
2020106021,106,2020,Processo Seletivo,L1,F,15,Aracaju,S,1.9,6.7,S,,2,Concluído,2024,
2020106022,106,2020,Processo Seletivo,L10,F,14,Aracaju,S,7.4,5.2,S,,0,Concluído,2022,
2020106023,106,2020,Processo Seletivo,AC,M,15,Aracaju,S,13.0,6.0,N,,0,Concluído,2022,
2020106024,106,2020,Processo Seletivo,AC,M,17,Aracaju,N,11.2,7.5,N,,0,Concluído,2022,
2020106025,106,2020,Processo Seletivo,AC,F,16,Nossa Senhora do Socorro,N,22.7,6.3,N,,0,Concluído,2022,
2020106026,106,2020,Processo Seletivo,L6,M,15,Outro município,S,58.9,6.0,N,,0,Concluído,2022,
2020106027,106,2020,Processo Seletivo,AC,M,14,Aracaju,N,4.3,8.8,N,,0,Integralizado – pendente de estágio,2022,
2020106028,106,2020,Processo Seletivo,L6,F,15,Barra dos Coqueiros,S,31.9,6.4,N,,0,Integralizado – pendente de estágio,2022,
2020106029,106,2020,Processo Seletivo,AC,F,16,Aracaju,N,6.2,6.7,N,,0,Concluído,2022,
2020106030,106,2020,Processo Seletivo,L5,M,14,Aracaju,S,3.8,4.4,N,,1,Concluído,2023,
2020106031,106,2020,Processo Seletivo,AC,F,16,Outro município,S,57.2,6.4,N,,2,Concluído,2024,
2020106032,106,2020,Processo Seletivo,L6,F,16,Aracaju,S,2.1,6.9,N,,0,Concluído,2022,
2020106033,106,2020,Processo Seletivo,AC,F,15,Aracaju,N,6.7,7.8,N,,3,Jubilado (desligado por reincidência),2024,Excedeu limite de retenções
2020106034,106,2020,Processo Seletivo,L13,F,14,Aracaju,S,14.9,5.6,N,,1,Evadido,2024,Mudança de curso/escola
2020106035,106,2020,Processo Seletivo,AC,F,14,Nossa Senhora do Socorro,N,36.6,5.9,S,,2,Integralizado – pendente de estágio,2024,
2020106036,106,2020,Processo Seletivo,AC,F,14,Aracaju,N,8.7,7.8,N,,0,Transferido,2021,Questões financeiras/transporte
2020106037,106,2020,Processo Seletivo,L5,M,15,Aracaju,S,6.8,6.9,N,,0,Concluído,2022,
2020106038,106,2020,Processo Seletivo,L6,F,14,São Cristóvão,S,41.1,2.2,S,,1,Transferido,2024,Não informado
2020106039,106,2020,Processo Seletivo,AC,F,16,Aracaju,N,13.7,5.1,S,,0,Integralizado – pendente de estágio,2022,
2021101001,101,2021,Processo Seletivo,L5,M,15,Barra dos Coqueiros,S,29.9,7.4,N,,0,Concluído,2023,
2021101002,101,2021,Processo Seletivo,L14,M,15,Aracaju,S,11.7,6.2,N,,3,Jubilado (desligado por reincidência),2025,Excedeu limite de retenções
2021101003,101,2021,Processo Seletivo,AC,M,16,São Cristóvão,N,53.5,7.0,N,,2,Concluído,2025,
2021101004,101,2021,Processo Seletivo,L6,M,15,Nossa Senhora do Socorro,S,20.4,6.3,N,,3,Jubilado (desligado por reincidência),2023,Excedeu limite de retenções
2021101005,101,2021,Processo Seletivo,AC,M,15,Estância,N,16.5,9.6,N,,2,Evadido,2023,Questões financeiras/transporte
2021101006,101,2021,Processo Seletivo,L2,F,15,Aracaju,S,11.7,6.0,S,,0,Concluído,2023,
2021101007,101,2021,Processo Seletivo,L6,M,16,Nossa Senhora do Socorro,S,40.3,4.4,N,,0,Evadido,2023,Retenção/reprovação
2021101008,101,2021,Processo Seletivo,L2,M,14,Aracaju,S,14.1,6.6,S,,2,Evadido,2023,Mudança de curso/escola
2021101009,101,2021,Processo Seletivo,L14,F,14,Barra dos Coqueiros,S,49.7,6.7,N,,1,Evadido,2022,Retenção/reprovação
2021101010,101,2021,Processo Seletivo,L6,M,14,Aracaju,S,9.5,6.2,N,,0,Cancelado a pedido,2022,Retenção/reprovação
2021101011,101,2021,Processo Seletivo,AC,F,16,Laranjeiras,S,24.6,7.4,S,,1,Transferido,2024,Mudança de curso/escola
2021101012,101,2021,Processo Seletivo,AC,M,16,São Cristóvão,S,58.6,7.1,N,,0,Concluído,2023,
2021101013,101,2021,Processo Seletivo,L5,F,15,Aracaju,S,11.5,6.0,N,,0,Concluído,2023,
2021101014,101,2021,Processo Seletivo,AC,M,14,Aracaju,N,5.0,7.6,N,,3,Jubilado (desligado por reincidência),2025,Excedeu limite de retenções
2021101015,101,2021,Processo Seletivo,L6,M,14,Nossa Senhora do Socorro,S,21.4,7.0,S,,0,Concluído,2023,
2021101016,101,2021,Processo Seletivo,L1,M,16,Aracaju,S,8.3,6.8,S,,0,Transferido,2022,Trabalho
2021101017,101,2021,Processo Seletivo,L6,M,15,Nossa Senhora do Socorro,S,52.6,6.0,N,,1,Evadido,2024,Dificuldade em Matemática/Física
2021101018,101,2021,Processo Seletivo,AC,M,15,Aracaju,N,12.7,6.8,N,,1,Concluído,2024,
2021101019,101,2021,Processo Seletivo,L5,M,14,Aracaju,S,6.7,7.6,S,3,3,Cursando,,
2021101020,101,2021,Processo Seletivo,L5,M,16,Aracaju,S,1.3,6.6,N,,0,Concluído,2023,
2021101021,101,2021,Processo Seletivo,L2,M,14,Aracaju,S,13.7,7.0,N,,0,Transferido,2024,Dificuldade em Matemática/Física
2021101022,101,2021,Processo Seletivo,AC,M,15,Aracaju,N,11.3,7.2,N,,0,Concluído,2023,
2021101023,101,2021,Processo Seletivo,L9,M,16,Aracaju,S,13.7,5.3,S,,0,Transferido,2021,Dificuldade em Matemática/Física
2021101024,101,2021,Processo Seletivo,AC,M,15,Aracaju,S,6.8,6.5,N,,0,Evadido,2022,Dificuldade de aprendizagem
2021101025,101,2021,Processo Seletivo,L2,M,15,Aracaju,S,4.4,8.0,S,,0,Concluído,2023,
2021101026,101,2021,Processo Seletivo,AC,M,15,Itaporanga d'Ajuda,N,33.4,5.6,N,,2,Evadido,2024,Retenção/reprovação
2021101027,101,2021,Processo Seletivo,AC,F,14,Aracaju,N,8.2,6.5,N,,1,Concluído,2024,
2021101028,101,2021,Processo Seletivo,L13,M,15,Barra dos Coqueiros,S,17.2,4.2,N,,1,Concluído,2024,
2021101029,101,2021,Processo Seletivo,L5,F,14,Aracaju,S,12.6,6.8,N,,0,Evadido,2022,Questões financeiras/transporte
2021101030,101,2021,Processo Seletivo,L6,M,17,Barra dos Coqueiros,S,20.2,6.0,N,,2,Evadido,2024,Mudança de curso/escola
2021101031,101,2021,Processo Seletivo,L1,M,15,Barra dos Coqueiros,S,59.9,7.4,S,,0,Cancelado a pedido,2023,Dificuldade em Matemática/Física
2021101032,101,2021,Processo Seletivo,AC,M,16,Aracaju,N,11.6,8.5,N,,1,Evadido,2024,Não informado
2021101033,101,2021,Processo Seletivo,AC,M,15,Aracaju,N,11.4,7.6,N,,0,Concluído,2023,
2021101034,101,2021,Processo Seletivo,L14,M,14,São Cristóvão,S,22.5,6.8,N,,1,Evadido,2025,Não informado
2021101035,101,2021,Processo Seletivo,L10,F,15,Nossa Senhora do Socorro,S,19.0,6.3,S,,1,Concluído,2024,
2021101036,101,2021,Processo Seletivo,AC,M,14,Aracaju,S,5.0,8.2,N,,2,Concluído,2025,
2021101037,101,2021,Processo Seletivo,L13,F,15,Outro município,S,67.0,6.1,N,,0,Evadido,2021,Retenção/reprovação
2021101038,101,2021,Processo Seletivo,L6,M,14,Nossa Senhora do Socorro,S,31.9,5.5,N,3,3,Cursando,,
2021101039,101,2021,Processo Seletivo,AC,F,17,Estância,N,59.9,6.6,N,,1,Evadido,2024,Retenção/reprovação
2021101040,101,2021,Processo Seletivo,AC,M,15,São Cristóvão,N,41.6,6.7,N,,2,Evadido,2024,Dificuldade em Matemática/Física
2021101041,101,2021,Processo Seletivo,L2,M,17,Aracaju,S,10.7,5.3,N,,0,Evadido,2023,Questões financeiras/transporte
2021101042,101,2021,Processo Seletivo,AC,F,15,São Cristóvão,N,21.2,6.8,S,,0,Concluído,2023,
2021101043,101,2021,Processo Seletivo,L5,M,14,Nossa Senhora do Socorro,S,62.1,4.6,N,,0,Cancelado a pedido,2022,Não informado
2021101044,101,2021,Processo Seletivo,AC,M,14,Outro município,N,52.1,7.4,N,,0,Concluído,2023,
2021101045,101,2021,Processo Seletivo,L14,F,14,Aracaju,S,5.9,5.8,S,,1,Evadido,2024,Retenção/reprovação
2021101046,101,2021,Processo Seletivo,AC,M,16,Aracaju,N,1.3,6.9,N,,0,Concluído,2023,
2021101047,101,2021,Processo Seletivo,AC,M,15,Laranjeiras,N,66.5,6.3,N,,3,Jubilado (desligado por reincidência),2024,Excedeu limite de retenções
2021102001,102,2021,Processo Seletivo,L1,M,16,Aracaju,S,13.2,7.4,N,,0,Concluído,2023,
2021102002,102,2021,Processo Seletivo,AC,F,17,Aracaju,S,9.6,5.6,N,,1,Evadido,2022,Retenção/reprovação
2021102003,102,2021,Processo Seletivo,L10,M,15,Aracaju,S,13.3,7.0,S,,3,Jubilado (desligado por reincidência),2023,Excedeu limite de retenções
2021102004,102,2021,Processo Seletivo,L2,M,14,São Cristóvão,S,42.1,6.5,N,,0,Concluído,2023,
2021102005,102,2021,Processo Seletivo,AC,F,15,Nossa Senhora do Socorro,N,29.6,7.0,S,,0,Concluído,2023,
2021102006,102,2021,Processo Seletivo,AC,M,16,Aracaju,N,7.0,6.4,N,,1,Evadido,2022,Trabalho
2021102007,102,2021,Processo Seletivo,L5,M,14,Aracaju,S,8.8,5.1,N,,2,Concluído,2025,
2021102008,102,2021,Processo Seletivo,AC,M,15,Aracaju,N,2.0,6.1,N,,0,Concluído,2023,
2021102009,102,2021,Processo Seletivo,AC,M,15,Itaporanga d'Ajuda,N,66.4,4.3,N,,0,Concluído,2023,
2021102010,102,2021,Processo Seletivo,AC,F,14,Barra dos Coqueiros,S,35.8,9.3,N,,0,Concluído,2023,
2021102011,102,2021,Processo Seletivo,AC,M,14,São Cristóvão,N,43.2,9.5,N,,0,Concluído,2023,
2021102012,102,2021,Processo Seletivo,L6,M,15,Nossa Senhora do Socorro,S,13.6,7.3,N,,2,Evadido,2024,Mudança de município
2021102013,102,2021,Processo Seletivo,AC,M,15,Aracaju,N,10.1,4.6,N,,0,Evadido,2021,Trabalho
2021102014,102,2021,Processo Seletivo,L6,F,14,Aracaju,S,10.3,7.1,S,,1,Concluído,2024,
2021102015,102,2021,Processo Seletivo,L5,M,15,Nossa Senhora do Socorro,S,62.6,6.1,N,,0,Concluído,2023,
2021102016,102,2021,Processo Seletivo,L6,M,15,Aracaju,S,4.3,6.4,N,,2,Concluído,2025,
2021102017,102,2021,Processo Seletivo,AC,M,17,Laranjeiras,N,68.1,8.3,N,,0,Concluído,2023,
2021102018,102,2021,Processo Seletivo,L2,M,14,Itaporanga d'Ajuda,S,15.5,6.0,S,,1,Concluído,2024,
2021102019,102,2021,Processo Seletivo,L2,M,16,Aracaju,S,1.3,8.0,S,,1,Concluído,2024,
2021102020,102,2021,Processo Seletivo,L2,M,14,Barra dos Coqueiros,S,53.0,6.4,S,,0,Concluído,2023,
2021102021,102,2021,Processo Seletivo,L5,M,14,São Cristóvão,S,43.3,7.7,N,,3,Jubilado (desligado por reincidência),2025,Excedeu limite de retenções
2021102022,102,2021,Processo Seletivo,AC,M,16,Aracaju,N,7.7,7.7,N,,0,Concluído,2023,
2021102023,102,2021,Processo Seletivo,L2,M,15,Nossa Senhora do Socorro,S,43.5,5.7,N,,0,Cancelado a pedido,2023,Dificuldade em Matemática/Física
2021102024,102,2021,Processo Seletivo,AC,F,14,Aracaju,N,5.2,7.5,N,,0,Concluído,2023,
2021102025,102,2021,Processo Seletivo,AC,M,15,Aracaju,N,13.2,5.0,N,,3,Jubilado (desligado por reincidência),2023,Excedeu limite de retenções
2021102026,102,2021,Processo Seletivo,AC,M,14,Aracaju,S,3.3,5.5,N,,0,Concluído,2023,
2021102027,102,2021,Processo Seletivo,L6,M,14,Laranjeiras,S,16.5,5.4,N,,1,Evadido,2024,Mudança de curso/escola
2021102028,102,2021,Processo Seletivo,L2,M,15,Aracaju,S,14.0,7.5,S,,1,Concluído,2024,
2021102029,102,2021,Processo Seletivo,L1,M,14,Aracaju,S,3.9,7.0,N,,0,Concluído,2023,
2021102030,102,2021,Processo Seletivo,L6,M,15,Aracaju,S,6.8,6.0,N,,0,Concluído,2023,
2021102031,102,2021,Processo Seletivo,L13,M,14,Aracaju,S,4.7,6.7,N,,3,Jubilado (desligado por reincidência),2023,Excedeu limite de retenções
2021102032,102,2021,Processo Seletivo,AC,M,14,Aracaju,N,13.8,7.9,S,,0,Concluído,2023,
2021102033,102,2021,Processo Seletivo,AC,M,14,Nossa Senhora do Socorro,S,39.6,6.2,N,,3,Jubilado (desligado por reincidência),2025,Excedeu limite de retenções
2021102034,102,2021,Processo Seletivo,L1,M,15,Outro município,S,38.5,6.4,N,3,3,Cursando,,
2021102035,102,2021,Processo Seletivo,L10,M,15,Aracaju,S,4.1,4.7,S,,1,Concluído,2024,
2021102036,102,2021,Processo Seletivo,AC,F,15,Nossa Senhora do Socorro,S,64.5,8.4,N,,0,Evadido,2021,Trabalho
2021102037,102,2021,Processo Seletivo,L1,M,14,Aracaju,S,8.5,6.3,S,,0,Concluído,2023,
2021102038,102,2021,Processo Seletivo,AC,M,15,Nossa Senhora do Socorro,N,24.5,6.9,N,,2,Concluído,2025,
2021102039,102,2021,Processo Seletivo,AC,M,14,Aracaju,S,10.0,8.0,N,,0,Transferido,2023,Mudança de curso/escola
2021102040,102,2021,Processo Seletivo,AC,M,15,Aracaju,S,7.5,7.8,N,,1,Evadido,2023,Dificuldade em Matemática/Física
2021102041,102,2021,Processo Seletivo,L6,M,14,Nossa Senhora do Socorro,S,28.5,5.6,N,,1,Concluído,2024,
2021102042,102,2021,Processo Seletivo,AC,M,14,Aracaju,S,2.4,6.9,N,,1,Concluído,2024,
2021102043,102,2021,Processo Seletivo,L13,M,15,Aracaju,S,4.9,6.4,N,3,3,Cursando,,
2021102044,102,2021,Processo Seletivo,AC,M,15,Aracaju,S,3.7,6.9,N,,0,Evadido,2022,Retenção/reprovação
2021102045,102,2021,Processo Seletivo,L1,M,14,Aracaju,S,9.8,6.3,S,,0,Evadido,2022,Mudança de curso/escola
2021102046,102,2021,Processo Seletivo,AC,M,16,Aracaju,N,5.3,5.6,N,,1,Evadido,2022,Dificuldade em Matemática/Física
2021102047,102,2021,Processo Seletivo,L5,M,14,São Cristóvão,S,51.0,6.0,N,,1,Evadido,2024,Mudança de curso/escola
2021103001,103,2021,Processo Seletivo,AC,F,14,Itaporanga d'Ajuda,S,15.7,5.3,N,,0,Concluído,2023,
2021103002,103,2021,Processo Seletivo,AC,F,14,Nossa Senhora do Socorro,S,24.4,6.8,N,,1,Concluído,2024,
2021103003,103,2021,Processo Seletivo,L5,M,15,Aracaju,S,4.2,4.9,S,,1,Concluído,2024,
2021103004,103,2021,Processo Seletivo,L2,M,15,Aracaju,S,5.5,6.8,N,,2,Concluído,2025,
2021103005,103,2021,Processo Seletivo,L6,F,16,Aracaju,S,13.0,7.0,N,,0,Concluído,2023,
2021103006,103,2021,Processo Seletivo,AC,M,15,Aracaju,S,1.0,5.7,N,3,3,Cursando,,
2021103007,103,2021,Processo Seletivo,L6,M,15,Aracaju,S,2.6,6.9,N,,1,Evadido,2023,Questões financeiras/transporte
2021103008,103,2021,Processo Seletivo,L10,M,14,Nossa Senhora do Socorro,S,18.6,6.5,N,,0,Concluído,2023,
2021103009,103,2021,Processo Seletivo,AC,M,15,Nossa Senhora do Socorro,N,54.3,6.4,S,,3,Jubilado (desligado por reincidência),2025,Excedeu limite de retenções
2021103010,103,2021,Processo Seletivo,L6,M,15,Aracaju,S,8.5,7.8,N,,0,Integralizado – pendente de estágio,2023,
2021103011,103,2021,Processo Seletivo,L9,M,15,Barra dos Coqueiros,S,36.2,8.1,S,,0,Transferido,2023,Não informado
2021103012,103,2021,Processo Seletivo,L2,M,15,Aracaju,S,9.6,6.1,S,,1,Concluído,2024,
2021103013,103,2021,Processo Seletivo,L10,F,14,Nossa Senhora do Socorro,S,17.9,9.2,S,,1,Evadido,2024,Dificuldade em Matemática/Física
2021103014,103,2021,Processo Seletivo,L6,F,15,Aracaju,S,2.8,8.1,N,,0,Concluído,2023,
2021103015,103,2021,Processo Seletivo,L6,M,15,Outro município,S,67.3,7.4,N,,0,Concluído,2023,
2021103016,103,2021,Processo Seletivo,L2,F,14,Aracaju,S,6.9,7.9,N,,0,Evadido,2021,Aprovação em outra escola
2021103017,103,2021,Processo Seletivo,L2,M,15,Aracaju,S,11.0,6.2,S,,0,Concluído,2023,
2021103018,103,2021,Processo Seletivo,L14,M,15,Nossa Senhora do Socorro,S,49.3,7.5,N,,1,Concluído,2024,
2021103019,103,2021,Processo Seletivo,L6,M,14,Aracaju,S,10.9,5.5,N,,0,Concluído,2023,
2021103020,103,2021,Processo Seletivo,L10,M,17,Nossa Senhora do Socorro,S,52.6,5.1,S,,0,Transferido,2022,Dificuldade em Matemática/Física
2021103021,103,2021,Processo Seletivo,AC,M,14,Nossa Senhora do Socorro,N,50.5,8.4,N,,1,Evadido,2023,Retenção/reprovação
2021103022,103,2021,Processo Seletivo,L2,M,14,Aracaju,S,12.9,3.3,N,,1,Evadido,2023,Não informado
2021103023,103,2021,Processo Seletivo,AC,M,14,São Cristóvão,N,39.1,6.3,N,,0,Concluído,2023,
2021103024,103,2021,Processo Seletivo,AC,M,14,Nossa Senhora do Socorro,S,21.1,9.0,N,,0,Concluído,2023,
2021103025,103,2021,Processo Seletivo,L6,M,16,Barra dos Coqueiros,S,39.8,6.3,N,,0,Concluído,2023,
2021103026,103,2021,Processo Seletivo,L1,F,15,São Cristóvão,S,34.8,7.2,S,,0,Concluído,2023,
2021103027,103,2021,Processo Seletivo,AC,M,15,Aracaju,N,9.8,7.6,N,,1,Concluído,2024,
2021103028,103,2021,Processo Seletivo,AC,F,15,Nossa Senhora do Socorro,N,22.6,6.5,N,,2,Concluído,2025,
2021103029,103,2021,Processo Seletivo,L14,M,14,Nossa Senhora do Socorro,S,32.1,8.0,N,,0,Evadido,2022,Dificuldade de aprendizagem
2021103030,103,2021,Processo Seletivo,L5,M,15,Aracaju,S,14.0,6.3,S,,2,Concluído,2025,
2021103031,103,2021,Processo Seletivo,L2,M,15,Aracaju,S,14.0,5.8,N,,0,Concluído,2023,
2021103032,103,2021,Processo Seletivo,AC,F,15,Itaporanga d'Ajuda,N,50.2,7.0,S,,2,Concluído,2025,
2021103033,103,2021,Processo Seletivo,AC,M,14,Aracaju,N,11.6,6.6,N,,0,Concluído,2023,
2021103034,103,2021,Processo Seletivo,L6,F,14,Barra dos Coqueiros,S,46.7,5.2,N,,2,Evadido,2025,Mudança de curso/escola
2021103035,103,2021,Processo Seletivo,L2,F,15,Aracaju,S,7.4,6.3,S,,1,Evadido,2024,Dificuldade em Matemática/Física
2021103036,103,2021,Processo Seletivo,L6,F,15,Itaporanga d'Ajuda,S,22.7,7.6,N,,1,Concluído,2024,
2021103037,103,2021,Processo Seletivo,AC,F,16,Nossa Senhora do Socorro,N,65.0,7.8,N,,0,Concluído,2023,
2021103038,103,2021,Processo Seletivo,L2,M,14,Aracaju,S,14.1,5.3,S,,2,Concluído,2025,
2021103039,103,2021,Processo Seletivo,L6,M,14,Nossa Senhora do Socorro,S,41.4,5.0,N,,0,Concluído,2023,
2021103040,103,2021,Processo Seletivo,AC,M,14,Nossa Senhora do Socorro,N,59.3,6.8,N,,0,Concluído,2023,
2021103041,103,2021,Processo Seletivo,AC,F,15,Barra dos Coqueiros,S,61.9,5.2,S,,0,Concluído,2023,
2021103042,103,2021,Processo Seletivo,L6,M,15,Itaporanga d'Ajuda,S,48.1,5.1,N,,0,Concluído,2023,
2021103043,103,2021,Processo Seletivo,AC,M,15,Aracaju,S,14.7,5.6,N,,1,Evadido,2022,Trabalho
2021103044,103,2021,Processo Seletivo,AC,M,14,Aracaju,N,5.2,8.0,N,,1,Evadido,2025,Retenção/reprovação
2021103045,103,2021,Processo Seletivo,L1,M,16,Aracaju,S,7.1,7.0,S,,0,Concluído,2023,
2021103046,103,2021,Processo Seletivo,L6,F,15,Nossa Senhora do Socorro,S,13.1,7.2,N,,1,Evadido,2025,Retenção/reprovação
2021103047,103,2021,Processo Seletivo,L5,M,14,Aracaju,S,10.6,6.0,N,,0,Concluído,2023,
2021104001,104,2021,Processo Seletivo,L6,M,16,Aracaju,S,14.0,4.5,N,,3,Jubilado (desligado por reincidência),2023,Excedeu limite de retenções
2021104002,104,2021,Processo Seletivo,L9,M,15,Nossa Senhora do Socorro,S,28.6,8.3,S,,3,Jubilado (desligado por reincidência),2025,Excedeu limite de retenções
2021104003,104,2021,Processo Seletivo,L6,M,16,Aracaju,S,5.6,4.7,N,,1,Evadido,2024,Não informado
2021104004,104,2021,Processo Seletivo,L5,F,15,Outro município,S,38.8,5.9,N,,0,Concluído,2023,
2021104005,104,2021,Processo Seletivo,L14,F,14,Nossa Senhora do Socorro,S,59.7,5.3,N,,0,Evadido,2022,Abandono (sem frequência)
2021104006,104,2021,Processo Seletivo,L2,M,15,Aracaju,S,15.0,6.3,N,,0,Concluído,2023,
2021104007,104,2021,Processo Seletivo,AC,M,14,Aracaju,S,10.6,5.7,N,,0,Integralizado – pendente de estágio,2023,
2021104008,104,2021,Processo Seletivo,AC,F,14,São Cristóvão,N,49.7,5.5,N,,0,Evadido,2023,Dificuldade em Matemática/Física
2021104009,104,2021,Processo Seletivo,L2,M,15,Nossa Senhora do Socorro,S,69.1,8.2,N,,0,Evadido,2021,Trabalho
2021104010,104,2021,Processo Seletivo,L2,M,16,Itaporanga d'Ajuda,S,24.7,8.1,S,,1,Concluído,2024,
2021104011,104,2021,Processo Seletivo,L10,F,15,Aracaju,S,2.2,9.0,S,,1,Concluído,2024,
2021104012,104,2021,Processo Seletivo,L6,F,15,Barra dos Coqueiros,S,15.5,4.7,S,,0,Concluído,2023,
2021104013,104,2021,Processo Seletivo,L13,F,17,Nossa Senhora do Socorro,S,31.2,6.5,N,,2,Concluído,2025,
2021104014,104,2021,Processo Seletivo,AC,M,15,Aracaju,N,4.6,7.3,N,,0,Concluído,2023,
2021104015,104,2021,Processo Seletivo,L14,F,14,Nossa Senhora do Socorro,S,60.7,8.4,N,,3,Jubilado (desligado por reincidência),2025,Excedeu limite de retenções
2021104016,104,2021,Processo Seletivo,L1,F,16,São Cristóvão,S,42.7,6.8,N,,1,Concluído,2024,
2021104017,104,2021,Processo Seletivo,AC,M,17,Aracaju,S,11.9,5.3,S,,0,Concluído,2023,
2021104018,104,2021,Processo Seletivo,AC,M,14,Nossa Senhora do Socorro,N,67.2,7.3,S,,0,Concluído,2023,
2021104019,104,2021,Processo Seletivo,L2,M,16,Aracaju,S,2.6,8.2,N,,1,Evadido,2023,Questões financeiras/transporte
2021104020,104,2021,Processo Seletivo,L1,M,15,Aracaju,S,6.3,5.9,N,,1,Concluído,2024,
2021104021,104,2021,Processo Seletivo,L1,M,14,Aracaju,S,11.1,7.4,S,,1,Evadido,2025,Questões financeiras/transporte
2021104022,104,2021,Processo Seletivo,AC,F,16,Nossa Senhora do Socorro,N,62.3,8.0,N,,0,Concluído,2023,
2021104023,104,2021,Processo Seletivo,AC,M,15,Barra dos Coqueiros,S,35.9,5.6,N,,0,Concluído,2023,
2021104024,104,2021,Processo Seletivo,L1,F,16,Aracaju,S,3.6,7.0,S,,2,Concluído,2025,
2021104025,104,2021,Processo Seletivo,L2,F,14,Barra dos Coqueiros,S,46.6,7.2,N,,1,Evadido,2022,Não informado
2021104026,104,2021,Processo Seletivo,L6,F,14,Itaporanga d'Ajuda,S,31.8,6.6,S,,1,Concluído,2024,
2021104027,104,2021,Processo Seletivo,L2,F,16,Aracaju,S,8.3,8.2,S,,2,Concluído,2025,
2021104028,104,2021,Processo Seletivo,AC,F,17,Aracaju,S,11.9,5.9,S,3,3,Cursando,,
2021104029,104,2021,Processo Seletivo,AC,M,15,São Cristóvão,S,21.8,7.5,N,,0,Concluído,2023,
2021104030,104,2021,Processo Seletivo,AC,F,16,Aracaju,N,6.3,7.5,N,,2,Concluído,2025,
2021104031,104,2021,Processo Seletivo,AC,M,15,Aracaju,S,13.3,6.9,N,,0,Concluído,2023,
2021104032,104,2021,Processo Seletivo,AC,F,14,Itaporanga d'Ajuda,S,44.4,7.5,N,,0,Cancelado a pedido,2022,Trabalho
2021104033,104,2021,Processo Seletivo,L2,F,15,Aracaju,S,14.0,4.6,S,,1,Concluído,2024,
2021104034,104,2021,Processo Seletivo,AC,F,14,Aracaju,N,14.4,6.9,N,,2,Concluído,2025,
2021104035,104,2021,Processo Seletivo,AC,M,15,Aracaju,S,13.1,6.5,N,,0,Concluído,2023,
2021104036,104,2021,Processo Seletivo,AC,F,16,São Cristóvão,N,18.1,8.9,N,,0,Concluído,2023,
2021104037,104,2021,Processo Seletivo,L1,M,17,Itaporanga d'Ajuda,S,54.3,6.3,S,,1,Concluído,2024,
2021104038,104,2021,Processo Seletivo,L14,M,15,Aracaju,S,3.5,5.2,N,,0,Concluído,2023,
2021104039,104,2021,Processo Seletivo,L2,M,15,Aracaju,S,8.0,4.7,S,,3,Jubilado (desligado por reincidência),2025,Excedeu limite de retenções
2021104040,104,2021,Processo Seletivo,L14,M,16,Nossa Senhora do Socorro,S,69.7,5.3,N,,1,Concluído,2024,
2021104041,104,2021,Processo Seletivo,L5,F,14,Aracaju,S,9.9,4.2,N,3,3,Cursando,,
2021104042,104,2021,Processo Seletivo,AC,F,15,Barra dos Coqueiros,S,59.8,8.1,N,,0,Concluído,2023,
2021104043,104,2021,Processo Seletivo,AC,M,15,Aracaju,N,14.3,6.7,N,,2,Integralizado – pendente de estágio,2025,
2021104044,104,2021,Processo Seletivo,L1,M,15,Itaporanga d'Ajuda,S,37.8,4.8,S,3,3,Cursando,,
2021105001,105,2021,Processo Seletivo,L2,F,16,Itaporanga d'Ajuda,S,62.8,4.5,N,,1,Transferido,2022,Dificuldade em Matemática/Física
2021105002,105,2021,Processo Seletivo,AC,F,14,Itaporanga d'Ajuda,N,40.0,8.2,N,,0,Concluído,2023,
2021105003,105,2021,Processo Seletivo,L10,F,15,Aracaju,S,11.4,7.0,N,,0,Concluído,2023,
2021105004,105,2021,Processo Seletivo,AC,F,15,Barra dos Coqueiros,S,61.7,6.8,N,,3,Jubilado (desligado por reincidência),2024,Excedeu limite de retenções
2021105005,105,2021,Processo Seletivo,AC,F,16,Nossa Senhora do Socorro,S,46.0,8.5,N,,0,Concluído,2023,
2021105006,105,2021,Processo Seletivo,L5,F,14,Nossa Senhora do Socorro,S,25.8,7.4,N,,1,Integralizado – pendente de estágio,2024,
2021105007,105,2021,Processo Seletivo,L2,F,15,Itaporanga d'Ajuda,S,35.5,5.5,N,,1,Concluído,2024,
2021105008,105,2021,Processo Seletivo,L10,F,14,Barra dos Coqueiros,S,40.0,6.2,S,,0,Concluído,2023,
2021105009,105,2021,Processo Seletivo,L14,M,14,Itaporanga d'Ajuda,S,38.6,5.7,N,3,3,Cursando,,
2021105010,105,2021,Processo Seletivo,L2,M,15,Nossa Senhora do Socorro,S,24.7,5.5,S,,0,Concluído,2023,
2021105011,105,2021,Processo Seletivo,L5,M,15,Aracaju,S,5.2,5.9,N,,2,Cancelado a pedido,2026,Retenção/reprovação
2021105012,105,2021,Processo Seletivo,L9,F,14,Aracaju,S,12.2,7.0,S,,1,Concluído,2024,
2021105013,105,2021,Processo Seletivo,L9,M,15,Aracaju,S,12.2,7.2,N,,0,Transferido,2022,Questões financeiras/transporte
2021105014,105,2021,Processo Seletivo,L6,M,14,Itaporanga d'Ajuda,S,45.3,4.1,N,,0,Concluído,2023,
2021105015,105,2021,Processo Seletivo,L10,M,14,Aracaju,S,1.2,8.2,S,,1,Cancelado a pedido,2022,Dificuldade em Matemática/Física
2021105016,105,2021,Processo Seletivo,L13,F,15,Aracaju,S,9.9,5.6,N,,1,Concluído,2024,
2021105017,105,2021,Processo Seletivo,L1,M,15,Aracaju,S,5.7,6.6,S,,0,Concluído,2023,
2021105018,105,2021,Processo Seletivo,AC,F,16,Nossa Senhora do Socorro,S,25.5,7.8,N,,0,Concluído,2023,
2021105019,105,2021,Processo Seletivo,AC,F,17,Aracaju,S,2.6,4.8,N,,2,Concluído,2025,
2021105020,105,2021,Processo Seletivo,AC,M,15,Itaporanga d'Ajuda,S,36.2,7.1,N,,0,Concluído,2023,
2021105021,105,2021,Processo Seletivo,L6,M,16,Aracaju,S,4.0,8.7,N,,0,Concluído,2023,
2021105022,105,2021,Processo Seletivo,AC,F,14,Nossa Senhora do Socorro,S,22.0,7.1,N,,2,Concluído,2025,
2021105023,105,2021,Processo Seletivo,AC,M,14,São Cristóvão,N,34.4,6.0,S,,0,Concluído,2023,
2021105024,105,2021,Processo Seletivo,AC,F,17,São Cristóvão,N,66.4,6.9,N,,1,Evadido,2022,Abandono (sem frequência)
2021105025,105,2021,Processo Seletivo,L2,F,14,Nossa Senhora do Socorro,S,17.0,5.0,S,,0,Concluído,2023,
2021105026,105,2021,Processo Seletivo,L6,F,15,Nossa Senhora do Socorro,S,22.9,6.9,N,,0,Concluído,2023,
2021105027,105,2021,Processo Seletivo,L6,F,14,Aracaju,S,14.6,5.9,N,,1,Concluído,2024,
2021105028,105,2021,Processo Seletivo,L5,F,14,Nossa Senhora do Socorro,S,29.0,5.9,N,,3,Evadido,2026,Aprovação em outra escola
2021105029,105,2021,Processo Seletivo,L2,F,15,Aracaju,S,5.1,7.3,S,,0,Concluído,2023,
2021105030,105,2021,Processo Seletivo,AC,M,15,Outro município,N,58.4,8.9,N,,2,Evadido,2024,Dificuldade de aprendizagem
2021105031,105,2021,Processo Seletivo,L13,M,15,Aracaju,S,2.6,6.2,N,,0,Evadido,2023,Dificuldade em Matemática/Física
2021105032,105,2021,Processo Seletivo,AC,F,14,Barra dos Coqueiros,N,28.2,5.3,N,,0,Evadido,2021,Mudança de curso/escola
2021105033,105,2021,Processo Seletivo,L2,F,16,Aracaju,S,10.8,6.6,N,,1,Cancelado a pedido,2025,Retenção/reprovação
2021105034,105,2021,Processo Seletivo,AC,F,15,Nossa Senhora do Socorro,N,65.8,6.3,N,,0,Concluído,2023,
2021105035,105,2021,Processo Seletivo,L6,M,15,Aracaju,S,7.9,7.9,N,,0,Concluído,2023,
2021105036,105,2021,Processo Seletivo,L14,F,14,Outro município,S,43.1,8.5,N,,1,Concluído,2024,
2021105037,105,2021,Processo Seletivo,L14,M,15,Estância,S,22.0,6.3,N,,0,Concluído,2023,
2021105038,105,2021,Processo Seletivo,L2,F,14,Aracaju,S,7.9,5.6,S,,0,Integralizado – pendente de estágio,2023,
2021105039,105,2021,Processo Seletivo,L14,M,16,Nossa Senhora do Socorro,S,57.7,6.3,N,,0,Concluído,2023,
2021105040,105,2021,Processo Seletivo,AC,M,15,Outro município,S,55.4,7.8,S,,2,Concluído,2025,
2021106001,106,2021,Processo Seletivo,AC,F,14,Aracaju,N,4.8,4.9,N,,0,Concluído,2023,
2021106002,106,2021,Processo Seletivo,L1,F,15,Outro município,S,45.5,7.7,N,,0,Evadido,2023,Não informado
2021106003,106,2021,Processo Seletivo,L1,M,17,Aracaju,S,4.9,6.6,S,,0,Concluído,2023,
2021106004,106,2021,Processo Seletivo,AC,F,16,São Cristóvão,S,53.1,5.9,N,,0,Concluído,2023,
2021106005,106,2021,Processo Seletivo,AC,F,14,Nossa Senhora do Socorro,N,19.6,6.4,S,,0,Concluído,2023,
2021106006,106,2021,Processo Seletivo,L2,M,14,Nossa Senhora do Socorro,S,35.1,7.8,N,,0,Concluído,2023,
2021106007,106,2021,Processo Seletivo,AC,M,16,Nossa Senhora do Socorro,N,42.4,7.7,N,,0,Concluído,2023,
2021106008,106,2021,Processo Seletivo,AC,M,14,Aracaju,S,10.9,6.9,N,,0,Integralizado – pendente de estágio,2023,
2021106009,106,2021,Processo Seletivo,L2,F,15,Aracaju,S,5.5,6.9,S,,1,Transferido,2025,Retenção/reprovação
2021106010,106,2021,Processo Seletivo,AC,F,15,Nossa Senhora do Socorro,S,42.4,6.3,N,,1,Concluído,2024,
2021106011,106,2021,Processo Seletivo,AC,F,15,Barra dos Coqueiros,S,26.8,7.5,N,,0,Concluído,2023,
2021106012,106,2021,Processo Seletivo,AC,F,15,Aracaju,S,7.8,6.5,N,,1,Concluído,2024,
2021106013,106,2021,Processo Seletivo,L2,F,15,Nossa Senhora do Socorro,S,50.5,4.5,S,,1,Integralizado – pendente de estágio,2024,
2021106014,106,2021,Processo Seletivo,L10,F,14,Barra dos Coqueiros,S,58.8,5.8,S,,1,Integralizado – pendente de estágio,2024,
2021106015,106,2021,Processo Seletivo,L1,F,15,Aracaju,S,9.8,5.4,N,,1,Transferido,2022,Retenção/reprovação
2021106016,106,2021,Processo Seletivo,L1,F,14,Aracaju,S,12.1,6.4,N,,1,Integralizado – pendente de estágio,2024,
2021106017,106,2021,Processo Seletivo,AC,M,14,Barra dos Coqueiros,N,60.8,7.6,S,,0,Concluído,2023,
2021106018,106,2021,Processo Seletivo,AC,F,16,Nossa Senhora do Socorro,N,48.7,7.5,N,,0,Concluído,2023,
2021106019,106,2021,Processo Seletivo,AC,F,15,Outro município,N,58.0,8.8,N,,0,Concluído,2023,
2021106020,106,2021,Processo Seletivo,L9,M,14,Estância,S,43.0,6.8,N,,0,Concluído,2023,
2021106021,106,2021,Processo Seletivo,AC,F,14,Outro município,N,31.8,6.6,N,,0,Concluído,2023,
2021106022,106,2021,Processo Seletivo,L1,F,17,Aracaju,S,11.0,6.3,N,,1,Cancelado a pedido,2024,Retenção/reprovação
2021106023,106,2021,Processo Seletivo,L2,M,15,Aracaju,S,6.0,6.5,N,,0,Concluído,2023,
2021106024,106,2021,Processo Seletivo,L2,F,15,Aracaju,S,7.2,6.4,N,,0,Evadido,2021,Questões financeiras/transporte
2021106025,106,2021,Processo Seletivo,AC,M,14,São Cristóvão,N,51.1,6.7,N,,1,Evadido,2024,Aprovação em outra escola
2021106026,106,2021,Processo Seletivo,L5,F,14,Aracaju,S,10.2,7.4,N,,0,Concluído,2023,
2021106027,106,2021,Processo Seletivo,AC,M,15,São Cristóvão,S,39.6,8.0,N,,1,Concluído,2024,
2021106028,106,2021,Processo Seletivo,AC,M,15,Aracaju,S,11.5,6.7,N,,0,Concluído,2023,
2021106029,106,2021,Processo Seletivo,AC,F,14,Itaporanga d'Ajuda,N,32.7,7.1,S,,0,Concluído,2023,
2021106030,106,2021,Processo Seletivo,L2,F,15,Nossa Senhora do Socorro,S,46.9,6.4,S,,0,Concluído,2023,
2021106031,106,2021,Processo Seletivo,AC,F,14,São Cristóvão,S,60.6,6.2,N,,0,Transferido,2021,Mudança de município
2021106032,106,2021,Processo Seletivo,L5,F,15,Aracaju,S,10.1,7.5,N,,0,Concluído,2023,
2021106033,106,2021,Processo Seletivo,AC,F,14,Estância,S,40.6,7.1,N,3,3,Cursando,,
2021106034,106,2021,Processo Seletivo,L6,F,16,Aracaju,S,1.1,7.0,N,,0,Concluído,2023,
2021106035,106,2021,Processo Seletivo,AC,F,15,Laranjeiras,S,21.7,5.9,N,,1,Concluído,2024,
2021106036,106,2021,Processo Seletivo,L2,M,15,Aracaju,S,2.6,3.5,N,,2,Concluído,2025,
2021106037,106,2021,Processo Seletivo,AC,F,15,Barra dos Coqueiros,S,19.0,3.4,N,3,3,Cursando,,
2021106038,106,2021,Processo Seletivo,AC,F,14,Aracaju,S,3.5,7.7,N,,0,Concluído,2023,
2021106039,106,2021,Processo Seletivo,AC,F,15,Aracaju,S,8.1,8.3,N,,0,Concluído,2023,
2021106040,106,2021,Processo Seletivo,AC,F,15,Aracaju,S,1.8,6.5,N,,0,Transferido,2021,Mudança de município
2022101001,101,2022,Processo Seletivo,L6,F,14,São Cristóvão,S,45.7,6.6,N,,0,Concluído,2024,
2022101002,101,2022,Processo Seletivo,AC,M,14,Aracaju,N,13.5,7.7,S,3,2,Cursando,,
2022101003,101,2022,Processo Seletivo,L2,M,14,Nossa Senhora do Socorro,S,33.9,5.2,S,,1,Concluído,2025,
2022101004,101,2022,Processo Seletivo,L2,M,14,Nossa Senhora do Socorro,S,55.6,6.2,N,3,2,Cursando,,
2022101005,101,2022,Processo Seletivo,L6,M,14,Aracaju,S,9.0,6.0,N,,0,Concluído,2024,
2022101006,101,2022,Processo Seletivo,L13,M,14,Aracaju,S,11.2,6.5,N,,0,Evadido,2022,Mudança de curso/escola
2022101007,101,2022,Processo Seletivo,L6,F,17,Barra dos Coqueiros,S,61.8,6.9,N,,0,Concluído,2024,
2022101008,101,2022,Processo Seletivo,L6,F,14,Outro município,S,67.6,7.0,N,,1,Concluído,2025,
2022101009,101,2022,Processo Seletivo,L2,M,15,São Cristóvão,S,22.2,8.3,S,,0,Concluído,2024,
2022101010,101,2022,Processo Seletivo,L5,F,14,Aracaju,S,13.9,4.7,N,3,2,Cursando,,
2022101011,101,2022,Processo Seletivo,L13,M,15,Nossa Senhora do Socorro,S,69.5,8.8,N,,1,Evadido,2025,Dificuldade em Matemática/Física
2022101012,101,2022,Processo Seletivo,L1,M,16,Outro município,S,21.9,4.9,S,3,2,Cursando,,
2022101013,101,2022,Processo Seletivo,L9,M,15,Outro município,S,18.6,5.1,N,3,2,Cursando,,
2022101014,101,2022,Processo Seletivo,AC,M,15,Nossa Senhora do Socorro,S,14.9,7.0,N,,0,Concluído,2024,
2022101015,101,2022,Processo Seletivo,L5,M,15,Aracaju,S,8.9,8.2,N,,0,Concluído,2024,
2022101016,101,2022,Processo Seletivo,L5,M,15,Outro município,S,50.6,6.7,S,,0,Concluído,2024,
2022101017,101,2022,Processo Seletivo,L14,F,14,Laranjeiras,S,19.3,8.3,N,,0,Concluído,2024,
2022101018,101,2022,Processo Seletivo,L5,M,15,Aracaju,S,6.5,8.5,N,,1,Concluído,2025,
2022101019,101,2022,Processo Seletivo,L2,M,14,Aracaju,S,5.8,5.2,N,,1,Transferido,2024,Retenção/reprovação
2022101020,101,2022,Processo Seletivo,L13,M,14,Aracaju,S,3.9,6.3,N,,0,Concluído,2024,
2022101021,101,2022,Processo Seletivo,L5,M,17,Itaporanga d'Ajuda,S,25.3,6.9,N,,0,Concluído,2024,
2022101022,101,2022,Processo Seletivo,L2,M,14,São Cristóvão,S,60.3,5.3,S,3,2,Cursando,,
2022101023,101,2022,Processo Seletivo,L5,M,14,Aracaju,S,8.1,7.5,N,,1,Evadido,2025,Mudança de curso/escola
2022101024,101,2022,Processo Seletivo,AC,M,15,São Cristóvão,N,28.4,7.2,N,3,2,Cursando,,
2022101025,101,2022,Processo Seletivo,AC,M,15,Aracaju,N,7.4,6.8,N,,0,Concluído,2024,
2022101026,101,2022,Processo Seletivo,AC,M,14,Itaporanga d'Ajuda,S,52.1,7.4,S,,0,Concluído,2024,
2022101027,101,2022,Processo Seletivo,L5,M,15,São Cristóvão,S,60.9,6.4,N,,0,Concluído,2024,
2022101028,101,2022,Processo Seletivo,AC,M,16,Aracaju,S,11.8,8.8,N,,0,Evadido,2023,Trabalho
2022101029,101,2022,Processo Seletivo,L2,M,15,Aracaju,S,10.2,6.4,S,,0,Concluído,2024,
2022101030,101,2022,Processo Seletivo,L2,F,17,Aracaju,S,6.2,5.9,S,,0,Concluído,2024,
2022101031,101,2022,Processo Seletivo,AC,F,15,Itaporanga d'Ajuda,S,47.4,6.1,N,3,2,Cursando,,
2022101032,101,2022,Processo Seletivo,AC,M,14,Aracaju,S,14.2,5.1,N,,1,Concluído,2025,
2022101033,101,2022,Processo Seletivo,AC,M,14,Aracaju,N,1.3,6.9,N,,1,Evadido,2024,Dificuldade em Matemática/Física
2022101034,101,2022,Processo Seletivo,AC,M,14,Aracaju,N,5.9,5.9,N,,0,Transferido,2024,Trabalho
2022101035,101,2022,Processo Seletivo,L6,M,14,Nossa Senhora do Socorro,S,65.8,6.9,S,,0,Integralizado – pendente de estágio,2024,
2022101036,101,2022,Processo Seletivo,AC,F,15,São Cristóvão,S,13.2,5.3,N,3,2,Cursando,,
2022101037,101,2022,Processo Seletivo,AC,M,15,Aracaju,N,5.6,7.4,N,,0,Integralizado – pendente de estágio,2024,
2022101038,101,2022,Processo Seletivo,L6,M,15,Aracaju,S,1.8,7.4,N,,0,Concluído,2024,
2022101039,101,2022,Processo Seletivo,AC,M,14,Nossa Senhora do Socorro,S,40.6,7.0,N,,0,Concluído,2024,
2022101040,101,2022,Processo Seletivo,L2,M,14,Aracaju,S,10.0,8.3,S,,0,Concluído,2024,
2022101041,101,2022,Processo Seletivo,L5,F,14,Barra dos Coqueiros,S,12.4,6.4,N,,1,Evadido,2024,Dificuldade em Matemática/Física
2022101042,101,2022,Processo Seletivo,AC,M,15,Outro município,S,22.1,6.9,N,,0,Concluído,2024,
2022101043,101,2022,Processo Seletivo,L6,F,15,Aracaju,S,2.9,6.2,N,,1,Concluído,2025,
2022101044,101,2022,Processo Seletivo,L6,M,16,Aracaju,S,1.4,6.5,S,,1,Evadido,2025,Não informado
2022101045,101,2022,Processo Seletivo,AC,M,14,Aracaju,N,7.2,5.7,N,,0,Evadido,2023,Dificuldade em Matemática/Física
2022101046,101,2022,Processo Seletivo,AC,M,15,Aracaju,N,5.7,7.6,N,,0,Evadido,2022,Não informado
2022101047,101,2022,Processo Seletivo,AC,M,15,São Cristóvão,N,15.8,7.4,N,,0,Concluído,2024,
2022102001,102,2022,Processo Seletivo,L6,M,14,Aracaju,S,14.0,5.6,N,,0,Evadido,2024,Questões financeiras/transporte
2022102002,102,2022,Processo Seletivo,L6,M,15,Aracaju,S,4.5,5.0,N,,0,Cancelado a pedido,2023,Mudança de curso/escola
2022102003,102,2022,Processo Seletivo,AC,M,15,Aracaju,N,13.5,6.9,N,3,2,Cursando,,
2022102004,102,2022,Processo Seletivo,L1,M,15,Aracaju,S,8.9,4.8,N,,2,Evadido,2024,Não informado
2022102005,102,2022,Processo Seletivo,L13,F,15,Nossa Senhora do Socorro,S,49.6,7.9,S,,1,Concluído,2025,
2022102006,102,2022,Processo Seletivo,AC,M,15,Aracaju,S,12.9,6.0,S,3,2,Cursando,,
2022102007,102,2022,Processo Seletivo,L1,M,16,Aracaju,S,10.4,7.3,N,,2,Evadido,2024,Abandono (sem frequência)
2022102008,102,2022,Processo Seletivo,L2,M,14,Aracaju,S,8.0,5.9,N,,1,Concluído,2025,
2022102009,102,2022,Processo Seletivo,L2,M,14,Barra dos Coqueiros,S,12.2,5.3,N,,1,Concluído,2025,
2022102010,102,2022,Processo Seletivo,L2,M,17,Aracaju,S,11.9,5.8,N,,0,Concluído,2024,
2022102011,102,2022,Processo Seletivo,L14,M,16,Aracaju,S,4.5,6.2,N,,1,Evadido,2023,Dificuldade de aprendizagem
2022102012,102,2022,Processo Seletivo,L1,M,15,Aracaju,S,7.3,6.5,S,3,2,Cursando,,
2022102013,102,2022,Processo Seletivo,AC,F,14,Aracaju,N,12.2,6.6,N,3,2,Cursando,,
2022102014,102,2022,Processo Seletivo,AC,F,15,Aracaju,S,10.8,6.4,N,,0,Evadido,2022,Mudança de município
2022102015,102,2022,Processo Seletivo,AC,F,14,Nossa Senhora do Socorro,S,38.3,7.6,N,,1,Concluído,2025,
2022102016,102,2022,Processo Seletivo,L5,M,15,Aracaju,S,9.8,6.6,N,,0,Concluído,2024,
2022102017,102,2022,Processo Seletivo,AC,M,14,Aracaju,N,6.9,8.6,N,,0,Concluído,2024,
2022102018,102,2022,Processo Seletivo,AC,M,14,Aracaju,N,14.2,6.0,N,,2,Transferido,2025,Trabalho
2022102019,102,2022,Processo Seletivo,L1,M,14,São Cristóvão,S,23.2,6.1,S,3,2,Cursando,,
2022102020,102,2022,Processo Seletivo,L2,M,14,Aracaju,S,5.8,5.7,S,,0,Concluído,2024,
2022102021,102,2022,Processo Seletivo,AC,M,14,Aracaju,N,7.8,9.0,N,,0,Evadido,2023,Dificuldade em Matemática/Física
2022102022,102,2022,Processo Seletivo,L2,M,15,Aracaju,S,3.7,6.9,N,,1,Evadido,2024,Não informado
2022102023,102,2022,Processo Seletivo,L5,M,14,Aracaju,S,6.2,6.0,N,,0,Transferido,2024,Retenção/reprovação
2022102024,102,2022,Processo Seletivo,AC,M,15,Laranjeiras,S,46.0,5.7,N,3,2,Cursando,,
2022102025,102,2022,Processo Seletivo,AC,F,15,Aracaju,S,2.5,6.8,N,,0,Concluído,2024,
2022102026,102,2022,Processo Seletivo,L1,M,14,Aracaju,S,10.4,8.4,N,,0,Concluído,2024,
2022102027,102,2022,Processo Seletivo,L14,M,14,Aracaju,S,8.7,5.4,N,3,2,Cursando,,
2022102028,102,2022,Processo Seletivo,L2,M,14,Aracaju,S,9.4,6.7,S,,2,Evadido,2024,Retenção/reprovação
2022102029,102,2022,Processo Seletivo,L6,M,14,Nossa Senhora do Socorro,S,45.3,5.1,S,,3,Jubilado (desligado por reincidência),2024,Excedeu limite de retenções
2022102030,102,2022,Processo Seletivo,L14,M,15,Barra dos Coqueiros,S,41.9,7.5,N,,0,Evadido,2022,Retenção/reprovação
2022102031,102,2022,Processo Seletivo,AC,M,15,Outro município,N,61.5,8.2,N,,0,Evadido,2025,Trabalho
2022102032,102,2022,Processo Seletivo,L5,M,16,Nossa Senhora do Socorro,S,58.0,6.9,N,,0,Evadido,2022,Dificuldade de aprendizagem
2022102033,102,2022,Processo Seletivo,AC,M,14,Aracaju,N,5.0,7.8,S,,0,Concluído,2024,
2022102034,102,2022,Processo Seletivo,AC,M,15,São Cristóvão,S,38.0,9.7,N,,0,Evadido,2023,Dificuldade em Matemática/Física
2022102035,102,2022,Processo Seletivo,L14,F,15,Outro município,S,15.7,8.3,S,,0,Concluído,2024,
2022102036,102,2022,Processo Seletivo,L14,F,16,Laranjeiras,S,56.7,7.9,N,,1,Evadido,2025,Dificuldade em Matemática/Física
2022102037,102,2022,Processo Seletivo,AC,M,14,Barra dos Coqueiros,N,27.0,9.7,S,,0,Concluído,2024,
2022102038,102,2022,Processo Seletivo,L14,M,16,Aracaju,S,6.9,7.2,N,,0,Evadido,2022,Trabalho
2022102039,102,2022,Processo Seletivo,AC,F,15,Nossa Senhora do Socorro,S,47.7,7.2,N,,0,Concluído,2024,
2022102040,102,2022,Processo Seletivo,L6,M,15,Itaporanga d'Ajuda,S,69.7,5.2,N,1,4,Cursando,,
2022102041,102,2022,Processo Seletivo,L6,M,14,Nossa Senhora do Socorro,S,38.8,6.5,N,,0,Concluído,2024,
2022102042,102,2022,Processo Seletivo,L2,M,15,Barra dos Coqueiros,S,30.4,7.2,N,,1,Cancelado a pedido,2024,Retenção/reprovação
2022102043,102,2022,Processo Seletivo,L6,M,14,Aracaju,S,7.1,6.6,S,,1,Evadido,2025,Dificuldade em Matemática/Física
2022102044,102,2022,Processo Seletivo,AC,F,14,São Cristóvão,N,33.1,6.4,N,,1,Concluído,2025,
2022102045,102,2022,Processo Seletivo,L5,F,15,Aracaju,S,1.1,7.3,N,,0,Concluído,2024,
2022102046,102,2022,Processo Seletivo,L13,M,15,Aracaju,S,5.2,6.4,S,,1,Concluído,2025,
2022103001,103,2022,Processo Seletivo,L2,F,15,São Cristóvão,S,37.0,5.1,N,,1,Concluído,2025,
2022103002,103,2022,Processo Seletivo,L2,M,15,Nossa Senhora do Socorro,S,58.3,4.5,N,,0,Evadido,2022,Dificuldade em Matemática/Física
2022103003,103,2022,Processo Seletivo,AC,M,14,Nossa Senhora do Socorro,N,20.6,7.9,S,,0,Concluído,2024,
2022103004,103,2022,Processo Seletivo,L1,M,16,Aracaju,S,12.2,6.4,N,,1,Evadido,2025,Dificuldade em Matemática/Física
2022103005,103,2022,Processo Seletivo,L6,M,15,Nossa Senhora do Socorro,S,61.5,5.8,N,,1,Integralizado – pendente de estágio,2025,
2022103006,103,2022,Processo Seletivo,L1,M,17,São Cristóvão,S,17.8,7.4,N,,1,Evadido,2023,Mudança de curso/escola
2022103007,103,2022,Processo Seletivo,AC,M,17,São Cristóvão,S,50.5,8.8,N,3,2,Cursando,,
2022103008,103,2022,Processo Seletivo,L14,M,16,Estância,S,62.3,4.3,N,3,2,Cursando,,
2022103009,103,2022,Processo Seletivo,L9,F,14,Aracaju,S,4.6,7.3,S,,2,Evadido,2026,Abandono (sem frequência)
2022103010,103,2022,Processo Seletivo,L5,M,15,Nossa Senhora do Socorro,S,69.3,7.0,N,,0,Concluído,2024,
2022103011,103,2022,Processo Seletivo,AC,M,16,Laranjeiras,N,35.4,6.4,N,,0,Cancelado a pedido,2024,Questões financeiras/transporte
2022103012,103,2022,Processo Seletivo,L1,M,17,São Cristóvão,S,66.5,5.3,N,,0,Concluído,2024,
2022103013,103,2022,Processo Seletivo,AC,M,15,Estância,N,30.5,7.7,N,,1,Concluído,2025,
2022103014,103,2022,Processo Seletivo,L2,F,14,Aracaju,S,11.1,5.5,S,,0,Concluído,2024,
2022103015,103,2022,Processo Seletivo,L1,M,14,São Cristóvão,S,51.9,6.1,S,,1,Evadido,2025,Trabalho
2022103016,103,2022,Processo Seletivo,AC,M,14,Outro município,N,28.2,6.0,N,,1,Concluído,2025,
2022103017,103,2022,Processo Seletivo,AC,M,14,Aracaju,N,8.6,6.2,N,,0,Concluído,2024,
2022103018,103,2022,Processo Seletivo,L6,M,16,Aracaju,S,8.9,6.9,N,,0,Concluído,2024,
2022103019,103,2022,Processo Seletivo,L14,M,14,Aracaju,S,15.0,6.7,S,2,3,Cursando,,
2022103020,103,2022,Processo Seletivo,L1,M,15,São Cristóvão,S,19.0,5.9,S,,0,Concluído,2024,
2022103021,103,2022,Processo Seletivo,AC,M,14,Nossa Senhora do Socorro,N,29.7,6.8,N,,0,Concluído,2024,
2022103022,103,2022,Processo Seletivo,L6,M,15,Barra dos Coqueiros,S,36.2,6.5,N,,0,Concluído,2024,
2022103023,103,2022,Processo Seletivo,AC,M,14,Estância,S,44.5,10,N,,1,Concluído,2025,
2022103024,103,2022,Processo Seletivo,AC,M,15,Aracaju,N,14.8,6.9,N,,1,Concluído,2025,
2022103025,103,2022,Processo Seletivo,AC,M,14,Nossa Senhora do Socorro,S,59.7,7.1,S,,3,Jubilado (desligado por reincidência),2025,Excedeu limite de retenções
2022103026,103,2022,Processo Seletivo,AC,M,16,Nossa Senhora do Socorro,N,14.6,7.4,N,,0,Concluído,2024,
2022103027,103,2022,Processo Seletivo,L2,M,15,Aracaju,S,12.8,6.0,S,,3,Jubilado (desligado por reincidência),2025,Excedeu limite de retenções
2022103028,103,2022,Processo Seletivo,AC,M,14,Aracaju,S,12.4,7.3,N,,1,Concluído,2025,
2022103029,103,2022,Processo Seletivo,L1,M,14,Aracaju,S,3.6,5.7,N,,0,Evadido,2024,Retenção/reprovação
2022103030,103,2022,Processo Seletivo,L14,M,15,Aracaju,S,5.0,6.1,N,,1,Evadido,2023,Trabalho
2022103031,103,2022,Processo Seletivo,L6,M,16,Outro município,S,62.2,7.0,N,,1,Concluído,2025,
2022103032,103,2022,Processo Seletivo,L5,M,15,Nossa Senhora do Socorro,S,54.9,5.0,N,3,2,Cursando,,
2022103033,103,2022,Processo Seletivo,L6,F,16,Aracaju,S,8.8,4.7,S,,1,Concluído,2025,
2022103034,103,2022,Processo Seletivo,L13,M,14,Barra dos Coqueiros,S,24.7,6.5,N,,1,Concluído,2025,
2022103035,103,2022,Processo Seletivo,AC,M,15,Nossa Senhora do Socorro,N,34.3,6.8,N,,0,Transferido,2023,Dificuldade em Matemática/Física
2022103036,103,2022,Processo Seletivo,AC,F,15,Aracaju,N,8.6,9.2,N,,0,Concluído,2024,
2022103037,103,2022,Processo Seletivo,L2,M,16,Nossa Senhora do Socorro,S,17.8,5.2,N,,0,Evadido,2024,Dificuldade em Matemática/Física
2022103038,103,2022,Processo Seletivo,L1,M,14,Nossa Senhora do Socorro,S,42.7,5.9,S,,3,Jubilado (desligado por reincidência),2024,Excedeu limite de retenções
2022103039,103,2022,Processo Seletivo,AC,M,14,Aracaju,N,12.9,5.6,N,,0,Concluído,2024,
2022103040,103,2022,Processo Seletivo,L5,M,14,Nossa Senhora do Socorro,S,58.3,4.2,N,3,2,Cursando,,
2022103041,103,2022,Processo Seletivo,L10,F,15,Aracaju,S,2.1,6.1,N,3,2,Cursando,,
2022103042,103,2022,Processo Seletivo,L1,M,15,Aracaju,S,13.2,5.8,N,,0,Evadido,2022,Mudança de curso/escola
2022103043,103,2022,Processo Seletivo,L5,M,15,Aracaju,S,5.3,6.7,N,,0,Integralizado – pendente de estágio,2024,
2022103044,103,2022,Processo Seletivo,AC,M,14,Aracaju,N,11.4,8.8,S,,0,Evadido,2023,Aprovação em outra escola
2022103045,103,2022,Processo Seletivo,AC,M,14,Nossa Senhora do Socorro,N,56.5,7.4,N,,0,Transferido,2024,Questões financeiras/transporte
2022104001,104,2022,Processo Seletivo,AC,F,14,Aracaju,S,7.5,6.3,N,,0,Concluído,2024,
2022104002,104,2022,Processo Seletivo,L5,F,15,Aracaju,S,11.8,5.1,S,,1,Concluído,2025,
2022104003,104,2022,Processo Seletivo,AC,F,15,Aracaju,S,4.3,6.2,N,,0,Concluído,2024,
2022104004,104,2022,Processo Seletivo,L14,F,15,Nossa Senhora do Socorro,S,26.5,7.3,N,,0,Concluído,2024,
2022104005,104,2022,Processo Seletivo,L5,F,15,Estância,S,62.2,5.2,N,,1,Concluído,2025,
2022104006,104,2022,Processo Seletivo,L14,M,14,São Cristóvão,S,18.3,5.9,N,,1,Concluído,2025,
2022104007,104,2022,Processo Seletivo,L1,F,15,Aracaju,S,7.7,7.3,N,3,2,Cursando,,
2022104008,104,2022,Processo Seletivo,AC,F,15,Aracaju,S,5.1,6.5,S,3,2,Cursando,,
2022104009,104,2022,Processo Seletivo,L5,M,14,Aracaju,S,7.3,5.5,N,3,2,Cursando,,
2022104010,104,2022,Processo Seletivo,AC,M,15,Aracaju,S,3.3,8.3,N,,0,Concluído,2024,
2022104011,104,2022,Processo Seletivo,AC,F,15,Outro município,S,28.8,8.0,N,,0,Evadido,2023,Dificuldade em Matemática/Física
2022104012,104,2022,Processo Seletivo,AC,F,15,Nossa Senhora do Socorro,N,42.4,7.9,N,,0,Concluído,2024,
2022104013,104,2022,Processo Seletivo,AC,M,16,Aracaju,S,14.5,7.5,N,,0,Evadido,2022,Retenção/reprovação
2022104014,104,2022,Processo Seletivo,L2,M,15,Estância,S,16.2,7.0,S,,1,Transferido,2025,Retenção/reprovação
2022104015,104,2022,Processo Seletivo,AC,F,17,Nossa Senhora do Socorro,N,63.7,8.2,N,,0,Transferido,2023,Retenção/reprovação
2022104016,104,2022,Processo Seletivo,L1,F,15,Aracaju,S,8.0,4.8,S,,0,Concluído,2024,
2022104017,104,2022,Processo Seletivo,AC,F,14,Aracaju,N,9.8,7.2,N,,0,Concluído,2024,
2022104018,104,2022,Processo Seletivo,L5,F,15,Aracaju,S,1.9,6.7,N,,0,Concluído,2024,
2022104019,104,2022,Processo Seletivo,AC,F,14,Aracaju,N,5.1,5.9,N,,0,Concluído,2024,
2022104020,104,2022,Processo Seletivo,AC,M,17,Aracaju,N,11.7,6.5,S,,1,Integralizado – pendente de estágio,2025,
2022104021,104,2022,Processo Seletivo,L5,F,15,Laranjeiras,S,25.4,5.6,N,,0,Concluído,2024,
2022104022,104,2022,Processo Seletivo,AC,F,16,Laranjeiras,N,14.5,6.2,N,,0,Concluído,2024,
2022104023,104,2022,Processo Seletivo,AC,M,14,Aracaju,S,2.2,7.5,S,3,2,Cursando,,
2022104024,104,2022,Processo Seletivo,AC,M,16,Nossa Senhora do Socorro,S,67.5,6.8,N,,0,Concluído,2024,
2022104025,104,2022,Processo Seletivo,AC,M,15,Aracaju,N,6.1,7.7,N,,0,Concluído,2024,
2022104026,104,2022,Processo Seletivo,L5,M,17,Aracaju,S,14.5,5.5,S,,0,Concluído,2024,
2022104027,104,2022,Processo Seletivo,L14,F,15,Aracaju,S,3.6,8.2,N,,0,Concluído,2024,
2022104028,104,2022,Processo Seletivo,AC,M,14,Nossa Senhora do Socorro,N,20.4,6.7,S,3,2,Cursando,,
2022104029,104,2022,Processo Seletivo,L1,F,14,Laranjeiras,S,33.2,5.0,N,2,3,Cursando,,
2022104030,104,2022,Processo Seletivo,AC,M,14,Aracaju,N,2.1,7.2,N,,0,Concluído,2024,
2022104031,104,2022,Processo Seletivo,L14,F,15,Aracaju,S,9.0,6.2,N,,1,Concluído,2025,
2022104032,104,2022,Processo Seletivo,L1,M,14,Aracaju,S,7.6,5.0,S,,0,Concluído,2024,
2022104033,104,2022,Processo Seletivo,L1,F,17,Aracaju,S,3.9,6.0,S,,0,Concluído,2024,
2022104034,104,2022,Processo Seletivo,L2,M,16,Barra dos Coqueiros,S,21.2,6.1,N,,0,Concluído,2024,
2022104035,104,2022,Processo Seletivo,AC,M,15,Estância,N,15.3,7.7,S,,0,Concluído,2024,
2022104036,104,2022,Processo Seletivo,L6,F,15,São Cristóvão,S,55.6,7.1,S,,1,Concluído,2025,
2022104037,104,2022,Processo Seletivo,L2,F,14,Nossa Senhora do Socorro,S,57.2,6.8,N,3,2,Cursando,,
2022104038,104,2022,Processo Seletivo,L6,M,15,Aracaju,S,5.4,6.5,N,,0,Concluído,2024,
2022104039,104,2022,Processo Seletivo,AC,F,15,Itaporanga d'Ajuda,S,58.2,10,N,,1,Concluído,2025,
2022104040,104,2022,Processo Seletivo,L5,M,15,Aracaju,S,4.1,5.7,N,,0,Integralizado – pendente de estágio,2024,
2022104041,104,2022,Processo Seletivo,L13,M,17,Aracaju,S,12.2,5.2,N,,1,Integralizado – pendente de estágio,2025,
2022104042,104,2022,Processo Seletivo,AC,M,14,Aracaju,N,14.6,5.2,N,,0,Concluído,2024,
2022104043,104,2022,Processo Seletivo,L2,F,14,Aracaju,S,4.5,5.8,N,3,2,Cursando,,
2022104044,104,2022,Processo Seletivo,L2,M,15,Aracaju,S,8.5,6.6,N,,0,Concluído,2024,
2022104045,104,2022,Processo Seletivo,AC,M,14,Barra dos Coqueiros,S,21.8,7.8,N,,0,Concluído,2024,
2022105001,105,2022,Processo Seletivo,AC,F,14,Estância,S,32.5,4.9,N,,1,Integralizado – pendente de estágio,2025,
2022105002,105,2022,Processo Seletivo,L1,F,15,Aracaju,S,13.8,6.0,S,,0,Concluído,2024,
2022105003,105,2022,Processo Seletivo,L5,F,16,Barra dos Coqueiros,S,61.3,7.4,S,,0,Concluído,2024,
2022105004,105,2022,Processo Seletivo,AC,F,15,Aracaju,N,9.6,9.1,S,,0,Concluído,2024,
2022105005,105,2022,Processo Seletivo,AC,F,16,Nossa Senhora do Socorro,S,26.3,9.3,N,,2,Evadido,2026,Questões financeiras/transporte
2022105006,105,2022,Processo Seletivo,AC,M,14,Aracaju,N,9.3,6.7,N,,0,Concluído,2024,
2022105007,105,2022,Processo Seletivo,AC,F,17,Outro município,N,41.6,6.0,S,,0,Concluído,2024,
2022105008,105,2022,Processo Seletivo,AC,F,15,Laranjeiras,N,49.7,5.2,S,3,2,Cursando,,
2022105009,105,2022,Processo Seletivo,L6,F,15,Nossa Senhora do Socorro,S,18.7,5.4,N,3,2,Cursando,,
2022105010,105,2022,Processo Seletivo,L10,F,16,Laranjeiras,S,30.0,5.3,N,,1,Concluído,2025,
2022105011,105,2022,Processo Seletivo,L13,F,14,Aracaju,S,11.4,4.2,S,3,2,Cursando,,
2022105012,105,2022,Processo Seletivo,AC,F,15,Estância,N,56.6,8.2,N,,0,Integralizado – pendente de estágio,2024,
2022105013,105,2022,Processo Seletivo,AC,M,14,São Cristóvão,N,34.5,3.5,N,,0,Concluído,2024,
2022105014,105,2022,Processo Seletivo,L14,F,14,São Cristóvão,S,67.4,8.1,N,,0,Concluído,2024,
2022105015,105,2022,Processo Seletivo,L2,F,14,Outro município,S,43.4,6.5,S,,2,Cancelado a pedido,2026,Não informado
2022105016,105,2022,Processo Seletivo,AC,F,15,Aracaju,S,8.9,7.6,N,3,2,Cursando,,
2022105017,105,2022,Processo Seletivo,L1,M,14,Aracaju,S,3.6,6.6,S,,0,Concluído,2024,
2022105018,105,2022,Processo Seletivo,L13,M,15,Itaporanga d'Ajuda,S,51.6,8.1,N,,0,Concluído,2024,
2022105019,105,2022,Processo Seletivo,AC,F,15,Aracaju,S,12.3,7.4,N,,1,Concluído,2025,
2022105020,105,2022,Processo Seletivo,AC,F,14,Aracaju,S,8.7,6.3,N,,0,Integralizado – pendente de estágio,2024,
2022105021,105,2022,Processo Seletivo,AC,M,16,São Cristóvão,N,41.9,7.9,N,,0,Concluído,2024,
2022105022,105,2022,Processo Seletivo,L10,F,14,Estância,S,46.2,5.9,S,,0,Concluído,2024,
2022105023,105,2022,Processo Seletivo,L5,M,14,Aracaju,S,13.9,6.0,N,,0,Concluído,2024,
2022105024,105,2022,Processo Seletivo,L13,M,14,Aracaju,S,1.4,5.7,S,,0,Concluído,2024,
2022105025,105,2022,Processo Seletivo,AC,M,15,Aracaju,N,6.4,7.3,N,,0,Concluído,2024,
2022105026,105,2022,Processo Seletivo,L2,M,15,Aracaju,S,6.1,7.2,S,,1,Concluído,2025,
2022105027,105,2022,Processo Seletivo,L2,F,14,São Cristóvão,S,31.7,8.5,S,,1,Evadido,2024,Mudança de curso/escola
2022105028,105,2022,Processo Seletivo,L2,M,15,Nossa Senhora do Socorro,S,48.5,5.4,N,,1,Evadido,2026,Retenção/reprovação
2022105029,105,2022,Processo Seletivo,L2,M,15,Barra dos Coqueiros,S,49.6,5.3,S,,3,Evadido,2026,Abandono (sem frequência)
2022105030,105,2022,Processo Seletivo,L2,F,16,Nossa Senhora do Socorro,S,59.9,8.8,S,,1,Evadido,2026,Dificuldade em Matemática/Física
2022105031,105,2022,Processo Seletivo,L2,F,15,Aracaju,S,4.6,4.9,N,,0,Concluído,2024,
2022105032,105,2022,Processo Seletivo,L2,F,14,Outro município,S,22.7,6.3,N,,3,Jubilado (desligado por reincidência),2024,Excedeu limite de retenções
2022105033,105,2022,Processo Seletivo,L6,F,16,Itaporanga d'Ajuda,S,38.3,6.5,N,,0,Transferido,2025,Mudança de curso/escola
2022105034,105,2022,Processo Seletivo,L2,M,14,Aracaju,S,12.8,5.3,N,,0,Evadido,2022,Retenção/reprovação
2022105035,105,2022,Processo Seletivo,L2,F,17,Itaporanga d'Ajuda,S,64.9,4.4,N,,1,Cancelado a pedido,2023,Questões financeiras/transporte
2022105036,105,2022,Processo Seletivo,AC,M,15,Nossa Senhora do Socorro,N,39.8,7.3,S,,0,Concluído,2024,
2022105037,105,2022,Processo Seletivo,L1,F,14,Barra dos Coqueiros,S,41.6,7.9,N,,1,Concluído,2025,
2022105038,105,2022,Processo Seletivo,L6,M,17,Nossa Senhora do Socorro,S,26.9,6.0,N,,0,Integralizado – pendente de estágio,2024,
2022105039,105,2022,Processo Seletivo,L10,F,15,São Cristóvão,S,33.7,5.9,S,3,2,Cursando,,
2022105040,105,2022,Processo Seletivo,L6,F,16,São Cristóvão,S,53.6,6.0,N,,0,Concluído,2024,
2022105041,105,2022,Processo Seletivo,AC,F,16,Outro município,S,54.9,6.8,N,,1,Concluído,2025,
2022106001,106,2022,Processo Seletivo,AC,F,15,Aracaju,S,13.1,7.7,N,,0,Concluído,2024,
2022106002,106,2022,Processo Seletivo,L2,F,14,Aracaju,S,10.5,7.7,S,,0,Concluído,2024,
2022106003,106,2022,Processo Seletivo,AC,F,14,Estância,S,53.5,6.5,S,,1,Concluído,2025,
2022106004,106,2022,Processo Seletivo,L1,M,14,Nossa Senhora do Socorro,S,30.4,5.0,N,,1,Evadido,2024,Dificuldade em Matemática/Física
2022106005,106,2022,Processo Seletivo,L9,M,14,São Cristóvão,S,36.7,6.6,S,,0,Integralizado – pendente de estágio,2024,
2022106006,106,2022,Processo Seletivo,L9,F,15,Barra dos Coqueiros,S,47.9,7.4,S,,0,Concluído,2024,
2022106007,106,2022,Processo Seletivo,L14,F,17,Aracaju,S,12.7,6.9,N,,0,Concluído,2024,
2022106008,106,2022,Processo Seletivo,AC,M,16,Aracaju,S,14.9,8.6,N,3,2,Cursando,,
2022106009,106,2022,Processo Seletivo,L2,M,15,Itaporanga d'Ajuda,S,44.1,7.2,S,,0,Concluído,2024,
2022106010,106,2022,Processo Seletivo,L5,F,15,Aracaju,S,14.0,6.5,N,,0,Integralizado – pendente de estágio,2024,
2022106011,106,2022,Processo Seletivo,AC,F,14,Nossa Senhora do Socorro,N,22.2,5.5,N,,0,Concluído,2024,
2022106012,106,2022,Processo Seletivo,L6,F,14,Aracaju,S,3.1,5.4,N,,0,Concluído,2024,
2022106013,106,2022,Processo Seletivo,L10,F,15,Aracaju,S,7.4,7.8,N,,0,Concluído,2024,
2022106014,106,2022,Processo Seletivo,L14,F,16,Aracaju,S,6.3,8.4,N,,0,Concluído,2024,
2022106015,106,2022,Processo Seletivo,AC,F,15,Outro município,S,53.8,6.4,N,3,2,Cursando,,
2022106016,106,2022,Processo Seletivo,AC,F,16,Aracaju,N,13.1,6.8,N,,1,Concluído,2025,
2022106017,106,2022,Processo Seletivo,L10,F,14,Nossa Senhora do Socorro,S,59.1,5.8,N,3,2,Cursando,,
2022106018,106,2022,Processo Seletivo,AC,F,15,Nossa Senhora do Socorro,N,48.2,5.6,N,,1,Evadido,2025,Questões financeiras/transporte
2022106019,106,2022,Processo Seletivo,AC,M,14,São Cristóvão,S,50.0,6.8,N,,0,Concluído,2024,
2022106020,106,2022,Processo Seletivo,AC,M,14,Aracaju,S,7.3,7.7,N,3,2,Cursando,,
2022106021,106,2022,Processo Seletivo,L2,M,16,Aracaju,S,1.4,6.3,S,3,2,Cursando,,
2022106022,106,2022,Processo Seletivo,AC,F,15,Nossa Senhora do Socorro,S,61.4,6.4,N,,0,Concluído,2024,
2022106023,106,2022,Processo Seletivo,L2,F,15,São Cristóvão,S,17.9,6.6,S,,1,Evadido,2024,Retenção/reprovação
2022106024,106,2022,Processo Seletivo,AC,F,14,Outro município,N,18.2,6.1,N,,0,Integralizado – pendente de estágio,2024,
2022106025,106,2022,Processo Seletivo,L2,F,15,Aracaju,S,4.0,5.7,S,,1,Concluído,2025,
2022106026,106,2022,Processo Seletivo,L2,F,15,Nossa Senhora do Socorro,S,32.5,3.7,S,,1,Transferido,2023,Mudança de curso/escola
2022106027,106,2022,Processo Seletivo,L1,F,15,Aracaju,S,6.9,5.9,S,,0,Concluído,2024,
2022106028,106,2022,Processo Seletivo,AC,F,15,Nossa Senhora do Socorro,N,66.9,8.2,N,,0,Transferido,2025,Não informado
2022106029,106,2022,Processo Seletivo,L6,F,15,Nossa Senhora do Socorro,S,39.5,6.4,S,,0,Integralizado – pendente de estágio,2024,
2022106030,106,2022,Processo Seletivo,L2,M,15,Aracaju,S,10.9,6.6,S,,0,Concluído,2024,
2022106031,106,2022,Processo Seletivo,L9,M,14,Outro município,S,56.5,6.5,N,,3,Transferido,2026,Mudança de curso/escola
2022106032,106,2022,Processo Seletivo,L1,M,16,Outro município,S,56.7,3.5,N,,1,Concluído,2025,
2022106033,106,2022,Processo Seletivo,L13,F,14,Aracaju,S,11.1,5.0,N,,1,Concluído,2025,
2022106034,106,2022,Processo Seletivo,L9,F,15,Outro município,S,60.0,7.7,S,2,3,Cursando,,
2022106035,106,2022,Processo Seletivo,L2,F,14,Nossa Senhora do Socorro,S,58.5,6.8,S,3,2,Cursando,,
2022106036,106,2022,Processo Seletivo,AC,M,15,Aracaju,S,5.6,5.5,N,,0,Concluído,2024,
2022106037,106,2022,Processo Seletivo,AC,F,16,São Cristóvão,S,31.1,7.0,N,,0,Concluído,2024,
2022106038,106,2022,Processo Seletivo,AC,M,16,Nossa Senhora do Socorro,S,24.4,7.8,N,3,2,Cursando,,
2022106039,106,2022,Processo Seletivo,AC,M,16,Aracaju,N,12.9,7.6,S,,0,Concluído,2024,
2023101001,101,2023,Processo Seletivo,L1,M,16,Aracaju,S,10.2,5.8,S,1,3,Cursando,,
2023101002,101,2023,Processo Seletivo,AC,M,14,São Cristóvão,N,53.0,5.6,N,,0,Concluído,2025,
2023101003,101,2023,Processo Seletivo,L2,M,14,Nossa Senhora do Socorro,S,26.1,7.3,S,3,1,Cursando,,
2023101004,101,2023,Processo Seletivo,L2,M,14,Barra dos Coqueiros,S,48.8,6.5,S,3,1,Cursando,,
2023101005,101,2023,Processo Seletivo,AC,M,15,Nossa Senhora do Socorro,N,21.8,7.2,N,,0,Concluído,2025,
2023101006,101,2023,Processo Seletivo,AC,M,15,Aracaju,S,7.4,9.1,N,,0,Concluído,2025,
2023101007,101,2023,Processo Seletivo,AC,F,14,Aracaju,S,12.0,7.9,N,2,2,Cursando,,
2023101008,101,2023,Processo Seletivo,AC,M,16,Aracaju,N,12.9,4.9,N,,0,Transferido,2023,Mudança de município
2023101009,101,2023,Processo Seletivo,AC,F,14,Aracaju,S,9.4,6.6,N,,0,Concluído,2025,
2023101010,101,2023,Processo Seletivo,AC,M,14,Nossa Senhora do Socorro,S,25.1,7.4,N,3,1,Cursando,,
2023101011,101,2023,Processo Seletivo,L2,M,15,Aracaju,S,14.9,6.5,S,3,1,Cursando,,
2023101012,101,2023,Processo Seletivo,L5,F,14,Aracaju,S,4.9,6.9,N,,0,Evadido,2024,Questões financeiras/transporte
2023101013,101,2023,Processo Seletivo,L6,M,15,Barra dos Coqueiros,S,46.3,5.5,S,3,1,Cursando,,
2023101014,101,2023,Processo Seletivo,L5,M,15,Itaporanga d'Ajuda,S,36.9,3.9,N,2,2,Cursando,,
2023101015,101,2023,Processo Seletivo,AC,M,15,Barra dos Coqueiros,N,32.8,6.7,N,3,1,Cursando,,
2023101016,101,2023,Processo Seletivo,AC,F,14,Aracaju,S,10.9,6.6,N,,1,Evadido,2025,Mudança de curso/escola
2023101017,101,2023,Processo Seletivo,L1,M,15,Barra dos Coqueiros,S,24.6,6.4,N,,0,Evadido,2024,Dificuldade em Matemática/Física
2023101018,101,2023,Processo Seletivo,AC,F,16,Barra dos Coqueiros,N,47.6,5.3,N,,0,Cancelado a pedido,2024,Retenção/reprovação
2023101019,101,2023,Processo Seletivo,AC,M,14,Outro município,S,64.2,7.9,N,3,1,Cursando,,
2023101020,101,2023,Processo Seletivo,AC,M,14,Barra dos Coqueiros,S,21.1,6.9,N,,0,Concluído,2025,
2023101021,101,2023,Processo Seletivo,L10,M,14,Nossa Senhora do Socorro,S,58.1,5.0,S,2,2,Cursando,,
2023101022,101,2023,Processo Seletivo,L5,M,14,Laranjeiras,S,59.2,7.5,N,,0,Concluído,2025,
2023101023,101,2023,Processo Seletivo,AC,M,15,Nossa Senhora do Socorro,S,18.5,6.1,N,,0,Concluído,2025,
2023101024,101,2023,Processo Seletivo,L2,M,14,Nossa Senhora do Socorro,S,36.3,7.3,S,,0,Evadido,2023,Dificuldade em Matemática/Física
2023101025,101,2023,Processo Seletivo,AC,M,15,Aracaju,N,5.5,7.7,N,,0,Concluído,2025,
2023101026,101,2023,Processo Seletivo,L5,F,15,Nossa Senhora do Socorro,S,65.0,7.0,S,3,1,Cursando,,
2023101027,101,2023,Processo Seletivo,L6,M,17,Aracaju,S,3.8,7.9,N,,0,Concluído,2025,
2023101028,101,2023,Processo Seletivo,AC,F,14,Aracaju,S,6.0,6.8,N,3,1,Cursando,,
2023101029,101,2023,Processo Seletivo,L6,M,14,Barra dos Coqueiros,S,17.3,4.8,S,2,2,Cursando,,
2023101030,101,2023,Processo Seletivo,L6,F,14,Aracaju,S,9.2,7.7,S,3,1,Cursando,,
2023101031,101,2023,Processo Seletivo,L6,M,15,Nossa Senhora do Socorro,S,44.7,7.9,S,,0,Concluído,2025,
2023101032,101,2023,Processo Seletivo,L13,M,14,Aracaju,S,12.5,6.2,S,,0,Evadido,2023,Questões financeiras/transporte
2023101033,101,2023,Processo Seletivo,L6,M,14,Barra dos Coqueiros,S,55.3,7.4,N,,0,Concluído,2025,
2023101034,101,2023,Processo Seletivo,L5,M,14,Aracaju,S,13.8,7.3,N,,1,Evadido,2025,Mudança de curso/escola
2023101035,101,2023,Processo Seletivo,AC,F,14,Barra dos Coqueiros,N,34.5,7.1,N,2,2,Cursando,,
2023101036,101,2023,Processo Seletivo,AC,M,15,Outro município,S,26.7,6.0,N,,0,Evadido,2023,Trabalho
2023101037,101,2023,Processo Seletivo,L13,F,15,Aracaju,S,8.0,6.3,N,3,1,Cursando,,
2023101038,101,2023,Processo Seletivo,AC,M,14,Nossa Senhora do Socorro,S,52.9,7.1,N,,1,Transferido,2024,Dificuldade em Matemática/Física
2023101039,101,2023,Processo Seletivo,L5,M,14,Aracaju,S,12.7,6.5,N,,0,Concluído,2025,
2023101040,101,2023,Processo Seletivo,L2,M,14,Outro município,S,30.8,4.9,N,,0,Concluído,2025,
2023101041,101,2023,Processo Seletivo,L5,F,14,Aracaju,S,10.1,7.8,N,3,1,Cursando,,
2023101042,101,2023,Processo Seletivo,L1,M,16,Barra dos Coqueiros,S,54.1,5.6,S,3,1,Cursando,,
2023101043,101,2023,Processo Seletivo,AC,M,15,Aracaju,N,5.0,3.9,N,,0,Evadido,2023,Mudança de curso/escola
2023101044,101,2023,Processo Seletivo,AC,M,15,Aracaju,N,4.7,6.0,N,,0,Concluído,2025,
2023101045,101,2023,Processo Seletivo,L9,F,14,Nossa Senhora do Socorro,S,62.3,7.4,N,,0,Concluído,2025,
2023101046,101,2023,Processo Seletivo,L5,M,15,São Cristóvão,S,35.7,6.2,N,,0,Concluído,2025,
2023102001,102,2023,Processo Seletivo,L1,F,16,Aracaju,S,7.0,4.1,N,,0,Evadido,2023,Dificuldade em Matemática/Física
2023102002,102,2023,Processo Seletivo,L14,M,14,Nossa Senhora do Socorro,S,28.3,5.8,N,,0,Evadido,2025,Dificuldade de aprendizagem
2023102003,102,2023,Processo Seletivo,AC,F,14,Barra dos Coqueiros,S,60.8,6.2,N,3,1,Cursando,,
2023102004,102,2023,Processo Seletivo,L14,M,15,Aracaju,S,2.3,6.9,N,,0,Evadido,2023,Questões financeiras/transporte
2023102005,102,2023,Processo Seletivo,AC,M,15,Laranjeiras,N,50.2,7.7,N,,0,Evadido,2024,Trabalho
2023102006,102,2023,Processo Seletivo,AC,M,15,Outro município,N,33.9,7.4,N,,0,Concluído,2025,
2023102007,102,2023,Processo Seletivo,L14,F,14,Outro município,S,15.9,4.4,N,,0,Concluído,2025,
2023102008,102,2023,Processo Seletivo,L1,M,17,Aracaju,S,13.3,6.2,S,,0,Concluído,2025,
2023102009,102,2023,Processo Seletivo,AC,M,14,Aracaju,S,11.0,6.4,N,,0,Concluído,2025,
2023102010,102,2023,Processo Seletivo,L10,M,15,Nossa Senhora do Socorro,S,37.5,6.3,N,3,1,Cursando,,
2023102011,102,2023,Processo Seletivo,L13,M,15,Aracaju,S,13.0,6.9,S,,0,Concluído,2025,
2023102012,102,2023,Processo Seletivo,AC,F,14,Outro município,S,56.1,6.4,S,,0,Concluído,2025,
2023102013,102,2023,Processo Seletivo,AC,F,14,Aracaju,S,3.8,5.3,N,3,1,Cursando,,
2023102014,102,2023,Processo Seletivo,L6,M,15,Nossa Senhora do Socorro,S,36.3,7.7,N,,1,Evadido,2026,Trabalho
2023102015,102,2023,Processo Seletivo,AC,M,14,Barra dos Coqueiros,S,66.2,7.6,N,3,1,Cursando,,
2023102016,102,2023,Processo Seletivo,L5,F,15,Nossa Senhora do Socorro,S,44.5,7.9,N,3,1,Cursando,,
2023102017,102,2023,Processo Seletivo,L5,M,16,Nossa Senhora do Socorro,S,13.2,5.0,S,,0,Concluído,2025,
2023102018,102,2023,Processo Seletivo,L5,F,15,São Cristóvão,S,35.2,6.3,N,2,2,Cursando,,
2023102019,102,2023,Processo Seletivo,L14,M,14,Nossa Senhora do Socorro,S,33.9,6.3,N,,0,Concluído,2025,
2023102020,102,2023,Processo Seletivo,AC,M,15,Nossa Senhora do Socorro,N,64.6,6.9,N,,0,Integralizado – pendente de estágio,2025,
2023102021,102,2023,Processo Seletivo,L5,M,15,Nossa Senhora do Socorro,S,39.7,8.6,N,2,2,Cursando,,
2023102022,102,2023,Processo Seletivo,AC,M,15,Aracaju,S,2.9,7.1,N,,0,Concluído,2025,
2023102023,102,2023,Processo Seletivo,L9,M,15,Aracaju,S,14.0,7.5,S,,0,Concluído,2025,
2023102024,102,2023,Processo Seletivo,AC,M,14,Nossa Senhora do Socorro,N,65.2,5.4,N,3,1,Cursando,,
2023102025,102,2023,Processo Seletivo,L2,M,14,São Cristóvão,S,25.8,7.6,S,,0,Concluído,2025,
2023102026,102,2023,Processo Seletivo,L1,M,15,Estância,S,62.1,8.2,S,3,1,Cursando,,
2023102027,102,2023,Processo Seletivo,L2,F,14,Barra dos Coqueiros,S,69.9,6.2,S,,0,Evadido,2023,Abandono (sem frequência)
2023102028,102,2023,Processo Seletivo,L5,M,14,Barra dos Coqueiros,S,15.8,5.7,N,,0,Evadido,2024,Trabalho
2023102029,102,2023,Processo Seletivo,L6,M,15,São Cristóvão,S,65.3,6.4,N,3,1,Cursando,,
2023102030,102,2023,Processo Seletivo,AC,M,15,Aracaju,N,7.1,8.9,N,,0,Concluído,2025,
2023102031,102,2023,Processo Seletivo,AC,M,14,Aracaju,N,9.1,7.1,N,,0,Evadido,2023,Dificuldade de aprendizagem
2023102032,102,2023,Processo Seletivo,L10,M,15,São Cristóvão,S,20.3,8.3,N,,0,Integralizado – pendente de estágio,2025,
2023102033,102,2023,Processo Seletivo,L5,M,15,Aracaju,S,8.8,7.1,N,,0,Concluído,2025,
2023102034,102,2023,Processo Seletivo,AC,M,15,Aracaju,S,13.7,6.1,S,,2,Evadido,2026,Dificuldade em Matemática/Física
2023102035,102,2023,Processo Seletivo,AC,M,14,Outro município,S,52.9,7.5,S,2,2,Cursando,,
2023102036,102,2023,Processo Seletivo,L1,M,16,Aracaju,S,8.3,5.8,S,,1,Cancelado a pedido,2025,Trabalho
2023102037,102,2023,Processo Seletivo,L5,M,14,Aracaju,S,6.9,6.2,S,,1,Evadido,2025,Retenção/reprovação
2023102038,102,2023,Processo Seletivo,L13,F,14,Aracaju,S,11.9,6.6,N,3,1,Cursando,,
2023102039,102,2023,Processo Seletivo,L2,M,14,Aracaju,S,2.6,5.4,N,3,1,Cursando,,
2023102040,102,2023,Processo Seletivo,AC,M,15,Laranjeiras,S,45.1,7.2,N,3,1,Cursando,,
2023102041,102,2023,Processo Seletivo,L6,M,15,Nossa Senhora do Socorro,S,43.3,6.6,S,,0,Concluído,2025,
2023102042,102,2023,Processo Seletivo,L14,M,16,Aracaju,S,2.8,3.8,S,3,1,Cursando,,
2023102043,102,2023,Processo Seletivo,AC,M,14,Aracaju,S,9.7,7.2,N,,0,Concluído,2025,
2023102044,102,2023,Processo Seletivo,L5,M,16,Estância,S,51.4,7.2,N,,0,Concluído,2025,
2023102045,102,2023,Processo Seletivo,L1,M,14,Aracaju,S,9.6,6.0,S,,0,Concluído,2025,
2023102046,102,2023,Processo Seletivo,AC,M,14,Aracaju,S,2.5,6.1,N,,0,Concluído,2025,
2023102047,102,2023,Processo Seletivo,AC,M,14,Nossa Senhora do Socorro,N,28.4,10,N,,0,Concluído,2025,
2023103001,103,2023,Processo Seletivo,AC,M,15,Barra dos Coqueiros,S,26.6,7.0,S,,0,Concluído,2025,
2023103002,103,2023,Processo Seletivo,L10,M,14,Outro município,S,50.6,5.2,S,,0,Concluído,2025,
2023103003,103,2023,Processo Seletivo,L10,M,14,Estância,S,47.4,5.5,S,3,1,Cursando,,
2023103004,103,2023,Processo Seletivo,AC,M,15,Laranjeiras,S,27.5,4.6,S,3,1,Cursando,,
2023103005,103,2023,Processo Seletivo,AC,M,14,São Cristóvão,N,19.8,5.6,N,,0,Concluído,2025,
2023103006,103,2023,Processo Seletivo,L6,M,14,Aracaju,S,6.4,6.1,N,,0,Concluído,2025,
2023103007,103,2023,Processo Seletivo,L1,M,15,Aracaju,S,15.0,6.2,N,3,1,Cursando,,
2023103008,103,2023,Processo Seletivo,AC,F,14,Aracaju,S,13.5,6.4,N,,0,Concluído,2025,
2023103009,103,2023,Processo Seletivo,L10,M,14,São Cristóvão,S,48.7,5.4,S,,0,Concluído,2025,
2023103010,103,2023,Processo Seletivo,L1,M,14,São Cristóvão,S,40.7,5.2,S,,0,Concluído,2025,
2023103011,103,2023,Processo Seletivo,L1,M,15,São Cristóvão,S,49.2,4.5,S,2,2,Cursando,,
2023103012,103,2023,Processo Seletivo,L10,F,17,São Cristóvão,S,39.6,6.2,S,,1,Transferido,2025,Dificuldade em Matemática/Física
2023103013,103,2023,Processo Seletivo,L5,F,14,Barra dos Coqueiros,S,34.5,6.5,N,3,1,Cursando,,
2023103014,103,2023,Processo Seletivo,L2,M,15,Aracaju,S,12.6,5.8,S,,0,Concluído,2025,
2023103015,103,2023,Processo Seletivo,AC,M,14,Outro município,N,14.4,6.7,N,,0,Concluído,2025,
2023103016,103,2023,Processo Seletivo,L2,M,14,Nossa Senhora do Socorro,S,51.7,7.4,S,3,1,Cursando,,
2023103017,103,2023,Processo Seletivo,AC,M,15,Laranjeiras,N,42.5,6.4,N,3,1,Cursando,,
2023103018,103,2023,Processo Seletivo,L2,M,14,Aracaju,S,2.9,6.0,S,3,1,Cursando,,
2023103019,103,2023,Processo Seletivo,L1,M,15,Aracaju,S,13.3,6.8,N,2,2,Cursando,,
2023103020,103,2023,Processo Seletivo,L14,M,14,Aracaju,S,11.4,5.0,N,,0,Concluído,2025,
2023103021,103,2023,Processo Seletivo,L6,M,15,Aracaju,S,8.1,5.5,N,3,1,Cursando,,
2023103022,103,2023,Processo Seletivo,L5,M,15,Nossa Senhora do Socorro,S,19.7,8.6,N,,0,Concluído,2025,
2023103023,103,2023,Processo Seletivo,L2,M,15,Aracaju,S,4.3,6.1,S,2,2,Cursando,,
2023103024,103,2023,Processo Seletivo,L2,M,14,Aracaju,S,13.0,5.7,S,3,1,Cursando,,
2023103025,103,2023,Processo Seletivo,AC,M,16,Aracaju,N,6.3,9.1,N,,0,Concluído,2025,
2023103026,103,2023,Processo Seletivo,L6,M,15,Aracaju,S,3.3,7.7,N,3,1,Cursando,,
2023103027,103,2023,Processo Seletivo,L1,F,14,Barra dos Coqueiros,S,14.8,5.2,N,,0,Transferido,2025,Dificuldade em Matemática/Física
2023103028,103,2023,Processo Seletivo,AC,F,15,São Cristóvão,S,49.6,7.3,S,,0,Concluído,2025,
2023103029,103,2023,Processo Seletivo,AC,M,14,Barra dos Coqueiros,S,24.1,5.2,N,,0,Concluído,2025,
2023103030,103,2023,Processo Seletivo,L2,M,14,Aracaju,S,12.1,5.7,S,,0,Concluído,2025,
2023103031,103,2023,Processo Seletivo,AC,F,15,Nossa Senhora do Socorro,S,30.9,7.2,N,,0,Evadido,2024,Questões financeiras/transporte
2023103032,103,2023,Processo Seletivo,AC,F,14,Aracaju,N,10.0,7.5,N,,0,Concluído,2025,
2023103033,103,2023,Processo Seletivo,L10,M,15,Aracaju,S,12.4,7.3,N,,0,Concluído,2025,
2023103034,103,2023,Processo Seletivo,L13,F,15,Aracaju,S,12.2,6.3,N,3,1,Cursando,,
2023103035,103,2023,Processo Seletivo,L1,F,16,Outro município,S,59.2,5.9,S,3,1,Cursando,,
2023103036,103,2023,Processo Seletivo,L1,M,14,Aracaju,S,10.4,6.1,S,,2,Evadido,2025,Trabalho
2023103037,103,2023,Processo Seletivo,L6,M,14,Aracaju,S,8.0,6.1,N,3,1,Cursando,,
2023103038,103,2023,Processo Seletivo,AC,F,15,Laranjeiras,N,59.6,9.6,N,,0,Concluído,2025,
2023103039,103,2023,Processo Seletivo,L6,M,14,Nossa Senhora do Socorro,S,32.1,6.3,N,3,1,Cursando,,
2023103040,103,2023,Processo Seletivo,AC,F,15,Outro município,S,28.8,10,N,,0,Concluído,2025,
2023103041,103,2023,Processo Seletivo,AC,M,14,Aracaju,N,9.7,7.5,S,,0,Concluído,2025,
2023103042,103,2023,Processo Seletivo,L6,M,15,Barra dos Coqueiros,S,60.9,6.8,N,3,1,Cursando,,
2023103043,103,2023,Processo Seletivo,AC,M,15,Laranjeiras,N,12.3,8.0,N,,0,Concluído,2025,
2023103044,103,2023,Processo Seletivo,L14,F,15,Aracaju,S,2.9,5.8,S,3,1,Cursando,,
2023103045,103,2023,Processo Seletivo,AC,F,16,Aracaju,S,4.0,6.6,N,,0,Evadido,2026,Retenção/reprovação
2023103046,103,2023,Processo Seletivo,AC,M,15,Aracaju,S,15.0,7.2,S,,0,Concluído,2025,
2023103047,103,2023,Processo Seletivo,AC,M,14,Aracaju,S,6.9,5.8,N,3,1,Cursando,,
2023104001,104,2023,Processo Seletivo,AC,M,14,Aracaju,N,6.6,7.4,S,,0,Evadido,2025,Retenção/reprovação
2023104002,104,2023,Processo Seletivo,AC,F,16,Aracaju,N,1.7,5.6,N,,0,Concluído,2025,
2023104003,104,2023,Processo Seletivo,AC,F,14,São Cristóvão,S,27.2,7.2,S,,0,Concluído,2025,
2023104004,104,2023,Processo Seletivo,AC,M,16,Aracaju,N,4.4,8.0,N,,0,Concluído,2025,
2023104005,104,2023,Processo Seletivo,L6,M,15,Aracaju,S,7.7,6.4,S,3,1,Cursando,,
2023104006,104,2023,Processo Seletivo,L13,M,14,Aracaju,S,4.4,6.6,N,,0,Evadido,2025,Retenção/reprovação
2023104007,104,2023,Processo Seletivo,AC,M,15,Aracaju,N,11.1,6.5,N,,0,Concluído,2025,
2023104008,104,2023,Processo Seletivo,L14,F,14,Itaporanga d'Ajuda,S,30.3,6.9,N,,0,Concluído,2025,
2023104009,104,2023,Processo Seletivo,AC,F,14,Aracaju,N,12.5,5.2,N,3,1,Cursando,,
2023104010,104,2023,Processo Seletivo,AC,M,15,Nossa Senhora do Socorro,N,25.9,6.8,N,,0,Concluído,2025,
2023104011,104,2023,Processo Seletivo,L5,M,15,Nossa Senhora do Socorro,S,65.7,7.7,N,3,1,Cursando,,
2023104012,104,2023,Processo Seletivo,L2,F,15,Aracaju,S,9.6,6.1,N,2,2,Cursando,,
2023104013,104,2023,Processo Seletivo,L2,F,15,Aracaju,S,12.0,7.0,N,,2,Evadido,2025,Dificuldade em Matemática/Física
2023104014,104,2023,Processo Seletivo,L2,F,15,Estância,S,16.5,8.7,S,,1,Evadido,2024,Mudança de curso/escola
2023104015,104,2023,Processo Seletivo,L6,M,14,Itaporanga d'Ajuda,S,22.9,5.4,S,3,1,Cursando,,
2023104016,104,2023,Processo Seletivo,AC,M,15,Nossa Senhora do Socorro,N,59.9,7.2,N,,0,Concluído,2025,
2023104017,104,2023,Processo Seletivo,AC,M,15,Aracaju,N,10.0,7.7,N,3,1,Cursando,,
2023104018,104,2023,Processo Seletivo,L9,M,15,Aracaju,S,9.8,7.0,N,,0,Integralizado – pendente de estágio,2025,
2023104019,104,2023,Processo Seletivo,AC,M,14,Barra dos Coqueiros,S,23.0,7.3,S,3,1,Cursando,,
2023104020,104,2023,Processo Seletivo,L6,F,15,Nossa Senhora do Socorro,S,45.0,7.6,N,,0,Concluído,2025,
2023104021,104,2023,Processo Seletivo,L5,M,14,Aracaju,S,9.3,6.6,N,,0,Concluído,2025,
2023104022,104,2023,Processo Seletivo,AC,F,14,Aracaju,S,3.9,7.0,N,3,1,Cursando,,
2023104023,104,2023,Processo Seletivo,L2,M,14,Barra dos Coqueiros,S,50.8,6.8,N,,0,Concluído,2025,
2023104024,104,2023,Processo Seletivo,AC,M,16,Outro município,N,35.0,6.1,S,,0,Concluído,2025,
2023104025,104,2023,Processo Seletivo,L6,F,15,São Cristóvão,S,20.1,6.3,S,,0,Integralizado – pendente de estágio,2025,
2023104026,104,2023,Processo Seletivo,AC,F,14,Nossa Senhora do Socorro,N,19.7,6.9,N,3,1,Cursando,,
2023104027,104,2023,Processo Seletivo,L6,M,15,Aracaju,S,3.6,3.3,S,3,1,Cursando,,
2023104028,104,2023,Processo Seletivo,L6,M,15,Aracaju,S,4.6,7.5,N,,1,Evadido,2025,Dificuldade em Matemática/Física
2023104029,104,2023,Processo Seletivo,AC,M,15,Estância,N,64.9,9.6,N,,0,Concluído,2025,
2023104030,104,2023,Processo Seletivo,L1,M,14,Aracaju,S,4.1,5.2,S,3,1,Cursando,,
2023104031,104,2023,Processo Seletivo,L6,F,14,Laranjeiras,S,37.9,5.6,N,3,1,Cursando,,
2023104032,104,2023,Processo Seletivo,AC,F,15,Barra dos Coqueiros,S,16.9,6.9,S,,0,Concluído,2025,
2023104033,104,2023,Processo Seletivo,AC,M,15,Aracaju,N,4.7,7.4,N,,0,Concluído,2025,
2023104034,104,2023,Processo Seletivo,L10,F,15,São Cristóvão,S,36.7,5.6,S,,2,Transferido,2025,Trabalho
2023104035,104,2023,Processo Seletivo,L6,M,15,Aracaju,S,4.2,6.6,N,,0,Concluído,2025,
2023104036,104,2023,Processo Seletivo,AC,F,16,Nossa Senhora do Socorro,S,26.0,6.5,S,,0,Concluído,2025,
2023104037,104,2023,Processo Seletivo,AC,M,14,Laranjeiras,N,14.0,8.2,N,,0,Concluído,2025,
2023104038,104,2023,Processo Seletivo,L1,F,17,Nossa Senhora do Socorro,S,29.0,6.1,N,3,1,Cursando,,
2023104039,104,2023,Processo Seletivo,L2,F,15,Aracaju,S,8.5,6.0,S,,2,Evadido,2025,Trabalho
2023104040,104,2023,Processo Seletivo,AC,M,15,Nossa Senhora do Socorro,S,15.0,6.4,N,,0,Transferido,2023,Trabalho
2023104041,104,2023,Processo Seletivo,L6,F,14,Barra dos Coqueiros,S,36.5,5.6,S,,1,Transferido,2025,Questões financeiras/transporte
2023104042,104,2023,Processo Seletivo,AC,F,16,São Cristóvão,S,43.6,5.1,N,1,3,Cursando,,
2023104043,104,2023,Processo Seletivo,AC,F,15,Estância,N,25.3,6.5,N,3,1,Cursando,,
2023104044,104,2023,Processo Seletivo,AC,F,14,Aracaju,N,5.4,8.2,N,,0,Concluído,2025,
2023104045,104,2023,Processo Seletivo,AC,F,15,Nossa Senhora do Socorro,N,39.3,5.2,N,,0,Evadido,2024,Abandono (sem frequência)
2023104046,104,2023,Processo Seletivo,L14,M,15,Laranjeiras,S,48.0,4.5,N,,0,Evadido,2023,Dificuldade em Matemática/Física
2023105001,105,2023,Processo Seletivo,AC,F,15,Aracaju,S,13.6,8.2,N,,0,Concluído,2025,
2023105002,105,2023,Processo Seletivo,AC,F,15,Aracaju,S,6.7,7.3,S,,0,Concluído,2025,
2023105003,105,2023,Processo Seletivo,AC,F,15,Nossa Senhora do Socorro,N,52.3,7.4,S,,0,Concluído,2025,
2023105004,105,2023,Processo Seletivo,L2,M,15,São Cristóvão,S,51.4,6.2,N,,1,Evadido,2024,Não informado
2023105005,105,2023,Processo Seletivo,L1,F,14,Nossa Senhora do Socorro,S,37.5,5.1,N,,2,Evadido,2026,Mudança de curso/escola
2023105006,105,2023,Processo Seletivo,L5,F,16,Nossa Senhora do Socorro,S,51.9,6.8,S,,0,Concluído,2025,
2023105007,105,2023,Processo Seletivo,L10,F,15,Aracaju,S,14.5,6.9,S,3,1,Cursando,,
2023105008,105,2023,Processo Seletivo,AC,F,15,São Cristóvão,S,23.7,6.2,N,,0,Concluído,2025,
2023105009,105,2023,Processo Seletivo,AC,F,16,Outro município,S,15.0,5.6,N,,0,Concluído,2025,
2023105010,105,2023,Processo Seletivo,AC,F,17,Outro município,N,61.3,6.8,S,,0,Concluído,2025,
2023105011,105,2023,Processo Seletivo,L1,F,15,Aracaju,S,7.9,4.7,N,,0,Evadido,2024,Não informado
2023105012,105,2023,Processo Seletivo,L2,M,14,Aracaju,S,1.1,5.8,N,2,2,Cursando,,
2023105013,105,2023,Processo Seletivo,L2,F,14,Nossa Senhora do Socorro,S,49.1,5.2,N,,0,Concluído,2025,
2023105014,105,2023,Processo Seletivo,AC,M,16,Nossa Senhora do Socorro,N,18.5,7.1,N,,0,Concluído,2025,
2023105015,105,2023,Processo Seletivo,L6,F,15,Aracaju,S,6.7,7.6,N,,0,Concluído,2025,
2023105016,105,2023,Processo Seletivo,L10,M,14,Aracaju,S,2.0,6.2,S,,0,Concluído,2025,
2023105017,105,2023,Processo Seletivo,AC,F,14,Outro município,S,53.2,6.9,S,,1,Evadido,2024,Mudança de município
2023105018,105,2023,Processo Seletivo,AC,M,15,Aracaju,S,5.4,6.1,N,,0,Evadido,2025,Questões financeiras/transporte
2023105019,105,2023,Processo Seletivo,L2,F,14,Barra dos Coqueiros,S,13.0,6.9,S,,0,Concluído,2025,
2023105020,105,2023,Processo Seletivo,L14,M,15,Aracaju,S,3.6,6.4,N,,0,Concluído,2025,
2023105021,105,2023,Processo Seletivo,L14,M,16,Aracaju,S,9.0,5.3,N,,0,Concluído,2025,
2023105022,105,2023,Processo Seletivo,L6,F,14,Outro município,S,62.0,6.2,N,3,1,Cursando,,
2023105023,105,2023,Processo Seletivo,AC,M,15,Aracaju,S,10.4,6.9,N,,0,Concluído,2025,
2023105024,105,2023,Processo Seletivo,L6,M,15,Aracaju,S,1.8,7.6,S,2,2,Cursando,,
2023105025,105,2023,Processo Seletivo,L13,F,14,Laranjeiras,S,25.5,6.8,N,3,1,Cursando,,
2023105026,105,2023,Processo Seletivo,AC,M,15,São Cristóvão,S,55.0,7.1,N,,0,Concluído,2025,
2023105027,105,2023,Processo Seletivo,L2,F,15,Aracaju,S,1.9,6.8,S,,0,Evadido,2025,Dificuldade em Matemática/Física
2023105028,105,2023,Processo Seletivo,AC,F,15,São Cristóvão,N,66.1,6.6,N,,1,Evadido,2025,Mudança de curso/escola
2023105029,105,2023,Processo Seletivo,L1,M,15,Aracaju,S,10.5,7.2,N,3,1,Cursando,,
2023105030,105,2023,Processo Seletivo,AC,M,15,Aracaju,S,7.6,6.2,N,3,1,Cursando,,
2023105031,105,2023,Processo Seletivo,L5,F,14,Laranjeiras,S,46.3,7.4,N,,0,Concluído,2025,
2023105032,105,2023,Processo Seletivo,L1,M,15,Aracaju,S,5.7,7.2,N,3,1,Cursando,,
2023105033,105,2023,Processo Seletivo,AC,F,14,Aracaju,S,3.0,7.9,N,,0,Concluído,2025,
2023105034,105,2023,Processo Seletivo,AC,F,14,São Cristóvão,S,69.1,4.6,N,,0,Concluído,2025,
2023105035,105,2023,Processo Seletivo,AC,F,14,Nossa Senhora do Socorro,N,41.2,8.1,N,,0,Concluído,2025,
2023105036,105,2023,Processo Seletivo,L5,M,14,Aracaju,S,11.5,5.4,N,,0,Concluído,2025,
2023105037,105,2023,Processo Seletivo,L2,F,14,Aracaju,S,2.7,6.0,S,,0,Evadido,2026,Retenção/reprovação
2023105038,105,2023,Processo Seletivo,L1,F,14,Aracaju,S,10.9,5.5,N,,0,Concluído,2025,
2023105039,105,2023,Processo Seletivo,L2,F,14,Nossa Senhora do Socorro,S,18.7,5.9,S,,0,Concluído,2025,
2023105040,105,2023,Processo Seletivo,L6,F,15,Aracaju,S,5.7,5.5,N,,0,Concluído,2025,
2023105041,105,2023,Processo Seletivo,L10,F,15,Aracaju,S,6.9,6.4,S,,0,Evadido,2024,Trabalho
2023106001,106,2023,Processo Seletivo,L5,F,15,São Cristóvão,S,69.5,6.7,S,,0,Concluído,2025,
2023106002,106,2023,Processo Seletivo,AC,M,16,Aracaju,S,2.5,5.2,N,3,1,Cursando,,
2023106003,106,2023,Processo Seletivo,L5,F,14,São Cristóvão,S,62.7,5.5,S,,0,Concluído,2025,
2023106004,106,2023,Processo Seletivo,L1,F,14,São Cristóvão,S,68.2,7.6,S,,0,Evadido,2025,Trabalho
2023106005,106,2023,Processo Seletivo,L2,F,16,Aracaju,S,5.7,4.3,N,,0,Concluído,2025,
2023106006,106,2023,Processo Seletivo,L2,F,15,Aracaju,S,2.9,7.4,N,,0,Concluído,2025,
2023106007,106,2023,Processo Seletivo,L1,F,15,Nossa Senhora do Socorro,S,54.2,7.1,N,3,1,Cursando,,
2023106008,106,2023,Processo Seletivo,L5,F,16,Nossa Senhora do Socorro,S,52.7,6.7,N,,0,Concluído,2025,
2023106009,106,2023,Processo Seletivo,AC,M,14,Aracaju,S,10.0,5.8,N,,0,Concluído,2025,
2023106010,106,2023,Processo Seletivo,AC,F,15,Aracaju,N,1.6,6.9,N,3,1,Cursando,,
2023106011,106,2023,Processo Seletivo,AC,M,16,Nossa Senhora do Socorro,N,62.9,6.3,S,3,1,Cursando,,
2023106012,106,2023,Processo Seletivo,AC,M,14,São Cristóvão,N,12.1,6.5,N,3,1,Cursando,,
2023106013,106,2023,Processo Seletivo,L6,F,16,Laranjeiras,S,32.7,7.0,N,,1,Evadido,2025,Não informado
2023106014,106,2023,Processo Seletivo,L1,M,15,Itaporanga d'Ajuda,S,45.7,4.9,N,,0,Concluído,2025,
2023106015,106,2023,Processo Seletivo,L1,F,15,Aracaju,S,10.5,4.8,N,,1,Cancelado a pedido,2024,Trabalho
2023106016,106,2023,Processo Seletivo,L6,F,14,Outro município,S,23.5,6.0,N,3,1,Cursando,,
2023106017,106,2023,Processo Seletivo,L14,F,14,Aracaju,S,4.5,7.8,N,,0,Concluído,2025,
2023106018,106,2023,Processo Seletivo,L1,M,17,Aracaju,S,9.2,4.7,N,,0,Integralizado – pendente de estágio,2025,
2023106019,106,2023,Processo Seletivo,AC,F,15,Nossa Senhora do Socorro,S,32.0,6.3,S,2,2,Cursando,,
2023106020,106,2023,Processo Seletivo,AC,F,14,Nossa Senhora do Socorro,N,39.6,7.2,N,,0,Concluído,2025,
2023106021,106,2023,Processo Seletivo,L10,F,15,Outro município,S,57.4,6.7,N,,0,Integralizado – pendente de estágio,2025,
2023106022,106,2023,Processo Seletivo,L6,M,14,Outro município,S,57.7,7.1,N,,0,Concluído,2025,
2023106023,106,2023,Processo Seletivo,L5,F,15,Barra dos Coqueiros,S,45.0,5.7,N,,1,Transferido,2025,Retenção/reprovação
2023106024,106,2023,Processo Seletivo,L2,F,15,Aracaju,S,1.5,7.0,S,,0,Concluído,2025,
2023106025,106,2023,Processo Seletivo,L1,F,14,Nossa Senhora do Socorro,S,28.5,5.4,N,,0,Integralizado – pendente de estágio,2025,
2023106026,106,2023,Processo Seletivo,L14,M,15,Aracaju,S,13.3,2.9,N,3,1,Cursando,,
2023106027,106,2023,Processo Seletivo,L5,F,14,Barra dos Coqueiros,S,13.9,5.2,N,,0,Evadido,2024,Trabalho
2023106028,106,2023,Processo Seletivo,AC,M,16,Aracaju,N,11.3,5.5,N,,0,Concluído,2025,
2023106029,106,2023,Processo Seletivo,AC,F,15,Nossa Senhora do Socorro,N,33.4,5.8,N,,0,Concluído,2025,
2023106030,106,2023,Processo Seletivo,AC,M,14,Nossa Senhora do Socorro,N,47.6,8.5,N,,0,Concluído,2025,
2023106031,106,2023,Processo Seletivo,AC,M,15,Barra dos Coqueiros,N,48.5,7.6,N,,0,Concluído,2025,
2023106032,106,2023,Processo Seletivo,AC,F,14,Aracaju,N,14.1,7.9,N,,0,Concluído,2025,
2023106033,106,2023,Processo Seletivo,L2,M,15,Aracaju,S,11.2,4.5,S,3,1,Cursando,,
2023106034,106,2023,Processo Seletivo,AC,M,16,Outro município,N,33.2,9.2,S,,0,Concluído,2025,
2023106035,106,2023,Processo Seletivo,AC,M,14,Barra dos Coqueiros,S,34.7,7.9,S,,0,Concluído,2025,
2023106036,106,2023,Processo Seletivo,L14,M,14,Barra dos Coqueiros,S,57.4,6.1,S,3,1,Cursando,,
2023106037,106,2023,Processo Seletivo,AC,F,15,Nossa Senhora do Socorro,N,38.5,4.8,N,3,1,Cursando,,
2023106038,106,2023,Processo Seletivo,L1,M,14,Aracaju,S,2.1,7.6,S,3,1,Cursando,,
2023106039,106,2023,Processo Seletivo,L5,F,14,Nossa Senhora do Socorro,S,41.2,5.4,N,,0,Concluído,2025,
2024101001,101,2024,Processo Seletivo,AC,M,14,Nossa Senhora do Socorro,N,58.7,7.3,N,3,0,Cursando,,
2024101002,101,2024,Processo Seletivo,AC,M,16,Nossa Senhora do Socorro,N,51.6,5.8,N,,0,Evadido,2024,Não informado
2024101003,101,2024,Processo Seletivo,AC,F,14,Aracaju,S,2.3,7.3,S,2,1,Cursando,,
2024101004,101,2024,Processo Seletivo,AC,M,14,São Cristóvão,S,14.4,7.0,N,3,0,Cursando,,
2024101005,101,2024,Processo Seletivo,L1,M,16,Aracaju,S,13.0,6.7,S,1,2,Cursando,,
2024101006,101,2024,Processo Seletivo,AC,F,14,Aracaju,S,11.1,5.8,N,3,0,Cursando,,
2024101007,101,2024,Processo Seletivo,AC,M,14,São Cristóvão,N,41.0,8.2,N,3,0,Cursando,,
2024101008,101,2024,Processo Seletivo,AC,M,14,Barra dos Coqueiros,S,14.9,8.1,N,3,0,Cursando,,
2024101009,101,2024,Processo Seletivo,L2,M,15,Estância,S,48.6,6.9,N,3,0,Cursando,,
2024101010,101,2024,Processo Seletivo,AC,M,14,Nossa Senhora do Socorro,N,52.8,7.4,S,,0,Evadido,2025,Questões financeiras/transporte
2024101011,101,2024,Processo Seletivo,L14,M,14,Estância,S,17.3,6.9,N,3,0,Cursando,,
2024101012,101,2024,Processo Seletivo,AC,F,15,Aracaju,N,2.6,8.0,S,3,0,Cursando,,
2024101013,101,2024,Processo Seletivo,L9,M,14,Aracaju,S,10.0,6.1,S,,0,Evadido,2024,Dificuldade em Matemática/Física
2024101014,101,2024,Processo Seletivo,L1,M,15,Aracaju,S,7.7,5.4,N,2,1,Cursando,,
2024101015,101,2024,Processo Seletivo,L6,M,15,São Cristóvão,S,68.7,6.3,N,,1,Evadido,2026,Trabalho
2024101016,101,2024,Processo Seletivo,L5,F,15,Aracaju,S,1.7,5.7,N,,0,Evadido,2024,Questões financeiras/transporte
2024101017,101,2024,Processo Seletivo,AC,M,17,Nossa Senhora do Socorro,N,24.0,7.2,N,3,0,Cursando,,
2024101018,101,2024,Processo Seletivo,L5,F,15,Aracaju,S,6.9,5.7,N,,0,Transferido,2025,Dificuldade em Matemática/Física
2024101019,101,2024,Processo Seletivo,L1,M,15,Aracaju,S,13.0,5.8,S,2,1,Cursando,,
2024101020,101,2024,Processo Seletivo,AC,M,15,Outro município,N,13.6,9.3,S,2,1,Cursando,,
2024101021,101,2024,Processo Seletivo,L2,M,15,Aracaju,S,11.2,8.2,N,3,0,Cursando,,
2024101022,101,2024,Processo Seletivo,L5,M,14,Nossa Senhora do Socorro,S,12.3,5.5,N,3,0,Cursando,,
2024101023,101,2024,Processo Seletivo,L1,M,15,Aracaju,S,8.0,6.0,N,3,0,Cursando,,
2024101024,101,2024,Processo Seletivo,L5,F,15,Nossa Senhora do Socorro,S,27.2,7.2,N,3,0,Cursando,,
2024101025,101,2024,Processo Seletivo,L6,M,14,Aracaju,S,4.9,7.1,N,3,0,Cursando,,
2024101026,101,2024,Processo Seletivo,L1,M,15,Aracaju,S,13.2,4.7,S,,1,Cancelado a pedido,2026,Aprovação em outra escola
2024101027,101,2024,Processo Seletivo,AC,M,15,Laranjeiras,N,57.8,5.5,N,,0,Transferido,2026,Dificuldade em Matemática/Física
2024101028,101,2024,Processo Seletivo,AC,M,15,Aracaju,N,5.7,7.4,N,,0,Transferido,2026,Trabalho
2024101029,101,2024,Processo Seletivo,AC,M,15,Aracaju,S,9.6,7.8,N,3,0,Cursando,,
2024101030,101,2024,Processo Seletivo,L2,F,14,Nossa Senhora do Socorro,S,67.9,5.9,N,1,2,Cursando,,
2024101031,101,2024,Processo Seletivo,AC,M,15,Aracaju,S,13.0,7.4,N,3,0,Cursando,,
2024101032,101,2024,Processo Seletivo,AC,M,17,Aracaju,S,3.9,7.0,N,1,2,Cursando,,
2024101033,101,2024,Processo Seletivo,L1,M,14,Aracaju,S,6.0,5.9,S,,0,Evadido,2024,Não informado
2024101034,101,2024,Processo Seletivo,L5,M,15,Nossa Senhora do Socorro,S,20.3,6.6,N,2,1,Cursando,,
2024101035,101,2024,Processo Seletivo,AC,M,14,Aracaju,S,9.7,7.3,N,2,1,Cursando,,
2024101036,101,2024,Processo Seletivo,AC,F,16,Aracaju,N,9.4,8.0,N,2,1,Cursando,,
2024101037,101,2024,Processo Seletivo,L1,F,16,Nossa Senhora do Socorro,S,48.2,8.9,S,2,1,Cursando,,
2024101038,101,2024,Processo Seletivo,L2,M,14,Aracaju,S,10.3,6.9,S,,0,Evadido,2025,Dificuldade de aprendizagem
2024101039,101,2024,Processo Seletivo,AC,M,15,Aracaju,N,6.8,7.9,N,3,0,Cursando,,
2024101040,101,2024,Processo Seletivo,L6,M,14,Itaporanga d'Ajuda,S,35.1,5.6,N,,0,Transferido,2025,Questões financeiras/transporte
2024101041,101,2024,Processo Seletivo,AC,M,15,São Cristóvão,N,36.9,7.7,N,3,0,Cursando,,
2024101042,101,2024,Processo Seletivo,L1,M,16,Nossa Senhora do Socorro,S,31.3,4.7,N,,0,Transferido,2025,Trabalho
2024101043,101,2024,Processo Seletivo,AC,M,15,Aracaju,N,5.6,6.7,N,3,0,Cursando,,
2024101044,101,2024,Processo Seletivo,L14,M,15,Aracaju,S,12.0,6.5,N,2,1,Cursando,,
2024101045,101,2024,Processo Seletivo,AC,M,14,Aracaju,S,3.5,6.3,N,2,1,Cursando,,
2024101046,101,2024,Processo Seletivo,L13,F,16,Outro município,S,53.2,7.7,N,,0,Evadido,2024,Dificuldade em Matemática/Física
2024101047,101,2024,Processo Seletivo,L9,M,16,Aracaju,S,9.4,7.2,N,,0,Cancelado a pedido,2024,Retenção/reprovação
2024102001,102,2024,Processo Seletivo,AC,M,16,São Cristóvão,S,47.1,7.3,N,,0,Evadido,2025,Questões financeiras/transporte
2024102002,102,2024,Processo Seletivo,L2,M,15,Barra dos Coqueiros,S,26.5,7.4,N,2,1,Cursando,,
2024102003,102,2024,Processo Seletivo,AC,M,14,Aracaju,N,12.8,9.6,N,,0,Evadido,2025,Não informado
2024102004,102,2024,Processo Seletivo,AC,M,14,Aracaju,N,8.0,8.8,N,,0,Evadido,2024,Abandono (sem frequência)
2024102005,102,2024,Processo Seletivo,L2,M,15,Laranjeiras,S,17.6,4.5,S,1,2,Cursando,,
2024102006,102,2024,Processo Seletivo,AC,F,15,Nossa Senhora do Socorro,S,38.7,7.1,N,2,1,Cursando,,
2024102007,102,2024,Processo Seletivo,AC,M,16,Aracaju,N,10.1,7.0,N,3,0,Cursando,,
2024102008,102,2024,Processo Seletivo,L6,M,14,São Cristóvão,S,68.1,5.6,N,3,0,Cursando,,
2024102009,102,2024,Processo Seletivo,AC,M,15,Aracaju,S,6.8,8.2,N,3,0,Cursando,,
2024102010,102,2024,Processo Seletivo,L2,M,15,Nossa Senhora do Socorro,S,18.2,6.9,S,2,1,Cursando,,
2024102011,102,2024,Processo Seletivo,L6,M,14,Aracaju,S,7.5,6.2,N,3,0,Cursando,,
2024102012,102,2024,Processo Seletivo,AC,M,15,Aracaju,S,5.8,6.9,N,2,1,Cursando,,
2024102013,102,2024,Processo Seletivo,L14,M,15,Aracaju,S,13.1,4.5,N,1,2,Cursando,,
2024102014,102,2024,Processo Seletivo,AC,M,17,Outro município,N,37.3,6.8,N,3,0,Cursando,,
2024102015,102,2024,Processo Seletivo,L5,M,16,Aracaju,S,11.4,5.1,N,2,1,Cursando,,
2024102016,102,2024,Processo Seletivo,L5,M,14,Aracaju,S,12.0,6.2,N,,0,Evadido,2024,Dificuldade em Matemática/Física
2024102017,102,2024,Processo Seletivo,L5,M,14,Aracaju,S,5.0,5.3,N,3,0,Cursando,,
2024102018,102,2024,Processo Seletivo,L1,F,14,Outro município,S,69.8,7.7,S,2,1,Cursando,,
2024102019,102,2024,Processo Seletivo,L1,M,14,Aracaju,S,14.0,6.4,N,,0,Evadido,2025,Retenção/reprovação
2024102020,102,2024,Processo Seletivo,L1,M,14,Nossa Senhora do Socorro,S,51.2,6.4,S,3,0,Cursando,,
2024102021,102,2024,Processo Seletivo,L6,M,15,Nossa Senhora do Socorro,S,51.5,4.1,N,1,2,Cursando,,
2024102022,102,2024,Processo Seletivo,L13,F,15,Aracaju,S,7.3,7.0,N,3,0,Cursando,,
2024102023,102,2024,Processo Seletivo,AC,M,14,Aracaju,N,10.8,8.8,N,3,0,Cursando,,
2024102024,102,2024,Processo Seletivo,AC,M,14,Outro município,N,31.8,7.6,N,3,0,Cursando,,
2024102025,102,2024,Processo Seletivo,L14,M,16,Aracaju,S,13.5,8.8,N,3,0,Cursando,,
2024102026,102,2024,Processo Seletivo,L13,M,14,Aracaju,S,13.0,6.7,N,3,0,Cursando,,
2024102027,102,2024,Processo Seletivo,L2,M,15,Aracaju,S,7.0,4.8,S,2,1,Cursando,,
2024102028,102,2024,Processo Seletivo,AC,M,17,Aracaju,N,10.2,6.8,N,3,0,Cursando,,
2024102029,102,2024,Processo Seletivo,L2,M,15,Itaporanga d'Ajuda,S,23.2,6.6,N,3,0,Cursando,,
2024102030,102,2024,Processo Seletivo,AC,M,14,Itaporanga d'Ajuda,N,51.9,6.9,S,3,0,Cursando,,
2024102031,102,2024,Processo Seletivo,AC,M,17,São Cristóvão,N,28.3,7.9,N,3,0,Cursando,,
2024102032,102,2024,Processo Seletivo,L13,M,14,Aracaju,S,11.0,6.6,S,3,0,Cursando,,
2024102033,102,2024,Processo Seletivo,AC,M,15,Nossa Senhora do Socorro,S,49.9,9.0,N,3,0,Cursando,,
2024102034,102,2024,Processo Seletivo,L1,F,14,Itaporanga d'Ajuda,S,51.0,8.1,S,3,0,Cursando,,
2024102035,102,2024,Processo Seletivo,AC,F,14,São Cristóvão,S,29.9,7.3,N,3,0,Cursando,,
2024102036,102,2024,Processo Seletivo,L1,F,14,Itaporanga d'Ajuda,S,56.6,6.0,S,1,2,Cursando,,
2024102037,102,2024,Processo Seletivo,L2,F,14,Itaporanga d'Ajuda,S,27.3,5.4,S,3,0,Cursando,,
2024102038,102,2024,Processo Seletivo,AC,M,14,Aracaju,S,14.0,7.3,N,3,0,Cursando,,
2024102039,102,2024,Processo Seletivo,AC,M,15,Nossa Senhora do Socorro,N,23.3,8.3,N,2,1,Cursando,,
2024102040,102,2024,Processo Seletivo,L1,M,15,Aracaju,S,10.9,8.0,N,,1,Evadido,2026,Questões financeiras/transporte
2024102041,102,2024,Processo Seletivo,L2,F,17,Aracaju,S,13.1,6.7,S,3,0,Cursando,,
2024102042,102,2024,Processo Seletivo,L5,M,14,Aracaju,S,10.6,5.9,S,1,2,Cursando,,
2024102043,102,2024,Processo Seletivo,AC,F,14,Aracaju,S,13.9,8.2,N,2,1,Cursando,,
2024102044,102,2024,Processo Seletivo,L9,F,15,Aracaju,S,12.4,5.0,N,1,2,Cursando,,
2024102045,102,2024,Processo Seletivo,L1,M,16,São Cristóvão,S,19.9,7.9,N,3,0,Cursando,,
2024102046,102,2024,Processo Seletivo,AC,M,14,Aracaju,S,5.2,8.9,N,3,0,Cursando,,
2024103001,103,2024,Processo Seletivo,L6,M,15,São Cristóvão,S,57.7,6.3,N,3,0,Cursando,,
2024103002,103,2024,Processo Seletivo,AC,M,15,Aracaju,S,10.1,6.8,N,3,0,Cursando,,
2024103003,103,2024,Processo Seletivo,L14,M,15,Itaporanga d'Ajuda,S,20.2,4.6,N,3,0,Cursando,,
2024103004,103,2024,Processo Seletivo,L13,M,14,Aracaju,S,4.6,6.2,N,,0,Cancelado a pedido,2025,Dificuldade em Matemática/Física
2024103005,103,2024,Processo Seletivo,L1,M,15,Aracaju,S,10.0,6.0,N,3,0,Cursando,,
2024103006,103,2024,Processo Seletivo,AC,M,14,Laranjeiras,S,16.9,9.4,N,3,0,Cursando,,
2024103007,103,2024,Processo Seletivo,L1,M,15,Aracaju,S,7.6,6.6,N,3,0,Cursando,,
2024103008,103,2024,Processo Seletivo,L1,M,14,Aracaju,S,5.4,9.0,S,2,1,Cursando,,
2024103009,103,2024,Processo Seletivo,AC,F,14,São Cristóvão,S,45.6,6.3,N,3,0,Cursando,,
2024103010,103,2024,Processo Seletivo,L6,M,15,São Cristóvão,S,22.7,4.6,N,3,0,Cursando,,
2024103011,103,2024,Processo Seletivo,L5,M,14,Aracaju,S,6.7,6.4,N,2,1,Cursando,,
2024103012,103,2024,Processo Seletivo,L5,M,15,Itaporanga d'Ajuda,S,49.9,6.5,N,3,0,Cursando,,
2024103013,103,2024,Processo Seletivo,AC,M,17,São Cristóvão,S,26.4,5.6,N,3,0,Cursando,,
2024103014,103,2024,Processo Seletivo,L2,M,15,Nossa Senhora do Socorro,S,62.7,6.6,S,3,0,Cursando,,
2024103015,103,2024,Processo Seletivo,L6,M,15,Aracaju,S,4.6,6.2,N,3,0,Cursando,,
2024103016,103,2024,Processo Seletivo,L2,M,15,Aracaju,S,6.4,6.9,S,2,1,Cursando,,
2024103017,103,2024,Processo Seletivo,L2,M,14,Nossa Senhora do Socorro,S,30.0,5.6,S,,0,Evadido,2026,Dificuldade em Matemática/Física
2024103018,103,2024,Processo Seletivo,AC,F,14,Aracaju,N,1.6,7.1,N,3,0,Cursando,,
2024103019,103,2024,Processo Seletivo,L2,M,15,Aracaju,S,5.7,5.8,S,3,0,Cursando,,
2024103020,103,2024,Processo Seletivo,AC,F,17,Outro município,N,66.4,8.8,N,3,0,Cursando,,
2024103021,103,2024,Processo Seletivo,AC,M,14,Estância,S,21.1,9.5,S,3,0,Cursando,,
2024103022,103,2024,Processo Seletivo,AC,F,15,Nossa Senhora do Socorro,N,35.3,6.3,N,3,0,Cursando,,
2024103023,103,2024,Processo Seletivo,L2,M,14,Nossa Senhora do Socorro,S,68.5,7.8,S,3,0,Cursando,,
2024103024,103,2024,Processo Seletivo,L2,M,14,Barra dos Coqueiros,S,39.1,7.4,S,3,0,Cursando,,
2024103025,103,2024,Processo Seletivo,L1,M,15,Aracaju,S,13.9,6.7,N,3,0,Cursando,,
2024103026,103,2024,Processo Seletivo,AC,F,16,São Cristóvão,N,54.2,7.4,N,,0,Transferido,2025,Aprovação em outra escola
2024103027,103,2024,Processo Seletivo,L6,M,15,Nossa Senhora do Socorro,S,41.7,5.6,S,3,0,Cursando,,
2024103028,103,2024,Processo Seletivo,L5,M,15,Aracaju,S,5.6,4.6,N,3,0,Cursando,,
2024103029,103,2024,Processo Seletivo,L1,M,14,Aracaju,S,7.5,5.6,N,2,1,Cursando,,
2024103030,103,2024,Processo Seletivo,AC,M,16,Aracaju,S,11.9,5.7,N,3,0,Cursando,,
2024103031,103,2024,Processo Seletivo,L2,F,15,Barra dos Coqueiros,S,66.9,6.1,N,3,0,Cursando,,
2024103032,103,2024,Processo Seletivo,L2,M,15,Aracaju,S,9.6,4.6,N,2,1,Cursando,,
2024103033,103,2024,Processo Seletivo,L6,M,14,Aracaju,S,9.8,6.8,S,2,1,Cursando,,
2024103034,103,2024,Processo Seletivo,AC,M,14,Barra dos Coqueiros,S,44.8,7.5,N,3,0,Cursando,,
2024103035,103,2024,Processo Seletivo,L5,F,15,Aracaju,S,8.0,6.3,N,3,0,Cursando,,
2024103036,103,2024,Processo Seletivo,L1,F,14,Estância,S,67.6,7.2,N,1,2,Cursando,,
2024103037,103,2024,Processo Seletivo,AC,M,17,São Cristóvão,N,52.5,7.6,N,3,0,Cursando,,
2024103038,103,2024,Processo Seletivo,AC,M,15,Barra dos Coqueiros,S,56.8,8.7,N,,0,Evadido,2025,Retenção/reprovação
2024103039,103,2024,Processo Seletivo,L14,F,14,Aracaju,S,4.7,8.1,N,3,0,Cursando,,
2024103040,103,2024,Processo Seletivo,AC,M,14,Aracaju,N,6.0,6.2,N,3,0,Cursando,,
2024103041,103,2024,Processo Seletivo,AC,M,15,Barra dos Coqueiros,S,28.9,7.0,N,,0,Cancelado a pedido,2024,Dificuldade em Matemática/Física
2024103042,103,2024,Processo Seletivo,L6,M,14,Aracaju,S,2.8,6.0,N,2,1,Cursando,,
2024103043,103,2024,Processo Seletivo,AC,M,15,Aracaju,S,3.2,6.5,N,2,1,Cursando,,
2024103044,103,2024,Processo Seletivo,AC,M,14,Outro município,S,30.8,6.8,N,3,0,Cursando,,
2024104001,104,2024,Processo Seletivo,AC,M,14,São Cristóvão,N,40.5,6.6,N,3,0,Cursando,,
2024104002,104,2024,Processo Seletivo,L5,M,15,Aracaju,S,8.3,4.9,N,3,0,Cursando,,
2024104003,104,2024,Processo Seletivo,L6,M,14,Aracaju,S,3.4,4.2,N,,0,Transferido,2026,Retenção/reprovação
2024104004,104,2024,Processo Seletivo,AC,M,15,Nossa Senhora do Socorro,N,51.6,6.4,S,3,0,Cursando,,
2024104005,104,2024,Processo Seletivo,L5,M,16,Nossa Senhora do Socorro,S,20.5,6.0,N,3,0,Cursando,,
2024104006,104,2024,Processo Seletivo,L14,M,15,Nossa Senhora do Socorro,S,35.6,6.7,N,3,0,Cursando,,
2024104007,104,2024,Processo Seletivo,L5,F,14,Itaporanga d'Ajuda,S,15.6,6.0,S,3,0,Cursando,,
2024104008,104,2024,Processo Seletivo,L2,F,14,Aracaju,S,6.2,7.3,S,3,0,Cursando,,
2024104009,104,2024,Processo Seletivo,L6,M,14,Barra dos Coqueiros,S,26.0,6.7,N,3,0,Cursando,,
2024104010,104,2024,Processo Seletivo,AC,F,15,Aracaju,S,14.0,9.3,N,3,0,Cursando,,
2024104011,104,2024,Processo Seletivo,L6,F,15,Barra dos Coqueiros,S,22.3,5.8,N,3,0,Cursando,,
2024104012,104,2024,Processo Seletivo,AC,M,15,Itaporanga d'Ajuda,N,50.4,7.6,N,3,0,Cursando,,
2024104013,104,2024,Processo Seletivo,AC,M,16,Aracaju,N,5.2,6.8,N,3,0,Cursando,,
2024104014,104,2024,Processo Seletivo,AC,F,15,Outro município,S,30.0,8.0,N,3,0,Cursando,,
2024104015,104,2024,Processo Seletivo,L6,M,14,Outro município,S,35.0,7.2,N,3,0,Cursando,,
2024104016,104,2024,Processo Seletivo,AC,F,14,Aracaju,S,6.3,6.3,N,2,1,Cursando,,
2024104017,104,2024,Processo Seletivo,L2,M,14,Itaporanga d'Ajuda,S,53.1,7.7,N,2,1,Cursando,,
2024104018,104,2024,Processo Seletivo,L2,M,14,Aracaju,S,5.5,6.3,S,1,2,Cursando,,
2024104019,104,2024,Processo Seletivo,L2,M,15,Itaporanga d'Ajuda,S,56.3,7.6,S,3,0,Cursando,,
2024104020,104,2024,Processo Seletivo,AC,M,14,São Cristóvão,S,12.1,6.3,N,3,0,Cursando,,
2024104021,104,2024,Processo Seletivo,L14,M,15,Aracaju,S,11.5,5.7,S,3,0,Cursando,,
2024104022,104,2024,Processo Seletivo,L1,F,15,São Cristóvão,S,19.6,5.9,S,2,1,Cursando,,
2024104023,104,2024,Processo Seletivo,L6,M,14,Aracaju,S,11.7,7.6,N,3,0,Cursando,,
2024104024,104,2024,Processo Seletivo,L2,M,15,Outro município,S,24.7,4.4,S,3,0,Cursando,,
2024104025,104,2024,Processo Seletivo,L9,F,14,Aracaju,S,7.5,5.9,S,3,0,Cursando,,
2024104026,104,2024,Processo Seletivo,L2,F,15,Aracaju,S,2.5,5.7,S,3,0,Cursando,,
2024104027,104,2024,Processo Seletivo,AC,F,14,Nossa Senhora do Socorro,N,66.5,6.5,N,1,2,Cursando,,
2024104028,104,2024,Processo Seletivo,AC,M,14,Nossa Senhora do Socorro,N,43.4,4.1,N,3,0,Cursando,,
2024104029,104,2024,Processo Seletivo,L1,F,14,Outro município,S,19.7,7.9,N,3,0,Cursando,,
2024104030,104,2024,Processo Seletivo,L2,M,14,Aracaju,S,6.9,5.5,N,3,0,Cursando,,
2024104031,104,2024,Processo Seletivo,L2,F,15,Aracaju,S,2.4,6.9,S,1,2,Cursando,,
2024104032,104,2024,Processo Seletivo,L2,M,15,Aracaju,S,4.5,6.7,N,,0,Transferido,2026,Questões financeiras/transporte
2024104033,104,2024,Processo Seletivo,L6,F,15,Nossa Senhora do Socorro,S,42.9,7.6,N,,1,Transferido,2025,Mudança de curso/escola
2024104034,104,2024,Processo Seletivo,AC,M,16,Outro município,S,61.4,8.4,N,3,0,Cursando,,
2024104035,104,2024,Processo Seletivo,AC,F,16,Barra dos Coqueiros,N,67.2,8.7,N,,0,Evadido,2026,Dificuldade em Matemática/Física
2024104036,104,2024,Processo Seletivo,L14,F,15,Aracaju,S,8.4,7.1,S,3,0,Cursando,,
2024104037,104,2024,Processo Seletivo,L6,F,15,Barra dos Coqueiros,S,37.5,6.3,N,,0,Evadido,2024,Não informado
2024104038,104,2024,Processo Seletivo,L6,F,17,Barra dos Coqueiros,S,68.8,4.8,N,3,0,Cursando,,
2024104039,104,2024,Processo Seletivo,AC,M,14,Aracaju,S,5.0,7.8,N,3,0,Cursando,,
2024104040,104,2024,Processo Seletivo,AC,F,15,Aracaju,N,7.6,7.3,N,3,0,Cursando,,
2024104041,104,2024,Processo Seletivo,L2,M,15,Aracaju,S,12.8,5.9,N,2,1,Cursando,,
2024104042,104,2024,Processo Seletivo,AC,M,15,São Cristóvão,N,27.7,6.2,N,2,1,Cursando,,
2024104043,104,2024,Processo Seletivo,L2,F,14,Aracaju,S,11.4,6.3,S,1,2,Cursando,,
2024104044,104,2024,Processo Seletivo,L6,F,14,Aracaju,S,6.8,6.5,N,3,0,Cursando,,
2024104045,104,2024,Processo Seletivo,L6,M,14,Aracaju,S,5.6,4.6,N,3,0,Cursando,,
2024105001,105,2024,Processo Seletivo,L13,F,15,Nossa Senhora do Socorro,S,33.9,7.9,N,3,0,Cursando,,
2024105002,105,2024,Processo Seletivo,L14,F,14,Itaporanga d'Ajuda,S,48.4,6.4,N,3,0,Cursando,,
2024105003,105,2024,Processo Seletivo,L6,F,15,Nossa Senhora do Socorro,S,25.2,4.7,N,,0,Evadido,2024,Dificuldade em Matemática/Física
2024105004,105,2024,Processo Seletivo,L1,M,14,Outro município,S,49.2,7.3,S,3,0,Cursando,,
2024105005,105,2024,Processo Seletivo,AC,F,15,Aracaju,N,12.4,6.8,N,3,0,Cursando,,
2024105006,105,2024,Processo Seletivo,L1,F,14,Aracaju,S,4.1,5.6,S,2,1,Cursando,,
2024105007,105,2024,Processo Seletivo,AC,F,14,Aracaju,N,5.8,9.4,N,3,0,Cursando,,
2024105008,105,2024,Processo Seletivo,AC,F,17,Aracaju,N,3.7,7.1,N,3,0,Cursando,,
2024105009,105,2024,Processo Seletivo,L14,F,14,São Cristóvão,S,46.0,5.7,N,3,0,Cursando,,
2024105010,105,2024,Processo Seletivo,AC,F,15,Barra dos Coqueiros,N,43.0,7.5,N,2,1,Cursando,,
2024105011,105,2024,Processo Seletivo,L1,F,14,São Cristóvão,S,16.2,4.3,S,2,1,Cursando,,
2024105012,105,2024,Processo Seletivo,L6,F,15,Aracaju,S,1.1,5.8,N,3,0,Cursando,,
2024105013,105,2024,Processo Seletivo,AC,M,15,Aracaju,S,8.0,8.9,N,3,0,Cursando,,
2024105014,105,2024,Processo Seletivo,AC,F,15,Aracaju,N,8.6,4.9,N,3,0,Cursando,,
2024105015,105,2024,Processo Seletivo,L2,F,15,Itaporanga d'Ajuda,S,24.8,6.3,S,3,0,Cursando,,
2024105016,105,2024,Processo Seletivo,L6,F,16,Aracaju,S,13.7,6.6,S,3,0,Cursando,,
2024105017,105,2024,Processo Seletivo,L2,F,17,Aracaju,S,5.4,5.6,S,3,0,Cursando,,
2024105018,105,2024,Processo Seletivo,AC,M,14,Aracaju,N,12.7,8.0,N,3,0,Cursando,,
2024105019,105,2024,Processo Seletivo,AC,M,16,São Cristóvão,N,25.3,6.5,S,2,1,Cursando,,
2024105020,105,2024,Processo Seletivo,AC,F,14,Barra dos Coqueiros,N,15.0,5.8,N,3,0,Cursando,,
2024105021,105,2024,Processo Seletivo,L6,M,15,Aracaju,S,12.1,7.6,S,3,0,Cursando,,
2024105022,105,2024,Processo Seletivo,L2,F,14,Aracaju,S,9.5,6.5,N,3,0,Cursando,,
2024105023,105,2024,Processo Seletivo,L6,M,14,São Cristóvão,S,62.2,5.6,N,3,0,Cursando,,
2024105024,105,2024,Processo Seletivo,L13,F,14,Nossa Senhora do Socorro,S,49.8,5.7,N,3,0,Cursando,,
2024105025,105,2024,Processo Seletivo,L6,F,14,Nossa Senhora do Socorro,S,66.7,6.5,N,3,0,Cursando,,
2024105026,105,2024,Processo Seletivo,L2,F,16,Nossa Senhora do Socorro,S,29.4,6.4,N,3,0,Cursando,,
2024105027,105,2024,Processo Seletivo,L10,F,15,Aracaju,S,10.9,6.2,S,3,0,Cursando,,
2024105028,105,2024,Processo Seletivo,L5,M,14,Aracaju,S,5.7,5.7,N,,0,Evadido,2025,Mudança de curso/escola
2024105029,105,2024,Processo Seletivo,AC,F,15,Nossa Senhora do Socorro,N,48.9,7.3,N,,0,Transferido,2025,Aprovação em outra escola
2024105030,105,2024,Processo Seletivo,L13,M,15,Aracaju,S,1.0,7.1,N,3,0,Cursando,,
2024105031,105,2024,Processo Seletivo,L2,F,15,São Cristóvão,S,15.4,6.1,S,3,0,Cursando,,
2024105032,105,2024,Processo Seletivo,L2,F,15,Estância,S,40.1,5.6,S,3,0,Cursando,,
2024105033,105,2024,Processo Seletivo,L10,F,15,Aracaju,S,3.6,7.9,S,3,0,Cursando,,
2024105034,105,2024,Processo Seletivo,AC,F,15,Nossa Senhora do Socorro,N,20.1,7.1,N,3,0,Cursando,,
2024105035,105,2024,Processo Seletivo,L5,F,16,Aracaju,S,9.5,6.2,S,3,0,Cursando,,
2024105036,105,2024,Processo Seletivo,AC,F,14,Aracaju,N,7.0,6.4,N,2,1,Cursando,,
2024105037,105,2024,Processo Seletivo,AC,M,15,Aracaju,S,11.5,8.3,N,3,0,Cursando,,
2024105038,105,2024,Processo Seletivo,L6,F,15,Aracaju,S,11.5,6.1,S,3,0,Cursando,,
2024105039,105,2024,Processo Seletivo,AC,M,14,Aracaju,N,3.9,7.4,N,3,0,Cursando,,
2024105040,105,2024,Processo Seletivo,AC,M,14,Aracaju,S,12.4,5.2,N,3,0,Cursando,,
2024106001,106,2024,Processo Seletivo,AC,F,14,Aracaju,S,3.9,5.8,N,3,0,Cursando,,
2024106002,106,2024,Processo Seletivo,L5,F,15,Nossa Senhora do Socorro,S,30.6,7.1,N,3,0,Cursando,,
2024106003,106,2024,Processo Seletivo,AC,M,14,Aracaju,S,9.9,6.2,N,3,0,Cursando,,
2024106004,106,2024,Processo Seletivo,AC,M,15,Nossa Senhora do Socorro,S,54.2,4.8,N,3,0,Cursando,,
2024106005,106,2024,Processo Seletivo,AC,F,16,Aracaju,N,10.4,7.2,S,2,1,Cursando,,
2024106006,106,2024,Processo Seletivo,L6,F,14,Nossa Senhora do Socorro,S,24.9,5.0,N,3,0,Cursando,,
2024106007,106,2024,Processo Seletivo,AC,F,15,São Cristóvão,N,63.9,6.0,N,2,1,Cursando,,
2024106008,106,2024,Processo Seletivo,AC,F,17,Aracaju,N,9.6,7.6,N,2,1,Cursando,,
2024106009,106,2024,Processo Seletivo,AC,M,15,Barra dos Coqueiros,N,14.0,8.9,N,3,0,Cursando,,
2024106010,106,2024,Processo Seletivo,AC,M,14,Barra dos Coqueiros,S,43.5,4.2,N,3,0,Cursando,,
2024106011,106,2024,Processo Seletivo,L10,F,14,Nossa Senhora do Socorro,S,44.8,6.2,N,3,0,Cursando,,
2024106012,106,2024,Processo Seletivo,AC,F,15,Nossa Senhora do Socorro,S,46.6,5.0,N,3,0,Cursando,,
2024106013,106,2024,Processo Seletivo,L2,M,15,Aracaju,S,3.1,6.1,S,3,0,Cursando,,
2024106014,106,2024,Processo Seletivo,L2,M,15,Aracaju,S,9.2,6.2,N,3,0,Cursando,,
2024106015,106,2024,Processo Seletivo,L1,M,14,Nossa Senhora do Socorro,S,64.0,7.8,S,2,1,Cursando,,
2024106016,106,2024,Processo Seletivo,AC,F,15,Aracaju,S,10.7,7.4,N,3,0,Cursando,,
2024106017,106,2024,Processo Seletivo,AC,M,15,Aracaju,N,8.9,6.4,N,2,1,Cursando,,
2024106018,106,2024,Processo Seletivo,AC,M,14,Aracaju,S,2.8,7.4,N,3,0,Cursando,,
2024106019,106,2024,Processo Seletivo,L1,F,15,Nossa Senhora do Socorro,S,17.8,6.3,N,3,0,Cursando,,
2024106020,106,2024,Processo Seletivo,L6,F,15,Aracaju,S,14.1,6.3,N,2,1,Cursando,,
2024106021,106,2024,Processo Seletivo,L13,F,14,Nossa Senhora do Socorro,S,14.4,4.3,S,,0,Evadido,2024,Retenção/reprovação
2024106022,106,2024,Processo Seletivo,L14,M,15,Aracaju,S,11.1,6.2,S,3,0,Cursando,,
2024106023,106,2024,Processo Seletivo,L5,M,15,Nossa Senhora do Socorro,S,21.3,7.0,N,,0,Transferido,2025,Mudança de curso/escola
2024106024,106,2024,Processo Seletivo,L2,M,15,Barra dos Coqueiros,S,54.7,6.4,N,3,0,Cursando,,
2024106025,106,2024,Processo Seletivo,AC,F,16,São Cristóvão,N,20.0,5.7,S,3,0,Cursando,,
2024106026,106,2024,Processo Seletivo,AC,F,14,Aracaju,S,11.7,6.7,N,3,0,Cursando,,
2024106027,106,2024,Processo Seletivo,AC,F,15,São Cristóvão,S,45.5,4.9,N,3,0,Cursando,,
2024106028,106,2024,Processo Seletivo,AC,F,15,Aracaju,S,11.2,5.5,S,2,1,Cursando,,
2024106029,106,2024,Processo Seletivo,L1,F,14,Estância,S,48.9,6.6,N,1,2,Cursando,,
2024106030,106,2024,Processo Seletivo,AC,F,15,São Cristóvão,S,27.6,6.7,S,3,0,Cursando,,
2024106031,106,2024,Processo Seletivo,L1,M,14,Estância,S,31.8,7.5,S,3,0,Cursando,,
2024106032,106,2024,Processo Seletivo,AC,F,17,Aracaju,N,11.7,6.7,N,3,0,Cursando,,
2024106033,106,2024,Processo Seletivo,AC,M,14,Aracaju,N,3.9,9.3,S,3,0,Cursando,,
2024106034,106,2024,Processo Seletivo,AC,M,14,Nossa Senhora do Socorro,N,30.9,6.8,N,3,0,Cursando,,
2024106035,106,2024,Processo Seletivo,L2,F,14,Estância,S,13.1,7.8,N,2,1,Cursando,,
2024106036,106,2024,Processo Seletivo,L14,F,15,Barra dos Coqueiros,S,69.5,4.7,N,3,0,Cursando,,
2024106037,106,2024,Processo Seletivo,L10,F,15,São Cristóvão,S,69.4,6.8,S,,0,Transferido,2026,Dificuldade em Matemática/Física
2024106038,106,2024,Processo Seletivo,AC,M,14,Aracaju,S,8.7,9.1,N,2,1,Cursando,,
2024106039,106,2024,Processo Seletivo,L6,F,14,Laranjeiras,S,69.4,6.6,N,3,0,Cursando,,
2025101001,101,2025,Processo Seletivo,AC,M,15,Barra dos Coqueiros,N,42.2,6.3,N,2,0,Cursando,,
2025101002,101,2025,Processo Seletivo,L6,M,14,Itaporanga d'Ajuda,S,23.4,6.5,S,1,1,Cursando,,
2025101003,101,2025,Processo Seletivo,AC,M,15,Aracaju,N,6.9,7.2,N,1,1,Cursando,,
2025101004,101,2025,Processo Seletivo,L14,M,16,Laranjeiras,S,44.3,6.4,N,2,0,Cursando,,
2025101005,101,2025,Processo Seletivo,L9,M,15,São Cristóvão,S,34.5,6.0,N,1,1,Cursando,,
2025101006,101,2025,Processo Seletivo,L2,M,14,Nossa Senhora do Socorro,S,33.1,4.1,S,2,0,Cursando,,
2025101007,101,2025,Processo Seletivo,L6,M,14,Aracaju,S,1.2,6.1,N,1,1,Cursando,,
2025101008,101,2025,Processo Seletivo,L14,M,14,Laranjeiras,S,38.3,5.4,N,2,0,Cursando,,
2025101009,101,2025,Processo Seletivo,AC,M,14,Aracaju,N,9.6,6.6,N,2,0,Cursando,,
2025101010,101,2025,Processo Seletivo,AC,M,14,Aracaju,S,9.5,7.2,N,2,0,Cursando,,
2025101011,101,2025,Processo Seletivo,AC,M,16,Aracaju,N,7.5,7.3,N,,0,Evadido,2025,Retenção/reprovação
2025101012,101,2025,Processo Seletivo,L5,M,15,Nossa Senhora do Socorro,S,50.3,5.9,N,2,0,Cursando,,
2025101013,101,2025,Processo Seletivo,L5,F,15,Aracaju,S,4.4,7.4,N,2,0,Cursando,,
2025101014,101,2025,Processo Seletivo,AC,M,15,Outro município,N,27.7,7.0,N,2,0,Cursando,,
2025101015,101,2025,Processo Seletivo,AC,M,14,São Cristóvão,S,41.2,8.3,N,2,0,Cursando,,
2025101016,101,2025,Processo Seletivo,AC,M,14,Aracaju,N,12.4,4.7,N,2,0,Cursando,,
2025101017,101,2025,Processo Seletivo,AC,F,15,Aracaju,S,2.8,6.3,N,1,1,Cursando,,
2025101018,101,2025,Processo Seletivo,AC,M,14,Outro município,N,30.6,6.0,S,1,1,Cursando,,
2025101019,101,2025,Processo Seletivo,L5,F,15,Aracaju,S,2.7,5.3,N,1,1,Cursando,,
2025101020,101,2025,Processo Seletivo,L2,F,14,Barra dos Coqueiros,S,52.8,7.6,N,,0,Evadido,2026,Retenção/reprovação
2025101021,101,2025,Processo Seletivo,L6,M,14,Aracaju,S,8.5,7.6,N,2,0,Cursando,,
2025101022,101,2025,Processo Seletivo,L6,M,14,Nossa Senhora do Socorro,S,61.7,6.6,N,2,0,Cursando,,
2025101023,101,2025,Processo Seletivo,AC,F,15,Aracaju,S,10.3,6.9,N,2,0,Cursando,,
2025101024,101,2025,Processo Seletivo,AC,M,14,Aracaju,N,11.4,8.4,N,2,0,Cursando,,
2025101025,101,2025,Processo Seletivo,AC,M,17,Barra dos Coqueiros,N,57.6,9.3,N,2,0,Cursando,,
2025101026,101,2025,Processo Seletivo,L2,M,14,Barra dos Coqueiros,S,40.0,4.4,S,1,1,Cursando,,
2025101027,101,2025,Processo Seletivo,AC,F,14,Nossa Senhora do Socorro,N,29.6,3.6,N,1,1,Cursando,,
2025101028,101,2025,Processo Seletivo,L6,M,15,Outro município,S,44.5,6.7,N,2,0,Cursando,,
2025101029,101,2025,Processo Seletivo,AC,M,15,Nossa Senhora do Socorro,N,54.2,9.0,N,2,0,Cursando,,
2025101030,101,2025,Processo Seletivo,L2,F,14,Nossa Senhora do Socorro,S,48.8,6.1,S,,0,Cancelado a pedido,2026,Trabalho
2025101031,101,2025,Processo Seletivo,L2,M,16,Aracaju,S,12.7,7.8,N,2,0,Cursando,,
2025101032,101,2025,Processo Seletivo,L9,M,16,Nossa Senhora do Socorro,S,59.1,7.0,N,2,0,Cursando,,
2025101033,101,2025,Processo Seletivo,AC,M,15,Aracaju,N,11.4,6.3,N,2,0,Cursando,,
2025101034,101,2025,Processo Seletivo,L5,F,17,Aracaju,S,5.1,5.7,N,2,0,Cursando,,
2025101035,101,2025,Processo Seletivo,AC,F,15,Aracaju,N,5.9,6.5,S,2,0,Cursando,,
2025101036,101,2025,Processo Seletivo,L10,M,15,Itaporanga d'Ajuda,S,42.4,5.7,S,1,1,Cursando,,
2025101037,101,2025,Processo Seletivo,L13,M,15,Nossa Senhora do Socorro,S,18.1,4.7,S,,0,Evadido,2026,Dificuldade em Matemática/Física
2025101038,101,2025,Processo Seletivo,AC,M,15,Aracaju,N,14.2,7.3,S,2,0,Cursando,,
2025101039,101,2025,Processo Seletivo,L5,M,15,Aracaju,S,9.3,6.9,N,2,0,Cursando,,
2025101040,101,2025,Processo Seletivo,L10,M,14,Aracaju,S,12.7,7.0,N,2,0,Cursando,,
2025101041,101,2025,Processo Seletivo,L6,F,14,Barra dos Coqueiros,S,40.6,6.9,N,2,0,Cursando,,
2025101042,101,2025,Processo Seletivo,AC,M,14,Aracaju,N,8.3,9.3,N,2,0,Cursando,,
2025101043,101,2025,Processo Seletivo,L9,F,15,Aracaju,S,5.7,6.0,N,2,0,Cursando,,
2025101044,101,2025,Processo Seletivo,L5,F,15,Aracaju,S,11.9,6.8,N,2,0,Cursando,,
2025101045,101,2025,Processo Seletivo,L1,M,14,Nossa Senhora do Socorro,S,59.4,6.6,N,2,0,Cursando,,
2025102001,102,2025,Processo Seletivo,AC,F,14,Itaporanga d'Ajuda,N,51.4,5.8,S,2,0,Cursando,,
2025102002,102,2025,Processo Seletivo,L5,M,16,Aracaju,S,13.1,8.3,S,2,0,Cursando,,
2025102003,102,2025,Processo Seletivo,L14,M,14,Barra dos Coqueiros,S,24.8,4.6,N,2,0,Cursando,,
2025102004,102,2025,Processo Seletivo,AC,M,15,Itaporanga d'Ajuda,N,14.3,7.7,S,2,0,Cursando,,
2025102005,102,2025,Processo Seletivo,L2,M,14,Aracaju,S,1.3,6.2,N,1,1,Cursando,,
2025102006,102,2025,Processo Seletivo,AC,M,14,Aracaju,S,11.2,4.7,N,1,1,Cursando,,
2025102007,102,2025,Processo Seletivo,AC,M,16,Nossa Senhora do Socorro,S,35.0,7.8,N,2,0,Cursando,,
2025102008,102,2025,Processo Seletivo,L2,M,15,Barra dos Coqueiros,S,50.8,6.4,N,,0,Transferido,2025,Retenção/reprovação
2025102009,102,2025,Processo Seletivo,AC,F,14,São Cristóvão,S,29.2,6.9,N,1,1,Cursando,,
2025102010,102,2025,Processo Seletivo,AC,M,15,Aracaju,N,6.4,3.7,N,,0,Evadido,2026,Não informado
2025102011,102,2025,Processo Seletivo,AC,M,14,Aracaju,S,10.5,8.3,N,2,0,Cursando,,
2025102012,102,2025,Processo Seletivo,AC,F,15,Aracaju,N,14.2,6.9,N,2,0,Cursando,,
2025102013,102,2025,Processo Seletivo,L2,F,14,Nossa Senhora do Socorro,S,55.8,5.9,N,1,1,Cursando,,
2025102014,102,2025,Processo Seletivo,AC,M,14,Aracaju,N,3.2,7.1,N,2,0,Cursando,,
2025102015,102,2025,Processo Seletivo,AC,M,15,Aracaju,S,7.3,7.4,S,2,0,Cursando,,
2025102016,102,2025,Processo Seletivo,L5,M,14,Barra dos Coqueiros,S,54.2,5.8,S,2,0,Cursando,,
2025102017,102,2025,Processo Seletivo,L13,M,15,Nossa Senhora do Socorro,S,26.3,6.2,N,2,0,Cursando,,
2025102018,102,2025,Processo Seletivo,L13,M,15,Nossa Senhora do Socorro,S,30.4,5.6,N,1,1,Cursando,,
2025102019,102,2025,Processo Seletivo,L2,F,15,Aracaju,S,8.5,6.3,N,1,1,Cursando,,
2025102020,102,2025,Processo Seletivo,L5,M,15,São Cristóvão,S,52.8,8.3,N,2,0,Cursando,,
2025102021,102,2025,Processo Seletivo,AC,F,14,Aracaju,S,9.1,5.0,N,2,0,Cursando,,
2025102022,102,2025,Processo Seletivo,L5,M,15,Aracaju,S,8.4,7.1,N,2,0,Cursando,,
2025102023,102,2025,Processo Seletivo,L1,F,17,São Cristóvão,S,29.4,5.7,S,2,0,Cursando,,
2025102024,102,2025,Processo Seletivo,AC,M,14,Outro município,N,65.3,6.2,N,,0,Evadido,2026,Aprovação em outra escola
2025102025,102,2025,Processo Seletivo,L5,M,16,Aracaju,S,11.6,6.4,N,2,0,Cursando,,
2025102026,102,2025,Processo Seletivo,L2,M,17,Aracaju,S,3.3,7.1,N,2,0,Cursando,,
2025102027,102,2025,Processo Seletivo,AC,M,14,Aracaju,S,1.2,6.5,S,2,0,Cursando,,
2025102028,102,2025,Processo Seletivo,L2,M,15,Aracaju,S,14.6,6.0,N,2,0,Cursando,,
2025102029,102,2025,Processo Seletivo,L9,F,14,Laranjeiras,S,30.8,6.9,S,,0,Evadido,2026,Dificuldade em Matemática/Física
2025102030,102,2025,Processo Seletivo,L1,F,14,Aracaju,S,12.8,7.3,N,2,0,Cursando,,
2025102031,102,2025,Processo Seletivo,AC,M,14,Aracaju,N,4.9,5.0,N,1,1,Cursando,,
2025102032,102,2025,Processo Seletivo,L1,F,15,Nossa Senhora do Socorro,S,43.7,5.6,S,2,0,Cursando,,
2025102033,102,2025,Processo Seletivo,L9,F,14,Nossa Senhora do Socorro,S,36.0,5.3,S,2,0,Cursando,,
2025102034,102,2025,Processo Seletivo,AC,F,16,Aracaju,N,11.6,6.6,S,1,1,Cursando,,
2025102035,102,2025,Processo Seletivo,L6,F,15,Estância,S,50.3,5.5,N,2,0,Cursando,,
2025102036,102,2025,Processo Seletivo,L2,M,15,São Cristóvão,S,51.6,7.7,S,1,1,Cursando,,
2025102037,102,2025,Processo Seletivo,AC,M,15,Aracaju,S,11.9,6.8,N,1,1,Cursando,,
2025102038,102,2025,Processo Seletivo,AC,M,15,Nossa Senhora do Socorro,S,17.6,7.6,N,1,1,Cursando,,
2025102039,102,2025,Processo Seletivo,AC,M,15,São Cristóvão,S,17.3,6.4,N,2,0,Cursando,,
2025102040,102,2025,Processo Seletivo,L2,M,15,Estância,S,17.8,5.5,N,1,1,Cursando,,
2025102041,102,2025,Processo Seletivo,AC,F,14,Aracaju,N,8.5,7.0,N,1,1,Cursando,,
2025102042,102,2025,Processo Seletivo,L2,M,16,Aracaju,S,10.3,5.6,S,2,0,Cursando,,
2025102043,102,2025,Processo Seletivo,L2,M,15,Aracaju,S,12.4,6.4,S,2,0,Cursando,,
2025102044,102,2025,Processo Seletivo,L13,M,15,Nossa Senhora do Socorro,S,19.9,8.3,S,2,0,Cursando,,
2025102045,102,2025,Processo Seletivo,L2,F,15,Barra dos Coqueiros,S,23.5,4.1,N,,0,Evadido,2025,Trabalho
2025103001,103,2025,Processo Seletivo,L2,M,14,Laranjeiras,S,58.0,6.0,S,,1,Cancelado a pedido,2026,Dificuldade de aprendizagem
2025103002,103,2025,Processo Seletivo,AC,F,16,Nossa Senhora do Socorro,N,41.2,8.1,N,2,0,Cursando,,
2025103003,103,2025,Processo Seletivo,L6,M,15,Aracaju,S,8.5,5.9,N,1,1,Cursando,,
2025103004,103,2025,Processo Seletivo,AC,M,14,Nossa Senhora do Socorro,N,13.5,7.8,N,2,0,Cursando,,
2025103005,103,2025,Processo Seletivo,L2,M,14,Barra dos Coqueiros,S,52.8,8.3,S,2,0,Cursando,,
2025103006,103,2025,Processo Seletivo,AC,M,15,Aracaju,N,9.2,8.9,N,2,0,Cursando,,
2025103007,103,2025,Processo Seletivo,L5,M,15,Aracaju,S,13.4,5.5,N,2,0,Cursando,,
2025103008,103,2025,Processo Seletivo,L2,F,14,Aracaju,S,8.4,5.4,S,2,0,Cursando,,
2025103009,103,2025,Processo Seletivo,AC,M,16,São Cristóvão,N,29.0,7.2,N,2,0,Cursando,,
2025103010,103,2025,Processo Seletivo,L6,M,15,Aracaju,S,10.0,9.0,N,2,0,Cursando,,
2025103011,103,2025,Processo Seletivo,AC,M,16,Outro município,S,50.5,9.7,S,2,0,Cursando,,
2025103012,103,2025,Processo Seletivo,L2,M,15,Aracaju,S,6.3,6.7,S,2,0,Cursando,,
2025103013,103,2025,Processo Seletivo,L5,M,15,Aracaju,S,9.0,7.9,N,2,0,Cursando,,
2025103014,103,2025,Processo Seletivo,AC,M,15,Nossa Senhora do Socorro,S,16.6,7.1,N,2,0,Cursando,,
2025103015,103,2025,Processo Seletivo,L13,M,14,Aracaju,S,8.7,4.8,N,1,1,Cursando,,
2025103016,103,2025,Processo Seletivo,L1,M,17,Aracaju,S,7.0,4.2,N,2,0,Cursando,,
2025103017,103,2025,Processo Seletivo,L5,F,14,Aracaju,S,4.0,6.5,N,2,0,Cursando,,
2025103018,103,2025,Processo Seletivo,L9,F,16,Aracaju,S,8.0,6.4,N,2,0,Cursando,,
2025103019,103,2025,Processo Seletivo,L6,M,15,Estância,S,31.1,6.3,N,2,0,Cursando,,
2025103020,103,2025,Processo Seletivo,L2,M,14,Laranjeiras,S,21.9,5.9,S,2,0,Cursando,,
2025103021,103,2025,Processo Seletivo,L9,F,16,Aracaju,S,8.1,4.2,S,,0,Evadido,2026,Abandono (sem frequência)
2025103022,103,2025,Processo Seletivo,AC,F,15,Nossa Senhora do Socorro,N,45.1,6.6,N,2,0,Cursando,,
2025103023,103,2025,Processo Seletivo,AC,M,17,Aracaju,N,7.2,6.5,N,2,0,Cursando,,
2025103024,103,2025,Processo Seletivo,AC,F,15,Aracaju,S,3.7,4.9,N,2,0,Cursando,,
2025103025,103,2025,Processo Seletivo,L5,M,14,Nossa Senhora do Socorro,S,24.3,7.7,N,2,0,Cursando,,
2025103026,103,2025,Processo Seletivo,L2,M,15,Laranjeiras,S,29.4,7.3,S,2,0,Cursando,,
2025103027,103,2025,Processo Seletivo,AC,F,15,São Cristóvão,S,66.2,7.1,N,2,0,Cursando,,
2025103028,103,2025,Processo Seletivo,AC,F,15,Aracaju,N,13.9,5.9,N,2,0,Cursando,,
2025103029,103,2025,Processo Seletivo,L2,M,17,Aracaju,S,3.6,5.0,S,1,1,Cursando,,
2025103030,103,2025,Processo Seletivo,L5,M,15,São Cristóvão,S,43.2,6.6,N,2,0,Cursando,,
2025103031,103,2025,Processo Seletivo,L6,M,15,Barra dos Coqueiros,S,38.3,5.0,N,2,0,Cursando,,
2025103032,103,2025,Processo Seletivo,AC,M,15,Laranjeiras,N,52.4,7.0,N,2,0,Cursando,,
2025103033,103,2025,Processo Seletivo,L2,M,14,Aracaju,S,7.9,6.0,S,1,1,Cursando,,
2025103034,103,2025,Processo Seletivo,AC,M,16,Aracaju,N,12.5,5.1,N,1,1,Cursando,,
2025103035,103,2025,Processo Seletivo,AC,M,14,Aracaju,N,4.0,6.5,N,2,0,Cursando,,
2025103036,103,2025,Processo Seletivo,AC,F,15,Nossa Senhora do Socorro,S,63.9,6.1,N,2,0,Cursando,,
2025103037,103,2025,Processo Seletivo,L1,F,17,Aracaju,S,4.1,8.4,N,1,1,Cursando,,
2025103038,103,2025,Processo Seletivo,L2,M,14,Itaporanga d'Ajuda,S,43.0,8.3,N,1,1,Cursando,,
2025103039,103,2025,Processo Seletivo,L5,F,17,Aracaju,S,13.5,6.8,N,1,1,Cursando,,
2025103040,103,2025,Processo Seletivo,L14,M,14,Aracaju,S,4.8,5.4,N,2,0,Cursando,,
2025103041,103,2025,Processo Seletivo,AC,M,15,Aracaju,N,6.7,6.6,S,2,0,Cursando,,
2025103042,103,2025,Processo Seletivo,L5,M,15,Aracaju,S,13.7,5.9,N,1,1,Cursando,,
2025103043,103,2025,Processo Seletivo,AC,M,15,Aracaju,S,2.0,6.9,N,2,0,Cursando,,
2025103044,103,2025,Processo Seletivo,AC,F,14,Aracaju,S,12.4,6.3,N,2,0,Cursando,,
2025103045,103,2025,Processo Seletivo,L13,M,14,Aracaju,S,1.2,6.7,N,2,0,Cursando,,
2025104001,104,2025,Processo Seletivo,L1,F,14,Barra dos Coqueiros,S,31.8,7.3,N,1,1,Cursando,,
2025104002,104,2025,Processo Seletivo,L9,M,15,Aracaju,S,13.7,6.5,S,2,0,Cursando,,
2025104003,104,2025,Processo Seletivo,L14,M,15,Aracaju,S,13.3,7.3,N,2,0,Cursando,,
2025104004,104,2025,Processo Seletivo,AC,F,14,Nossa Senhora do Socorro,S,64.5,6.6,N,2,0,Cursando,,
2025104005,104,2025,Processo Seletivo,L6,F,17,Aracaju,S,11.3,5.3,N,2,0,Cursando,,
2025104006,104,2025,Processo Seletivo,L6,F,14,Barra dos Coqueiros,S,27.2,6.5,N,2,0,Cursando,,
2025104007,104,2025,Processo Seletivo,L5,F,15,Aracaju,S,12.5,5.2,N,2,0,Cursando,,
2025104008,104,2025,Processo Seletivo,L13,M,16,Barra dos Coqueiros,S,66.6,8.1,N,2,0,Cursando,,
2025104009,104,2025,Processo Seletivo,L6,F,15,Nossa Senhora do Socorro,S,48.4,6.7,N,1,1,Cursando,,
2025104010,104,2025,Processo Seletivo,AC,F,14,Aracaju,N,5.6,6.9,N,2,0,Cursando,,
2025104011,104,2025,Processo Seletivo,AC,F,14,Aracaju,N,6.2,5.7,S,2,0,Cursando,,
2025104012,104,2025,Processo Seletivo,L9,M,14,Barra dos Coqueiros,S,61.1,7.5,N,2,0,Cursando,,
2025104013,104,2025,Processo Seletivo,L1,M,16,Outro município,S,51.4,6.2,N,1,1,Cursando,,
2025104014,104,2025,Processo Seletivo,AC,M,15,Nossa Senhora do Socorro,S,14.2,6.7,S,2,0,Cursando,,
2025104015,104,2025,Processo Seletivo,L6,F,17,Barra dos Coqueiros,S,20.8,3.5,N,1,1,Cursando,,
2025104016,104,2025,Processo Seletivo,L6,M,14,Nossa Senhora do Socorro,S,35.7,8.4,N,2,0,Cursando,,
2025104017,104,2025,Processo Seletivo,L5,F,15,São Cristóvão,S,13.1,6.7,N,2,0,Cursando,,
2025104018,104,2025,Processo Seletivo,L1,M,15,Aracaju,S,11.8,6.8,S,2,0,Cursando,,
2025104019,104,2025,Processo Seletivo,AC,F,15,São Cristóvão,N,61.4,6.8,S,2,0,Cursando,,
2025104020,104,2025,Processo Seletivo,L6,F,15,Nossa Senhora do Socorro,S,45.0,5.7,N,2,0,Cursando,,
2025104021,104,2025,Processo Seletivo,L13,F,14,Aracaju,S,3.7,7.6,N,2,0,Cursando,,
2025104022,104,2025,Processo Seletivo,AC,F,14,Aracaju,N,5.5,6.9,S,2,0,Cursando,,
2025104023,104,2025,Processo Seletivo,AC,M,14,Barra dos Coqueiros,N,22.4,6.8,S,2,0,Cursando,,
2025104024,104,2025,Processo Seletivo,L14,F,17,Outro município,S,38.9,6.7,N,2,0,Cursando,,
2025104025,104,2025,Processo Seletivo,L1,F,15,Aracaju,S,7.0,5.5,S,1,1,Cursando,,
2025104026,104,2025,Processo Seletivo,L2,F,15,Estância,S,31.2,6.6,S,2,0,Cursando,,
2025104027,104,2025,Processo Seletivo,L2,F,14,Aracaju,S,1.3,4.8,N,2,0,Cursando,,
2025104028,104,2025,Processo Seletivo,AC,M,14,Aracaju,N,9.7,6.4,N,2,0,Cursando,,
2025104029,104,2025,Processo Seletivo,L1,F,14,Nossa Senhora do Socorro,S,35.0,8.0,N,2,0,Cursando,,
2025104030,104,2025,Processo Seletivo,L6,F,15,Barra dos Coqueiros,S,45.5,6.1,N,2,0,Cursando,,
2025104031,104,2025,Processo Seletivo,L9,M,15,Aracaju,S,4.7,5.9,S,2,0,Cursando,,
2025104032,104,2025,Processo Seletivo,L6,M,15,Aracaju,S,11.8,6.5,N,2,0,Cursando,,
2025104033,104,2025,Processo Seletivo,L10,M,14,Aracaju,S,9.3,7.2,N,2,0,Cursando,,
2025104034,104,2025,Processo Seletivo,L14,M,17,São Cristóvão,S,27.0,6.4,N,2,0,Cursando,,
2025104035,104,2025,Processo Seletivo,AC,M,15,Aracaju,N,10.2,6.5,N,2,0,Cursando,,
2025104036,104,2025,Processo Seletivo,L13,M,14,Barra dos Coqueiros,S,62.6,5.0,N,,1,Evadido,2026,Questões financeiras/transporte
2025104037,104,2025,Processo Seletivo,L5,M,15,São Cristóvão,S,57.4,5.2,N,2,0,Cursando,,
2025104038,104,2025,Processo Seletivo,L1,M,17,Barra dos Coqueiros,S,27.4,7.5,S,2,0,Cursando,,
2025104039,104,2025,Processo Seletivo,AC,F,15,Aracaju,S,11.7,7.0,N,2,0,Cursando,,
2025104040,104,2025,Processo Seletivo,AC,M,15,Aracaju,S,1.7,6.1,S,2,0,Cursando,,
2025104041,104,2025,Processo Seletivo,L2,F,14,Nossa Senhora do Socorro,S,60.0,6.0,S,2,0,Cursando,,
2025104042,104,2025,Processo Seletivo,AC,M,15,Aracaju,N,11.3,8.9,S,2,0,Cursando,,
2025104043,104,2025,Processo Seletivo,L5,F,15,Aracaju,S,5.2,5.6,N,2,0,Cursando,,
2025104044,104,2025,Processo Seletivo,L1,M,16,Aracaju,S,11.4,8.9,N,2,0,Cursando,,
2025104045,104,2025,Processo Seletivo,L6,F,15,Aracaju,S,13.3,6.3,N,2,0,Cursando,,
2025105001,105,2025,Processo Seletivo,L5,F,14,Aracaju,S,2.4,6.4,N,2,0,Cursando,,
2025105002,105,2025,Processo Seletivo,L5,F,15,Outro município,S,44.1,5.9,N,2,0,Cursando,,
2025105003,105,2025,Processo Seletivo,AC,M,15,Estância,N,62.7,8.2,S,2,0,Cursando,,
2025105004,105,2025,Processo Seletivo,AC,F,14,Nossa Senhora do Socorro,S,53.7,6.7,N,1,1,Cursando,,
2025105005,105,2025,Processo Seletivo,L1,F,15,Laranjeiras,S,52.2,7.2,S,2,0,Cursando,,
2025105006,105,2025,Processo Seletivo,L1,F,14,Aracaju,S,1.3,6.5,S,2,0,Cursando,,
2025105007,105,2025,Processo Seletivo,L10,F,14,Estância,S,50.6,7.3,S,,0,Evadido,2025,Questões financeiras/transporte
2025105008,105,2025,Processo Seletivo,L14,F,15,São Cristóvão,S,37.5,4.8,N,2,0,Cursando,,
2025105009,105,2025,Processo Seletivo,L10,F,15,Nossa Senhora do Socorro,S,55.8,5.2,S,1,1,Cursando,,
2025105010,105,2025,Processo Seletivo,L14,M,15,Aracaju,S,6.5,3.8,N,2,0,Cursando,,
2025105011,105,2025,Processo Seletivo,AC,M,14,Barra dos Coqueiros,N,53.9,7.2,N,,0,Cancelado a pedido,2025,Abandono (sem frequência)
2025105012,105,2025,Processo Seletivo,AC,F,15,Aracaju,N,6.3,4.6,N,2,0,Cursando,,
2025105013,105,2025,Processo Seletivo,AC,M,14,Nossa Senhora do Socorro,S,27.1,6.1,N,2,0,Cursando,,
2025105014,105,2025,Processo Seletivo,AC,M,15,São Cristóvão,N,21.9,6.5,N,2,0,Cursando,,
2025105015,105,2025,Processo Seletivo,L2,M,14,Aracaju,S,1.5,8.0,N,2,0,Cursando,,
2025105016,105,2025,Processo Seletivo,L2,M,15,Aracaju,S,12.5,5.5,N,2,0,Cursando,,
2025105017,105,2025,Processo Seletivo,L5,F,15,Aracaju,S,10.4,6.1,N,2,0,Cursando,,
2025105018,105,2025,Processo Seletivo,L2,M,15,São Cristóvão,S,33.5,5.2,N,2,0,Cursando,,
2025105019,105,2025,Processo Seletivo,L5,M,14,Estância,S,63.7,6.5,N,2,0,Cursando,,
2025105020,105,2025,Processo Seletivo,L6,F,15,Aracaju,S,13.5,8.0,N,2,0,Cursando,,
2025105021,105,2025,Processo Seletivo,AC,M,14,Aracaju,N,3.3,5.1,N,2,0,Cursando,,
2025105022,105,2025,Processo Seletivo,L14,M,15,Aracaju,S,8.9,6.1,N,2,0,Cursando,,
2025105023,105,2025,Processo Seletivo,AC,F,15,Aracaju,N,9.3,6.1,N,2,0,Cursando,,
2025105024,105,2025,Processo Seletivo,AC,F,14,Aracaju,S,2.7,6.9,N,2,0,Cursando,,
2025105025,105,2025,Processo Seletivo,L6,F,15,Nossa Senhora do Socorro,S,69.1,7.6,N,,0,Evadido,2025,Retenção/reprovação
2025105026,105,2025,Processo Seletivo,L2,M,16,Aracaju,S,7.2,7.3,N,2,0,Cursando,,
2025105027,105,2025,Processo Seletivo,L5,M,17,Aracaju,S,10.2,8.0,N,2,0,Cursando,,
2025105028,105,2025,Processo Seletivo,AC,F,14,São Cristóvão,S,55.5,5.5,N,2,0,Cursando,,
2025105029,105,2025,Processo Seletivo,L2,F,14,Laranjeiras,S,31.2,7.7,S,2,0,Cursando,,
2025105030,105,2025,Processo Seletivo,L2,F,14,Laranjeiras,S,30.7,4.3,N,1,1,Cursando,,
2025105031,105,2025,Processo Seletivo,AC,F,15,São Cristóvão,S,39.9,8.1,N,2,0,Cursando,,
2025105032,105,2025,Processo Seletivo,L1,M,14,Barra dos Coqueiros,S,58.2,4.8,S,1,1,Cursando,,
2025105033,105,2025,Processo Seletivo,L2,M,15,Nossa Senhora do Socorro,S,52.8,6.3,S,2,0,Cursando,,
2025105034,105,2025,Processo Seletivo,AC,F,15,Aracaju,N,6.3,6.1,N,2,0,Cursando,,
2025105035,105,2025,Processo Seletivo,AC,F,15,Aracaju,S,11.4,7.2,N,2,0,Cursando,,
2025105036,105,2025,Processo Seletivo,L10,F,14,Barra dos Coqueiros,S,18.1,6.0,N,2,0,Cursando,,
2025105037,105,2025,Processo Seletivo,AC,F,15,Aracaju,N,8.1,5.9,N,2,0,Cursando,,
2025105038,105,2025,Processo Seletivo,L2,F,15,São Cristóvão,S,20.4,8.8,S,2,0,Cursando,,
2025105039,105,2025,Processo Seletivo,L5,F,15,Itaporanga d'Ajuda,S,44.1,5.7,N,2,0,Cursando,,
2025105040,105,2025,Processo Seletivo,AC,F,15,Aracaju,N,2.7,7.3,N,2,0,Cursando,,
2025106001,106,2025,Processo Seletivo,AC,F,14,Nossa Senhora do Socorro,S,23.5,7.0,N,2,0,Cursando,,
2025106002,106,2025,Processo Seletivo,L1,F,15,Nossa Senhora do Socorro,S,36.6,6.2,S,2,0,Cursando,,
2025106003,106,2025,Processo Seletivo,AC,F,15,Aracaju,S,11.7,7.0,N,,0,Evadido,2025,Não informado
2025106004,106,2025,Processo Seletivo,L5,M,15,Estância,S,28.8,5.8,N,2,0,Cursando,,
2025106005,106,2025,Processo Seletivo,AC,M,16,Aracaju,N,7.2,6.6,N,2,0,Cursando,,
2025106006,106,2025,Processo Seletivo,L1,F,15,Aracaju,S,8.4,5.9,S,1,1,Cursando,,
2025106007,106,2025,Processo Seletivo,L14,F,14,São Cristóvão,S,45.5,5.8,N,2,0,Cursando,,
2025106008,106,2025,Processo Seletivo,AC,F,15,Aracaju,S,12.5,5.2,N,2,0,Cursando,,
2025106009,106,2025,Processo Seletivo,L5,M,16,Aracaju,S,6.0,7.7,S,2,0,Cursando,,
2025106010,106,2025,Processo Seletivo,L6,M,14,Aracaju,S,1.3,6.4,N,2,0,Cursando,,
2025106011,106,2025,Processo Seletivo,AC,F,15,Aracaju,S,5.4,6.1,N,2,0,Cursando,,
2025106012,106,2025,Processo Seletivo,L1,M,15,Nossa Senhora do Socorro,S,30.0,5.8,S,,0,Evadido,2025,Abandono (sem frequência)
2025106013,106,2025,Processo Seletivo,L2,F,15,Aracaju,S,8.7,7.1,S,2,0,Cursando,,
2025106014,106,2025,Processo Seletivo,AC,F,16,Aracaju,N,4.5,9.2,N,2,0,Cursando,,
2025106015,106,2025,Processo Seletivo,L2,M,14,Aracaju,S,12.8,5.2,N,2,0,Cursando,,
2025106016,106,2025,Processo Seletivo,AC,F,15,Outro município,S,65.7,8.9,N,1,1,Cursando,,
2025106017,106,2025,Processo Seletivo,AC,F,16,Itaporanga d'Ajuda,N,20.5,7.1,S,2,0,Cursando,,
2025106018,106,2025,Processo Seletivo,L2,M,16,Aracaju,S,11.9,5.9,S,2,0,Cursando,,
2025106019,106,2025,Processo Seletivo,AC,M,14,Outro município,S,37.2,6.0,S,2,0,Cursando,,
2025106020,106,2025,Processo Seletivo,AC,F,15,Aracaju,S,11.5,4.9,N,1,1,Cursando,,
2025106021,106,2025,Processo Seletivo,AC,F,15,Aracaju,S,5.6,7.3,N,2,0,Cursando,,
2025106022,106,2025,Processo Seletivo,L14,F,15,Nossa Senhora do Socorro,S,63.6,6.0,N,2,0,Cursando,,
2025106023,106,2025,Processo Seletivo,L1,F,14,Nossa Senhora do Socorro,S,20.2,4.5,S,2,0,Cursando,,
2025106024,106,2025,Processo Seletivo,L6,F,14,Aracaju,S,12.6,7.3,N,1,1,Cursando,,
2025106025,106,2025,Processo Seletivo,L5,F,14,Laranjeiras,S,45.1,6.4,N,2,0,Cursando,,
2025106026,106,2025,Processo Seletivo,L6,F,15,Itaporanga d'Ajuda,S,34.4,5.8,S,2,0,Cursando,,
2025106027,106,2025,Processo Seletivo,AC,M,15,São Cristóvão,N,29.9,8.9,N,2,0,Cursando,,
2025106028,106,2025,Processo Seletivo,L5,F,16,Aracaju,S,3.5,6.8,N,1,1,Cursando,,
2025106029,106,2025,Processo Seletivo,L6,F,15,Nossa Senhora do Socorro,S,62.5,7.2,S,1,1,Cursando,,
2025106030,106,2025,Processo Seletivo,L5,M,14,Itaporanga d'Ajuda,S,38.4,8.8,N,2,0,Cursando,,
2025106031,106,2025,Processo Seletivo,L14,M,14,Aracaju,S,2.6,7.1,S,2,0,Cursando,,
2025106032,106,2025,Processo Seletivo,AC,F,14,Aracaju,N,6.3,8.6,N,2,0,Cursando,,
2025106033,106,2025,Processo Seletivo,AC,M,15,Aracaju,S,11.8,5.6,N,2,0,Cursando,,
2025106034,106,2025,Processo Seletivo,L14,F,14,Barra dos Coqueiros,S,52.6,4.9,N,2,0,Cursando,,
2025106035,106,2025,Processo Seletivo,AC,M,15,São Cristóvão,S,12.8,7.6,S,2,0,Cursando,,
2025106036,106,2025,Processo Seletivo,L5,M,14,Barra dos Coqueiros,S,29.2,8.3,N,2,0,Cursando,,
2025106037,106,2025,Processo Seletivo,AC,F,14,Barra dos Coqueiros,S,36.1,5.9,N,2,0,Cursando,,
2025106038,106,2025,Processo Seletivo,L2,F,15,Outro município,S,16.7,5.4,N,2,0,Cursando,,
2025106039,106,2025,Processo Seletivo,L5,F,14,Aracaju,S,10.0,5.7,N,2,0,Cursando,,
2026101001,101,2026,Processo Seletivo,AC,M,14,São Cristóvão,S,52.6,5.3,N,1,0,Cursando,,
2026101002,101,2026,Processo Seletivo,L5,M,14,Aracaju,S,9.0,7.6,N,1,0,Cursando,,
2026101003,101,2026,Processo Seletivo,AC,M,15,Aracaju,N,14.5,9.1,N,1,0,Cursando,,
2026101004,101,2026,Processo Seletivo,L10,M,14,Aracaju,S,4.4,7.1,S,1,0,Cursando,,
2026101005,101,2026,Processo Seletivo,L14,F,14,Aracaju,S,10.6,6.0,N,1,0,Cursando,,
2026101006,101,2026,Processo Seletivo,AC,F,15,Aracaju,S,13.8,7.9,S,1,0,Cursando,,
2026101007,101,2026,Processo Seletivo,L6,F,14,Aracaju,S,10.0,7.4,N,1,0,Cursando,,
2026101008,101,2026,Processo Seletivo,AC,M,14,São Cristóvão,S,15.4,6.5,N,1,0,Cursando,,
2026101009,101,2026,Processo Seletivo,AC,M,14,Nossa Senhora do Socorro,S,30.5,6.9,N,1,0,Cursando,,
2026101010,101,2026,Processo Seletivo,AC,M,14,Nossa Senhora do Socorro,S,20.6,8.7,N,1,0,Cursando,,
2026101011,101,2026,Processo Seletivo,AC,F,14,Aracaju,S,2.3,6.8,S,1,0,Cursando,,
2026101012,101,2026,Processo Seletivo,AC,F,15,Aracaju,S,4.2,8.4,S,1,0,Cursando,,
2026101013,101,2026,Processo Seletivo,L5,M,14,São Cristóvão,S,16.7,5.7,N,1,0,Cursando,,
2026101014,101,2026,Processo Seletivo,L2,M,14,Itaporanga d'Ajuda,S,28.8,5.4,N,1,0,Cursando,,
2026101015,101,2026,Processo Seletivo,L2,F,16,Aracaju,S,6.5,4.9,S,1,0,Cursando,,
2026101016,101,2026,Processo Seletivo,AC,M,14,Aracaju,N,14.2,6.3,N,1,0,Cursando,,
2026101017,101,2026,Processo Seletivo,AC,M,14,Barra dos Coqueiros,S,14.3,6.4,N,,0,Evadido,2026,Aprovação em outra escola
2026101018,101,2026,Processo Seletivo,L6,F,15,Nossa Senhora do Socorro,S,33.8,6.4,N,1,0,Cursando,,
2026101019,101,2026,Processo Seletivo,L6,M,15,Aracaju,S,4.5,6.5,N,1,0,Cursando,,
2026101020,101,2026,Processo Seletivo,AC,M,14,Estância,N,17.4,7.4,S,1,0,Cursando,,
2026101021,101,2026,Processo Seletivo,L14,M,15,Aracaju,S,2.4,6.4,N,1,0,Cursando,,
2026101022,101,2026,Processo Seletivo,L2,F,17,Nossa Senhora do Socorro,S,60.4,4.8,S,1,0,Cursando,,
2026101023,101,2026,Processo Seletivo,AC,M,15,Nossa Senhora do Socorro,S,20.1,7.9,N,1,0,Cursando,,
2026101024,101,2026,Processo Seletivo,L5,F,14,Aracaju,S,3.1,6.7,N,1,0,Cursando,,
2026101025,101,2026,Processo Seletivo,AC,F,17,Aracaju,N,9.3,8.5,N,1,0,Cursando,,
2026101026,101,2026,Processo Seletivo,L5,M,14,Barra dos Coqueiros,S,66.9,7.0,N,1,0,Cursando,,
2026101027,101,2026,Processo Seletivo,L14,M,15,Aracaju,S,1.7,5.2,N,1,0,Cursando,,
2026101028,101,2026,Processo Seletivo,L14,M,14,São Cristóvão,S,59.0,6.5,N,1,0,Cursando,,
2026101029,101,2026,Processo Seletivo,AC,F,15,Aracaju,S,14.1,7.4,N,1,0,Cursando,,
2026101030,101,2026,Processo Seletivo,AC,M,15,Laranjeiras,N,47.5,8.9,N,1,0,Cursando,,
2026101031,101,2026,Processo Seletivo,AC,M,15,Aracaju,N,1.6,8.6,N,1,0,Cursando,,
2026101032,101,2026,Processo Seletivo,L2,M,16,Barra dos Coqueiros,S,13.9,3.9,N,1,0,Cursando,,
2026101033,101,2026,Processo Seletivo,L2,M,16,Nossa Senhora do Socorro,S,68.2,6.4,N,1,0,Cursando,,
2026101034,101,2026,Processo Seletivo,L2,F,16,Barra dos Coqueiros,S,49.6,5.2,S,1,0,Cursando,,
2026101035,101,2026,Processo Seletivo,AC,M,14,Outro município,S,12.6,7.3,N,1,0,Cursando,,
2026101036,101,2026,Processo Seletivo,L2,M,14,Nossa Senhora do Socorro,S,29.1,7.5,S,1,0,Cursando,,
2026101037,101,2026,Processo Seletivo,AC,M,15,Barra dos Coqueiros,N,51.1,9.0,N,1,0,Cursando,,
2026101038,101,2026,Processo Seletivo,L2,M,14,Aracaju,S,6.9,4.6,S,1,0,Cursando,,
2026101039,101,2026,Processo Seletivo,L6,M,15,Aracaju,S,3.7,6.4,N,1,0,Cursando,,
2026101040,101,2026,Processo Seletivo,L6,M,15,Aracaju,S,7.8,5.8,N,1,0,Cursando,,
2026101041,101,2026,Processo Seletivo,L2,M,16,Aracaju,S,2.8,8.4,S,1,0,Cursando,,
2026101042,101,2026,Processo Seletivo,L6,F,14,Aracaju,S,13.7,6.1,N,1,0,Cursando,,
2026101043,101,2026,Processo Seletivo,L2,F,14,Aracaju,S,14.6,7.3,S,1,0,Cursando,,
2026101044,101,2026,Processo Seletivo,L2,M,14,São Cristóvão,S,69.6,5.8,S,1,0,Cursando,,
2026101045,101,2026,Processo Seletivo,AC,F,14,Aracaju,S,6.8,7.4,N,1,0,Cursando,,
2026101046,101,2026,Processo Seletivo,L5,F,14,Itaporanga d'Ajuda,S,47.2,5.8,S,1,0,Cursando,,
2026102001,102,2026,Processo Seletivo,AC,F,15,Aracaju,N,8.8,6.1,N,1,0,Cursando,,
2026102002,102,2026,Processo Seletivo,L10,M,15,Laranjeiras,S,31.5,7.2,S,1,0,Cursando,,
2026102003,102,2026,Processo Seletivo,L2,M,15,Aracaju,S,7.5,6.5,S,1,0,Cursando,,
2026102004,102,2026,Processo Seletivo,AC,F,15,Aracaju,N,5.9,5.7,N,1,0,Cursando,,
2026102005,102,2026,Processo Seletivo,L5,M,14,Aracaju,S,7.8,8.8,N,1,0,Cursando,,
2026102006,102,2026,Processo Seletivo,L13,F,14,São Cristóvão,S,17.9,6.6,S,1,0,Cursando,,
2026102007,102,2026,Processo Seletivo,L5,M,15,Nossa Senhora do Socorro,S,13.6,6.2,N,1,0,Cursando,,
2026102008,102,2026,Processo Seletivo,L2,M,15,São Cristóvão,S,61.2,7.1,S,1,0,Cursando,,
2026102009,102,2026,Processo Seletivo,L13,M,15,Barra dos Coqueiros,S,42.4,5.4,N,1,0,Cursando,,
2026102010,102,2026,Processo Seletivo,AC,M,14,São Cristóvão,S,31.9,7.6,N,1,0,Cursando,,
2026102011,102,2026,Processo Seletivo,L14,M,14,Aracaju,S,4.0,9.6,N,1,0,Cursando,,
2026102012,102,2026,Processo Seletivo,AC,M,14,Aracaju,N,3.0,7.1,N,1,0,Cursando,,
2026102013,102,2026,Processo Seletivo,L10,M,14,Aracaju,S,14.0,6.6,N,1,0,Cursando,,
2026102014,102,2026,Processo Seletivo,AC,M,15,Laranjeiras,N,46.8,6.2,N,1,0,Cursando,,
2026102015,102,2026,Processo Seletivo,L13,M,14,Itaporanga d'Ajuda,S,23.1,5.9,N,1,0,Cursando,,
2026102016,102,2026,Processo Seletivo,L1,M,15,Nossa Senhora do Socorro,S,56.4,5.5,S,1,0,Cursando,,
2026102017,102,2026,Processo Seletivo,AC,F,14,Barra dos Coqueiros,S,50.6,7.9,N,1,0,Cursando,,
2026102018,102,2026,Processo Seletivo,L1,M,14,Aracaju,S,13.1,5.4,S,1,0,Cursando,,
2026102019,102,2026,Processo Seletivo,L1,M,15,Aracaju,S,2.9,7.2,S,1,0,Cursando,,
2026102020,102,2026,Processo Seletivo,L2,M,16,Aracaju,S,12.1,5.9,S,1,0,Cursando,,
2026102021,102,2026,Processo Seletivo,L5,F,15,Aracaju,S,9.6,7.2,N,1,0,Cursando,,
2026102022,102,2026,Processo Seletivo,L2,F,16,Aracaju,S,1.3,6.1,N,1,0,Cursando,,
2026102023,102,2026,Processo Seletivo,AC,M,14,Nossa Senhora do Socorro,N,67.9,8.8,N,1,0,Cursando,,
2026102024,102,2026,Processo Seletivo,L6,M,16,Barra dos Coqueiros,S,24.6,6.4,N,1,0,Cursando,,
2026102025,102,2026,Processo Seletivo,AC,F,14,São Cristóvão,S,29.2,6.7,N,1,0,Cursando,,
2026102026,102,2026,Processo Seletivo,L13,M,15,Aracaju,S,5.9,6.7,N,1,0,Cursando,,
2026102027,102,2026,Processo Seletivo,AC,F,14,Barra dos Coqueiros,S,33.8,5.4,N,1,0,Cursando,,
2026102028,102,2026,Processo Seletivo,L10,M,15,Barra dos Coqueiros,S,65.8,3.9,S,1,0,Cursando,,
2026102029,102,2026,Processo Seletivo,L1,M,15,Aracaju,S,12.3,5.4,S,1,0,Cursando,,
2026102030,102,2026,Processo Seletivo,L5,M,16,Aracaju,S,8.2,7.6,N,1,0,Cursando,,
2026102031,102,2026,Processo Seletivo,L2,M,14,Aracaju,S,11.6,7.2,N,1,0,Cursando,,
2026102032,102,2026,Processo Seletivo,AC,F,14,Nossa Senhora do Socorro,S,32.5,5.8,N,1,0,Cursando,,
2026102033,102,2026,Processo Seletivo,AC,M,16,Nossa Senhora do Socorro,S,27.5,5.1,N,1,0,Cursando,,
2026102034,102,2026,Processo Seletivo,AC,M,14,Aracaju,S,3.7,6.9,N,1,0,Cursando,,
2026102035,102,2026,Processo Seletivo,AC,M,16,Nossa Senhora do Socorro,N,27.7,6.3,N,1,0,Cursando,,
2026102036,102,2026,Processo Seletivo,AC,M,14,Aracaju,S,10.2,5.5,N,1,0,Cursando,,
2026102037,102,2026,Processo Seletivo,L2,M,14,Outro município,S,69.5,4.6,S,1,0,Cursando,,
2026102038,102,2026,Processo Seletivo,L2,M,15,Laranjeiras,S,46.1,7.7,N,1,0,Cursando,,
2026102039,102,2026,Processo Seletivo,L13,M,15,Aracaju,S,4.7,7.7,N,1,0,Cursando,,
2026102040,102,2026,Processo Seletivo,L1,M,16,Nossa Senhora do Socorro,S,69.1,7.3,S,1,0,Cursando,,
2026102041,102,2026,Processo Seletivo,L13,M,16,Aracaju,S,13.1,8.0,N,1,0,Cursando,,
2026102042,102,2026,Processo Seletivo,AC,M,14,Estância,N,29.3,9.0,S,1,0,Cursando,,
2026102043,102,2026,Processo Seletivo,AC,M,17,São Cristóvão,N,45.1,5.6,N,1,0,Cursando,,
2026102044,102,2026,Processo Seletivo,L6,M,14,São Cristóvão,S,69.1,4.2,N,1,0,Cursando,,
2026102045,102,2026,Processo Seletivo,AC,M,15,Outro município,N,13.3,5.1,N,1,0,Cursando,,
2026103001,103,2026,Processo Seletivo,L5,M,15,Itaporanga d'Ajuda,S,61.2,7.0,S,1,0,Cursando,,
2026103002,103,2026,Processo Seletivo,AC,M,15,Aracaju,S,13.7,8.8,N,1,0,Cursando,,
2026103003,103,2026,Processo Seletivo,L2,F,15,Outro município,S,18.7,6.2,S,1,0,Cursando,,
2026103004,103,2026,Processo Seletivo,AC,M,16,Nossa Senhora do Socorro,S,59.1,7.2,N,1,0,Cursando,,
2026103005,103,2026,Processo Seletivo,L2,M,16,Aracaju,S,13.0,4.9,S,1,0,Cursando,,
2026103006,103,2026,Processo Seletivo,L14,F,17,Aracaju,S,11.8,6.6,N,1,0,Cursando,,
2026103007,103,2026,Processo Seletivo,AC,M,15,Aracaju,S,14.8,6.7,N,1,0,Cursando,,
2026103008,103,2026,Processo Seletivo,AC,M,14,Nossa Senhora do Socorro,N,55.4,7.9,N,1,0,Cursando,,
2026103009,103,2026,Processo Seletivo,L5,M,15,Aracaju,S,8.9,5.8,N,1,0,Cursando,,
2026103010,103,2026,Processo Seletivo,L2,F,14,Aracaju,S,2.7,7.4,N,1,0,Cursando,,
2026103011,103,2026,Processo Seletivo,AC,M,15,Aracaju,S,8.2,9.1,N,1,0,Cursando,,
2026103012,103,2026,Processo Seletivo,L6,M,14,Aracaju,S,5.6,7.3,N,1,0,Cursando,,
2026103013,103,2026,Processo Seletivo,AC,F,14,Aracaju,S,6.7,5.2,N,1,0,Cursando,,
2026103014,103,2026,Processo Seletivo,L5,M,15,Aracaju,S,4.4,5.7,N,1,0,Cursando,,
2026103015,103,2026,Processo Seletivo,L1,M,14,Aracaju,S,10.5,5.6,S,1,0,Cursando,,
2026103016,103,2026,Processo Seletivo,L2,F,16,Aracaju,S,7.3,5.6,N,1,0,Cursando,,
2026103017,103,2026,Processo Seletivo,AC,M,15,Aracaju,N,6.2,5.9,N,1,0,Cursando,,
2026103018,103,2026,Processo Seletivo,AC,F,14,Outro município,N,20.0,7.0,N,1,0,Cursando,,
2026103019,103,2026,Processo Seletivo,AC,M,16,Aracaju,N,2.7,8.2,N,1,0,Cursando,,
2026103020,103,2026,Processo Seletivo,L2,M,14,Aracaju,S,13.5,5.9,S,1,0,Cursando,,
2026103021,103,2026,Processo Seletivo,L5,M,15,Outro município,S,14.8,7.0,N,1,0,Cursando,,
2026103022,103,2026,Processo Seletivo,L1,M,14,Aracaju,S,8.9,6.7,S,1,0,Cursando,,
2026103023,103,2026,Processo Seletivo,AC,M,15,Aracaju,N,8.4,6.2,N,1,0,Cursando,,
2026103024,103,2026,Processo Seletivo,AC,M,14,Barra dos Coqueiros,S,32.8,7.1,N,1,0,Cursando,,
2026103025,103,2026,Processo Seletivo,L6,M,17,Aracaju,S,4.5,6.3,S,1,0,Cursando,,
2026103026,103,2026,Processo Seletivo,L13,M,14,São Cristóvão,S,64.9,7.0,N,1,0,Cursando,,
2026103027,103,2026,Processo Seletivo,L5,M,14,Nossa Senhora do Socorro,S,15.0,6.3,S,1,0,Cursando,,
2026103028,103,2026,Processo Seletivo,L6,M,14,Aracaju,S,11.2,5.2,N,1,0,Cursando,,
2026103029,103,2026,Processo Seletivo,AC,F,14,São Cristóvão,N,58.4,8.7,N,1,0,Cursando,,
2026103030,103,2026,Processo Seletivo,L6,M,16,Nossa Senhora do Socorro,S,35.8,5.3,N,1,0,Cursando,,
2026103031,103,2026,Processo Seletivo,L6,M,15,Estância,S,39.2,6.6,N,1,0,Cursando,,
2026103032,103,2026,Processo Seletivo,L1,F,15,Aracaju,S,9.4,5.3,S,1,0,Cursando,,
2026103033,103,2026,Processo Seletivo,AC,M,14,Nossa Senhora do Socorro,N,45.5,5.4,N,1,0,Cursando,,
2026103034,103,2026,Processo Seletivo,L14,M,15,Aracaju,S,4.4,6.3,S,1,0,Cursando,,
2026103035,103,2026,Processo Seletivo,AC,M,14,Outro município,S,52.3,7.1,N,1,0,Cursando,,
2026103036,103,2026,Processo Seletivo,AC,M,15,Aracaju,N,9.3,4.7,N,1,0,Cursando,,
2026103037,103,2026,Processo Seletivo,L5,M,14,Aracaju,S,9.2,7.7,N,1,0,Cursando,,
2026103038,103,2026,Processo Seletivo,L6,M,14,Nossa Senhora do Socorro,S,61.2,8.2,N,1,0,Cursando,,
2026103039,103,2026,Processo Seletivo,L6,F,14,Nossa Senhora do Socorro,S,53.5,5.0,N,1,0,Cursando,,
2026103040,103,2026,Processo Seletivo,L2,F,14,Aracaju,S,6.8,7.0,S,1,0,Cursando,,
2026103041,103,2026,Processo Seletivo,L9,M,14,Laranjeiras,S,64.2,7.7,S,1,0,Cursando,,
2026103042,103,2026,Processo Seletivo,AC,F,15,Aracaju,N,3.7,5.1,S,1,0,Cursando,,
2026103043,103,2026,Processo Seletivo,L14,M,15,Barra dos Coqueiros,S,18.4,7.0,N,1,0,Cursando,,
2026103044,103,2026,Processo Seletivo,L2,M,14,Aracaju,S,14.4,6.3,N,1,0,Cursando,,
2026103045,103,2026,Processo Seletivo,AC,M,15,Laranjeiras,S,36.4,8.0,N,1,0,Cursando,,
2026104001,104,2026,Processo Seletivo,L1,M,15,Aracaju,S,2.3,6.7,S,1,0,Cursando,,
2026104002,104,2026,Processo Seletivo,AC,F,14,Aracaju,N,13.6,6.1,N,1,0,Cursando,,
2026104003,104,2026,Processo Seletivo,L13,F,15,Aracaju,S,11.6,8.2,S,1,0,Cursando,,
2026104004,104,2026,Processo Seletivo,AC,M,17,Aracaju,N,1.1,5.5,N,1,0,Cursando,,
2026104005,104,2026,Processo Seletivo,AC,M,15,Aracaju,S,14.9,6.7,N,1,0,Cursando,,
2026104006,104,2026,Processo Seletivo,AC,M,14,São Cristóvão,N,44.0,5.9,N,1,0,Cursando,,
2026104007,104,2026,Processo Seletivo,AC,F,14,Aracaju,S,13.5,7.4,N,1,0,Cursando,,
2026104008,104,2026,Processo Seletivo,L1,F,14,Nossa Senhora do Socorro,S,16.7,6.0,S,1,0,Cursando,,
2026104009,104,2026,Processo Seletivo,AC,F,16,Nossa Senhora do Socorro,S,18.3,7.4,N,,0,Evadido,2026,Mudança de município
2026104010,104,2026,Processo Seletivo,L5,F,14,Outro município,S,52.8,7.0,S,1,0,Cursando,,
2026104011,104,2026,Processo Seletivo,L1,M,15,Aracaju,S,11.8,6.2,S,1,0,Cursando,,
2026104012,104,2026,Processo Seletivo,L6,M,14,São Cristóvão,S,53.0,7.2,N,1,0,Cursando,,
2026104013,104,2026,Processo Seletivo,L5,F,15,São Cristóvão,S,41.1,5.0,S,1,0,Cursando,,
2026104014,104,2026,Processo Seletivo,L1,F,14,Nossa Senhora do Socorro,S,35.5,6.4,N,1,0,Cursando,,
2026104015,104,2026,Processo Seletivo,AC,F,16,Aracaju,N,5.1,6.2,N,1,0,Cursando,,
2026104016,104,2026,Processo Seletivo,L13,F,15,Aracaju,S,4.8,5.6,N,1,0,Cursando,,
2026104017,104,2026,Processo Seletivo,AC,M,15,Outro município,S,56.0,6.4,N,1,0,Cursando,,
2026104018,104,2026,Processo Seletivo,AC,F,14,Aracaju,S,5.4,6.9,N,1,0,Cursando,,
2026104019,104,2026,Processo Seletivo,AC,F,15,Nossa Senhora do Socorro,S,37.3,6.4,S,1,0,Cursando,,
2026104020,104,2026,Processo Seletivo,AC,M,16,Estância,S,19.6,6.5,N,1,0,Cursando,,
2026104021,104,2026,Processo Seletivo,AC,F,15,Outro município,N,24.9,6.8,N,1,0,Cursando,,
2026104022,104,2026,Processo Seletivo,L14,M,14,Aracaju,S,12.0,7.2,N,1,0,Cursando,,
2026104023,104,2026,Processo Seletivo,L2,M,14,Aracaju,S,4.5,4.9,S,1,0,Cursando,,
2026104024,104,2026,Processo Seletivo,L6,F,15,Aracaju,S,4.9,5.2,N,1,0,Cursando,,
2026104025,104,2026,Processo Seletivo,L5,M,14,Nossa Senhora do Socorro,S,61.9,8.4,N,1,0,Cursando,,
2026104026,104,2026,Processo Seletivo,L6,F,14,Aracaju,S,12.8,6.2,N,1,0,Cursando,,
2026104027,104,2026,Processo Seletivo,AC,M,14,Barra dos Coqueiros,N,45.8,5.5,N,1,0,Cursando,,
2026104028,104,2026,Processo Seletivo,L5,M,15,Aracaju,S,4.3,6.3,N,1,0,Cursando,,
2026104029,104,2026,Processo Seletivo,L1,M,15,Aracaju,S,11.3,5.2,S,1,0,Cursando,,
2026104030,104,2026,Processo Seletivo,AC,M,15,Aracaju,N,13.3,5.7,N,1,0,Cursando,,
2026104031,104,2026,Processo Seletivo,AC,F,16,Aracaju,N,13.0,8.2,S,1,0,Cursando,,
2026104032,104,2026,Processo Seletivo,L10,M,15,Aracaju,S,12.3,4.8,N,1,0,Cursando,,
2026104033,104,2026,Processo Seletivo,AC,F,15,Barra dos Coqueiros,S,22.5,7.9,S,1,0,Cursando,,
2026104034,104,2026,Processo Seletivo,L6,F,14,Barra dos Coqueiros,S,29.8,6.8,N,1,0,Cursando,,
2026104035,104,2026,Processo Seletivo,L13,F,15,Nossa Senhora do Socorro,S,41.8,6.0,N,1,0,Cursando,,
2026104036,104,2026,Processo Seletivo,AC,F,15,Aracaju,N,4.8,7.3,N,1,0,Cursando,,
2026104037,104,2026,Processo Seletivo,AC,M,14,Aracaju,S,9.8,8.0,S,1,0,Cursando,,
2026104038,104,2026,Processo Seletivo,AC,M,14,Barra dos Coqueiros,S,57.4,7.8,N,1,0,Cursando,,
2026104039,104,2026,Processo Seletivo,L2,M,14,Aracaju,S,1.2,4.8,S,1,0,Cursando,,
2026104040,104,2026,Processo Seletivo,L14,F,16,Nossa Senhora do Socorro,S,54.0,7.4,N,1,0,Cursando,,
2026104041,104,2026,Processo Seletivo,L2,F,14,Aracaju,S,8.1,6.0,S,1,0,Cursando,,
2026104042,104,2026,Processo Seletivo,L5,F,14,Itaporanga d'Ajuda,S,35.7,5.2,N,1,0,Cursando,,
2026104043,104,2026,Processo Seletivo,AC,F,15,Aracaju,S,2.0,4.8,S,1,0,Cursando,,
2026104044,104,2026,Processo Seletivo,L6,F,14,São Cristóvão,S,64.5,5.5,N,1,0,Cursando,,
2026105001,105,2026,Processo Seletivo,L6,M,16,Aracaju,S,14.3,6.9,N,1,0,Cursando,,
2026105002,105,2026,Processo Seletivo,AC,M,15,São Cristóvão,S,38.9,9.4,N,1,0,Cursando,,
2026105003,105,2026,Processo Seletivo,L13,F,15,Aracaju,S,13.1,8.4,N,1,0,Cursando,,
2026105004,105,2026,Processo Seletivo,AC,M,16,Estância,N,49.8,5.6,S,1,0,Cursando,,
2026105005,105,2026,Processo Seletivo,L2,F,14,Aracaju,S,4.3,8.0,N,1,0,Cursando,,
2026105006,105,2026,Processo Seletivo,AC,M,14,São Cristóvão,N,32.9,7.1,S,1,0,Cursando,,
2026105007,105,2026,Processo Seletivo,AC,F,15,Aracaju,N,3.4,5.7,N,1,0,Cursando,,
2026105008,105,2026,Processo Seletivo,AC,F,14,Nossa Senhora do Socorro,N,21.8,6.1,N,1,0,Cursando,,
2026105009,105,2026,Processo Seletivo,AC,M,15,Aracaju,N,9.9,5.5,N,1,0,Cursando,,
2026105010,105,2026,Processo Seletivo,AC,F,14,Aracaju,S,1.9,7.6,N,1,0,Cursando,,
2026105011,105,2026,Processo Seletivo,AC,F,14,Nossa Senhora do Socorro,S,67.8,8.5,N,1,0,Cursando,,
2026105012,105,2026,Processo Seletivo,AC,F,16,Nossa Senhora do Socorro,S,16.8,7.7,S,1,0,Cursando,,
2026105013,105,2026,Processo Seletivo,AC,M,15,Aracaju,S,4.2,7.6,N,1,0,Cursando,,
2026105014,105,2026,Processo Seletivo,L10,M,15,Aracaju,S,10.9,7.4,S,1,0,Cursando,,
2026105015,105,2026,Processo Seletivo,L5,M,15,Laranjeiras,S,21.1,7.4,S,1,0,Cursando,,
2026105016,105,2026,Processo Seletivo,AC,F,14,Aracaju,N,9.3,7.0,N,1,0,Cursando,,
2026105017,105,2026,Processo Seletivo,L2,F,15,Nossa Senhora do Socorro,S,12.1,6.6,N,1,0,Cursando,,
2026105018,105,2026,Processo Seletivo,AC,F,14,Aracaju,N,8.5,5.8,N,1,0,Cursando,,
2026105019,105,2026,Processo Seletivo,L6,F,15,Aracaju,S,5.8,4.5,N,1,0,Cursando,,
2026105020,105,2026,Processo Seletivo,L1,M,14,Aracaju,S,1.2,4.6,S,1,0,Cursando,,
2026105021,105,2026,Processo Seletivo,AC,F,14,Nossa Senhora do Socorro,S,67.3,5.6,N,1,0,Cursando,,
2026105022,105,2026,Processo Seletivo,L6,F,15,Nossa Senhora do Socorro,S,45.0,4.3,N,1,0,Cursando,,
2026105023,105,2026,Processo Seletivo,L6,F,15,Itaporanga d'Ajuda,S,45.0,8.4,N,1,0,Cursando,,
2026105024,105,2026,Processo Seletivo,AC,F,17,Aracaju,N,2.4,6.5,N,1,0,Cursando,,
2026105025,105,2026,Processo Seletivo,L1,F,14,Aracaju,S,14.4,6.9,N,1,0,Cursando,,
2026105026,105,2026,Processo Seletivo,L6,F,15,Nossa Senhora do Socorro,S,55.9,4.4,S,1,0,Cursando,,
2026105027,105,2026,Processo Seletivo,AC,F,15,Aracaju,N,7.7,7.6,N,1,0,Cursando,,
2026105028,105,2026,Processo Seletivo,L14,F,15,Barra dos Coqueiros,S,33.3,5.1,N,1,0,Cursando,,
2026105029,105,2026,Processo Seletivo,AC,F,16,Aracaju,N,7.1,8.7,N,1,0,Cursando,,
2026105030,105,2026,Processo Seletivo,L5,M,14,Nossa Senhora do Socorro,S,42.4,5.5,N,1,0,Cursando,,
2026105031,105,2026,Processo Seletivo,L6,F,15,Laranjeiras,S,28.8,6.0,N,1,0,Cursando,,
2026105032,105,2026,Processo Seletivo,L14,F,16,Aracaju,S,12.0,6.8,N,1,0,Cursando,,
2026105033,105,2026,Processo Seletivo,AC,F,16,Aracaju,S,4.2,6.3,N,1,0,Cursando,,
2026105034,105,2026,Processo Seletivo,L5,F,14,Nossa Senhora do Socorro,S,65.6,7.8,N,1,0,Cursando,,
2026105035,105,2026,Processo Seletivo,AC,M,15,Itaporanga d'Ajuda,N,21.0,7.4,N,1,0,Cursando,,
2026105036,105,2026,Processo Seletivo,L10,M,14,Aracaju,S,12.3,5.1,S,1,0,Cursando,,
2026105037,105,2026,Processo Seletivo,L1,F,15,Aracaju,S,6.9,7.4,S,1,0,Cursando,,
2026105038,105,2026,Processo Seletivo,L13,M,15,Aracaju,S,9.7,8.5,N,1,0,Cursando,,
2026105039,105,2026,Processo Seletivo,L14,F,15,Aracaju,S,7.8,6.6,N,1,0,Cursando,,
2026105040,105,2026,Processo Seletivo,AC,F,15,Laranjeiras,S,61.6,8.7,S,1,0,Cursando,,
2026106001,106,2026,Processo Seletivo,L10,F,15,Nossa Senhora do Socorro,S,47.1,6.3,N,1,0,Cursando,,
2026106002,106,2026,Processo Seletivo,L13,M,17,Outro município,S,22.3,5.8,N,1,0,Cursando,,
2026106003,106,2026,Processo Seletivo,L9,F,15,Itaporanga d'Ajuda,S,27.2,6.3,N,1,0,Cursando,,
2026106004,106,2026,Processo Seletivo,AC,M,16,Aracaju,S,5.3,5.1,N,1,0,Cursando,,
2026106005,106,2026,Processo Seletivo,L2,M,15,Barra dos Coqueiros,S,45.3,4.6,S,1,0,Cursando,,
2026106006,106,2026,Processo Seletivo,AC,F,16,São Cristóvão,N,62.3,5.8,N,1,0,Cursando,,
2026106007,106,2026,Processo Seletivo,AC,M,16,Aracaju,S,12.9,6.4,N,1,0,Cursando,,
2026106008,106,2026,Processo Seletivo,AC,M,15,Nossa Senhora do Socorro,S,67.0,8.6,S,1,0,Cursando,,
2026106009,106,2026,Processo Seletivo,AC,M,14,Barra dos Coqueiros,S,18.0,7.1,N,1,0,Cursando,,
2026106010,106,2026,Processo Seletivo,L1,F,16,Outro município,S,58.8,5.6,N,1,0,Cursando,,
2026106011,106,2026,Processo Seletivo,L2,F,15,Laranjeiras,S,40.6,7.3,N,1,0,Cursando,,
2026106012,106,2026,Processo Seletivo,AC,F,14,Aracaju,N,6.4,7.6,N,1,0,Cursando,,
2026106013,106,2026,Processo Seletivo,AC,F,14,Itaporanga d'Ajuda,S,53.8,7.1,N,1,0,Cursando,,
2026106014,106,2026,Processo Seletivo,AC,M,15,Nossa Senhora do Socorro,N,17.4,6.4,N,1,0,Cursando,,
2026106015,106,2026,Processo Seletivo,L2,F,14,Aracaju,S,5.7,7.7,N,1,0,Cursando,,
2026106016,106,2026,Processo Seletivo,L5,F,15,Nossa Senhora do Socorro,S,55.6,6.9,N,1,0,Cursando,,
2026106017,106,2026,Processo Seletivo,L1,F,14,Nossa Senhora do Socorro,S,56.9,7.5,S,1,0,Cursando,,
2026106018,106,2026,Processo Seletivo,L14,F,17,Nossa Senhora do Socorro,S,68.4,5.4,S,1,0,Cursando,,
2026106019,106,2026,Processo Seletivo,AC,F,16,Aracaju,N,7.9,5.7,N,1,0,Cursando,,
2026106020,106,2026,Processo Seletivo,AC,F,14,Nossa Senhora do Socorro,S,34.1,7.2,N,1,0,Cursando,,
2026106021,106,2026,Processo Seletivo,AC,F,14,Aracaju,N,3.0,8.8,S,1,0,Cursando,,
2026106022,106,2026,Processo Seletivo,L6,M,15,Aracaju,S,6.1,6.5,S,1,0,Cursando,,
2026106023,106,2026,Processo Seletivo,L13,M,14,São Cristóvão,S,32.7,6.0,N,1,0,Cursando,,
2026106024,106,2026,Processo Seletivo,AC,F,17,Aracaju,N,5.1,5.3,N,1,0,Cursando,,
2026106025,106,2026,Processo Seletivo,AC,M,14,Barra dos Coqueiros,S,67.0,6.8,N,1,0,Cursando,,
2026106026,106,2026,Processo Seletivo,L14,M,14,Aracaju,S,13.0,6.3,N,1,0,Cursando,,
2026106027,106,2026,Processo Seletivo,AC,M,14,São Cristóvão,N,33.0,7.2,N,1,0,Cursando,,
2026106028,106,2026,Processo Seletivo,AC,F,14,Nossa Senhora do Socorro,N,58.2,8.1,N,1,0,Cursando,,
2026106029,106,2026,Processo Seletivo,AC,F,16,São Cristóvão,S,47.5,6.6,N,1,0,Cursando,,
2026106030,106,2026,Processo Seletivo,L2,F,15,Itaporanga d'Ajuda,S,42.1,7.2,S,1,0,Cursando,,
2026106031,106,2026,Processo Seletivo,L5,M,15,Aracaju,S,7.1,7.2,N,1,0,Cursando,,
2026106032,106,2026,Processo Seletivo,L6,F,14,Aracaju,S,4.2,6.7,N,1,0,Cursando,,
2026106033,106,2026,Processo Seletivo,AC,F,16,Aracaju,N,4.8,8.3,S,1,0,Cursando,,
2026106034,106,2026,Processo Seletivo,L10,M,15,Aracaju,S,4.0,4.4,N,1,0,Cursando,,
2026106035,106,2026,Processo Seletivo,AC,F,14,Itaporanga d'Ajuda,S,31.4,4.9,S,1,0,Cursando,,
2026106036,106,2026,Processo Seletivo,AC,F,15,Estância,N,31.1,7.6,N,1,0,Cursando,,
2026106037,106,2026,Processo Seletivo,AC,F,15,Aracaju,S,10.1,5.8,N,1,0,Cursando,,
2026106038,106,2026,Processo Seletivo,L2,F,15,Aracaju,S,6.0,7.8,N,1,0,Cursando,,
2026106039,106,2026,Processo Seletivo,L6,F,15,Aracaju,S,9.0,7.8,S,1,0,Cursando,,
2026106040,106,2026,Processo Seletivo,AC,F,14,Aracaju,S,1.5,7.9,N,1,0,Cursando,,
