id_matricula_serie,id_aluno,id_curso,ano_letivo,serie,vez_na_serie,qtd_reprovacoes,situacao_serie
1,2017101001,101,2017,1,1,0,Aprovado
2,2017101001,101,2018,2,1,0,Aprovado
3,2017101001,101,2019,3,1,2,Retido
4,2017101001,101,2020,3,2,0,Aprovado
5,2017101002,101,2017,1,1,7,Retido
6,2017101003,101,2017,1,1,3,Retido
7,2017101003,101,2018,1,2,2,Aprovado com dependência
8,2017101003,101,2019,2,1,2,Aprovado com dependência
9,2017101004,101,2017,1,1,3,Retido
10,2017101004,101,2018,1,2,2,Aprovado com dependência
11,2017101005,101,2017,1,1,8,Retido
12,2017101005,101,2018,1,2,0,Aprovado
13,2017101005,101,2019,2,1,0,Aprovado
14,2017101005,101,2020,3,1,1,Retido
15,2017101005,101,2021,3,2,0,Aprovado
16,2017101006,101,2017,1,1,0,Aprovado
17,2017101006,101,2018,2,1,0,Aprovado
18,2017101006,101,2019,3,1,0,Aprovado
19,2017101007,101,2017,1,1,1,Aprovado com dependência
20,2017101007,101,2018,2,1,0,Aprovado
21,2017101007,101,2019,3,1,0,Aprovado
22,2017101008,101,2017,1,1,1,Aprovado com dependência
23,2017101008,101,2018,2,1,1,Aprovado com dependência
24,2017101008,101,2019,3,1,0,Aprovado
25,2017101009,101,2017,1,1,0,Aprovado
26,2017101009,101,2018,2,1,0,Aprovado
27,2017101009,101,2019,3,1,0,Aprovado
28,2017101010,101,2017,1,1,0,Aprovado
29,2017101010,101,2018,2,1,0,Aprovado
30,2017101010,101,2019,3,1,0,Aprovado
31,2017101011,101,2017,1,1,2,Aprovado com dependência
32,2017101011,101,2018,2,1,4,Retido
33,2017101011,101,2019,2,2,3,Retido
34,2017101012,101,2017,1,1,13,Retido
35,2017101012,101,2018,1,2,13,Retido
36,2017101013,101,2017,1,1,1,Aprovado com dependência
37,2017101013,101,2018,2,1,1,Aprovado com dependência
38,2017101013,101,2019,3,1,3,Retido
39,2017101013,101,2020,3,2,1,Retido
40,2017101013,101,2021,3,3,0,Aprovado
41,2017101014,101,2017,1,1,1,Aprovado com dependência
42,2017101014,101,2018,2,1,1,Aprovado com dependência
43,2017101014,101,2019,3,1,0,Aprovado
44,2017101015,101,2017,1,1,1,Aprovado com dependência
45,2017101015,101,2018,2,1,0,Aprovado
46,2017101015,101,2019,3,1,0,Aprovado
47,2017101016,101,2017,1,1,0,Aprovado
48,2017101016,101,2018,2,1,0,Aprovado
49,2017101016,101,2019,3,1,0,Aprovado
50,2017101017,101,2017,1,1,0,Aprovado
51,2017101017,101,2018,2,1,0,Aprovado
52,2017101017,101,2019,3,1,0,Aprovado
53,2017101018,101,2017,1,1,0,Aprovado
54,2017101018,101,2018,2,1,0,Aprovado
55,2017101018,101,2019,3,1,0,Aprovado
56,2017101019,101,2017,1,1,5,Retido
57,2017101019,101,2018,1,2,3,Retido
58,2017101020,101,2017,1,1,7,Retido
59,2017101020,101,2018,1,2,3,Retido
60,2017101020,101,2019,1,3,5,Retido
61,2017101021,101,2017,1,1,7,Retido
62,2017101021,101,2018,1,2,,Evadido
63,2017101022,101,2017,1,1,2,Aprovado com dependência
64,2017101022,101,2018,2,1,0,Aprovado
65,2017101022,101,2019,3,1,0,Aprovado
66,2017101023,101,2017,1,1,3,Retido
67,2017101023,101,2018,1,2,0,Aprovado
68,2017101023,101,2019,2,1,9,Retido
69,2017101024,101,2017,1,1,5,Retido
70,2017101025,101,2017,1,1,0,Aprovado
71,2017101025,101,2018,2,1,0,Aprovado
72,2017101025,101,2019,3,1,0,Aprovado
73,2017101026,101,2017,1,1,0,Aprovado
74,2017101026,101,2018,2,1,0,Aprovado
75,2017101026,101,2019,3,1,2,Retido
76,2017101026,101,2020,3,2,0,Aprovado
77,2017101027,101,2017,1,1,3,Retido
78,2017101027,101,2018,1,2,1,Aprovado com dependência
79,2017101027,101,2019,2,1,3,Retido
80,2017101027,101,2020,2,2,0,Aprovado
81,2017101027,101,2021,3,1,1,Retido
82,2017101028,101,2017,1,1,1,Aprovado com dependência
83,2017101028,101,2018,2,1,3,Retido
84,2017101029,101,2017,1,1,7,Retido
85,2017101030,101,2017,1,1,1,Aprovado com dependência
86,2017101030,101,2018,2,1,3,Retido
87,2017101030,101,2019,2,2,1,Aprovado com dependência
88,2017101030,101,2020,3,1,0,Aprovado
89,2017101031,101,2017,1,1,0,Aprovado
90,2017101031,101,2018,2,1,0,Aprovado
91,2017101031,101,2019,3,1,0,Aprovado
92,2017101032,101,2017,1,1,4,Retido
93,2017101032,101,2018,1,2,1,Aprovado com dependência
94,2017101032,101,2019,2,1,3,Retido
95,2017101032,101,2020,2,2,4,Retido
96,2017101032,101,2021,2,3,2,Aprovado com dependência
97,2017101032,101,2022,3,1,4,Retido
98,2017101033,101,2017,1,1,0,Aprovado
99,2017101033,101,2018,2,1,2,Aprovado com dependência
100,2017101033,101,2019,3,1,0,Aprovado
101,2017101034,101,2017,1,1,10,Retido
102,2017101034,101,2018,1,2,1,Aprovado com dependência
103,2017101034,101,2019,2,1,1,Aprovado com dependência
104,2017101034,101,2020,3,1,0,Aprovado
105,2017101035,101,2017,1,1,3,Retido
106,2017101035,101,2018,1,2,0,Aprovado
107,2017101035,101,2019,2,1,2,Aprovado com dependência
108,2017101035,101,2020,3,1,3,Retido
109,2017101035,101,2021,3,2,1,Retido
110,2017101035,101,2022,3,3,1,Retido
111,2017101036,101,2017,1,1,1,Aprovado com dependência
112,2017101036,101,2018,2,1,0,Aprovado
113,2017101036,101,2019,3,1,1,Retido
114,2017101036,101,2020,3,2,0,Aprovado
115,2017101037,101,2017,1,1,9,Retido
116,2017101038,101,2017,1,1,0,Aprovado
117,2017101038,101,2018,2,1,0,Aprovado
118,2017101038,101,2019,3,1,0,Aprovado
119,2017101039,101,2017,1,1,0,Aprovado
120,2017101039,101,2018,2,1,2,Aprovado com dependência
121,2017101039,101,2019,3,1,1,Retido
122,2017101039,101,2020,3,2,2,Retido
123,2017101039,101,2021,3,3,2,Retido
124,2017101040,101,2017,1,1,4,Retido
125,2017101040,101,2018,1,2,4,Retido
126,2017101040,101,2019,1,3,7,Retido
127,2017101041,101,2017,1,1,1,Aprovado com dependência
128,2017101041,101,2018,2,1,1,Aprovado com dependência
129,2017101041,101,2019,3,1,0,Aprovado
130,2017101042,101,2017,1,1,1,Aprovado com dependência
131,2017101042,101,2018,2,1,0,Aprovado
132,2017101042,101,2019,3,1,0,Aprovado
133,2017101043,101,2017,1,1,0,Aprovado
134,2017101044,101,2017,1,1,0,Aprovado
135,2017101044,101,2018,2,1,0,Aprovado
136,2017101044,101,2019,3,1,0,Aprovado
137,2017101045,101,2017,1,1,0,Aprovado
138,2017101045,101,2018,2,1,0,Aprovado
139,2017101045,101,2019,3,1,0,Aprovado
140,2017101046,101,2017,1,1,0,Aprovado
141,2017101046,101,2018,2,1,0,Aprovado
142,2017101046,101,2019,3,1,0,Aprovado
143,2017102001,102,2017,1,1,0,Aprovado
144,2017102001,102,2018,2,1,0,Aprovado
145,2017102001,102,2019,3,1,0,Aprovado
146,2017102002,102,2017,1,1,0,Aprovado
147,2017102002,102,2018,2,1,0,Aprovado
148,2017102002,102,2019,3,1,0,Aprovado
149,2017102003,102,2017,1,1,5,Retido
150,2017102003,102,2018,1,2,1,Aprovado com dependência
151,2017102003,102,2019,2,1,1,Aprovado com dependência
152,2017102003,102,2020,3,1,3,Retido
153,2017102003,102,2021,3,2,3,Retido
154,2017102003,102,2022,3,3,0,Aprovado
155,2017102004,102,2017,1,1,0,Aprovado
156,2017102004,102,2018,2,1,0,Aprovado
157,2017102004,102,2019,3,1,0,Aprovado
158,2017102005,102,2017,1,1,8,Retido
159,2017102005,102,2018,1,2,,Evadido
160,2017102006,102,2017,1,1,7,Retido
161,2017102006,102,2018,1,2,6,Retido
162,2017102006,102,2019,1,3,4,Retido
163,2017102007,102,2017,1,1,0,Aprovado
164,2017102007,102,2018,2,1,0,Aprovado
165,2017102007,102,2019,3,1,0,Aprovado
166,2017102008,102,2017,1,1,2,Aprovado com dependência
167,2017102008,102,2018,2,1,0,Aprovado
168,2017102008,102,2019,3,1,2,Retido
169,2017102008,102,2020,3,2,1,Retido
170,2017102008,102,2021,3,3,0,Aprovado
171,2017102009,102,2017,1,1,2,Aprovado com dependência
172,2017102009,102,2018,2,1,4,Retido
173,2017102009,102,2019,2,2,1,Aprovado com dependência
174,2017102009,102,2020,3,1,1,Retido
175,2017102009,102,2021,3,2,0,Aprovado
176,2017102010,102,2017,1,1,0,Aprovado
177,2017102010,102,2018,2,1,0,Aprovado
178,2017102010,102,2019,3,1,1,Retido
179,2017102011,102,2017,1,1,1,Aprovado com dependência
180,2017102011,102,2018,2,1,6,Retido
181,2017102011,102,2019,2,2,3,Retido
182,2017102011,102,2020,2,3,0,Aprovado
183,2017102011,102,2021,3,1,1,Retido
184,2017102011,102,2022,3,2,0,Aprovado
185,2017102012,102,2017,1,1,2,Aprovado com dependência
186,2017102012,102,2018,2,1,0,Aprovado
187,2017102012,102,2019,3,1,2,Retido
188,2017102013,102,2017,1,1,5,Retido
189,2017102013,102,2018,1,2,0,Aprovado
190,2017102013,102,2019,2,1,0,Aprovado
191,2017102013,102,2020,3,1,2,Retido
192,2017102014,102,2017,1,1,2,Aprovado com dependência
193,2017102014,102,2018,2,1,0,Aprovado
194,2017102014,102,2019,3,1,0,Aprovado
195,2017102015,102,2017,1,1,14,Retido
196,2017102015,102,2018,1,2,11,Retido
197,2017102015,102,2019,1,3,14,Retido
198,2017102016,102,2017,1,1,0,Aprovado
199,2017102016,102,2018,2,1,0,Aprovado
200,2017102016,102,2019,3,1,0,Aprovado
201,2017102017,102,2017,1,1,0,Aprovado
202,2017102017,102,2018,2,1,1,Aprovado com dependência
203,2017102017,102,2019,3,1,1,Retido
204,2017102018,102,2017,1,1,1,Aprovado com dependência
205,2017102018,102,2018,2,1,9,Retido
206,2017102018,102,2019,2,2,1,Aprovado com dependência
207,2017102018,102,2020,3,1,0,Aprovado
208,2017102019,102,2017,1,1,4,Retido
209,2017102019,102,2018,1,2,4,Retido
210,2017102020,102,2017,1,1,0,Aprovado
211,2017102020,102,2018,2,1,2,Aprovado com dependência
212,2017102020,102,2019,3,1,2,Retido
213,2017102021,102,2017,1,1,0,Aprovado
214,2017102021,102,2018,2,1,0,Aprovado
215,2017102021,102,2019,3,1,0,Aprovado
216,2017102022,102,2017,1,1,0,Aprovado
217,2017102022,102,2018,2,1,1,Aprovado com dependência
218,2017102022,102,2019,3,1,0,Aprovado
219,2017102023,102,2017,1,1,0,Aprovado
220,2017102023,102,2018,2,1,0,Aprovado
221,2017102023,102,2019,3,1,1,Retido
222,2017102023,102,2020,3,2,0,Aprovado
223,2017102024,102,2017,1,1,1,Aprovado com dependência
224,2017102024,102,2018,2,1,6,Retido
225,2017102024,102,2019,2,2,0,Aprovado
226,2017102024,102,2020,3,1,8,Retido
227,2017102025,102,2017,1,1,5,Retido
228,2017102025,102,2018,1,2,0,Aprovado
229,2017102025,102,2019,2,1,9,Retido
230,2017102026,102,2017,1,1,5,Retido
231,2017102026,102,2018,1,2,4,Retido
232,2017102026,102,2019,1,3,4,Retido
233,2017102027,102,2017,1,1,0,Aprovado
234,2017102027,102,2018,2,1,0,Aprovado
235,2017102027,102,2019,3,1,4,Retido
236,2017102027,102,2020,3,2,0,Aprovado
237,2017102028,102,2017,1,1,4,Retido
238,2017102028,102,2018,1,2,3,Retido
239,2017102028,102,2019,1,3,3,Retido
240,2017102029,102,2017,1,1,2,Aprovado com dependência
241,2017102029,102,2018,2,1,2,Aprovado com dependência
242,2017102029,102,2019,3,1,0,Aprovado
243,2017102030,102,2017,1,1,0,Aprovado
244,2017102031,102,2017,1,1,0,Aprovado
245,2017102031,102,2018,2,1,0,Aprovado
246,2017102031,102,2019,3,1,0,Aprovado
247,2017102032,102,2017,1,1,0,Aprovado
248,2017102032,102,2018,2,1,0,Aprovado
249,2017102032,102,2019,3,1,0,Aprovado
250,2017102033,102,2017,1,1,5,Retido
251,2017102033,102,2018,1,2,4,Retido
252,2017102033,102,2019,1,3,5,Retido
253,2017102034,102,2017,1,1,4,Retido
254,2017102035,102,2017,1,1,1,Aprovado com dependência
255,2017102035,102,2018,2,1,2,Aprovado com dependência
256,2017102035,102,2019,3,1,4,Retido
257,2017102035,102,2020,3,2,12,Retido
258,2017102035,102,2021,3,3,0,Aprovado
259,2017102036,102,2017,1,1,3,Retido
260,2017102036,102,2018,1,2,2,Aprovado com dependência
261,2017102036,102,2019,2,1,4,Retido
262,2017102036,102,2020,2,2,0,Aprovado
263,2017102036,102,2021,3,1,,Evadido
264,2017102037,102,2017,1,1,0,Aprovado
265,2017102037,102,2018,2,1,1,Aprovado com dependência
266,2017102038,102,2017,1,1,8,Retido
267,2017102039,102,2017,1,1,4,Retido
268,2017102039,102,2018,1,2,4,Retido
269,2017102039,102,2019,1,3,3,Retido
270,2017102040,102,2017,1,1,3,Retido
271,2017102040,102,2018,1,2,0,Aprovado
272,2017102040,102,2019,2,1,0,Aprovado
273,2017102041,102,2017,1,1,4,Retido
274,2017102041,102,2018,1,2,2,Aprovado com dependência
275,2017102041,102,2019,2,1,2,Aprovado com dependência
276,2017102041,102,2020,3,1,1,Retido
277,2017102041,102,2021,3,2,0,Aprovado
278,2017102042,102,2017,1,1,2,Aprovado com dependência
279,2017102042,102,2018,2,1,1,Aprovado com dependência
280,2017102042,102,2019,3,1,0,Aprovado
281,2017102043,102,2017,1,1,0,Aprovado
282,2017102043,102,2018,2,1,0,Aprovado
283,2017102043,102,2019,3,1,0,Aprovado
284,2017102044,102,2017,1,1,5,Retido
285,2017102044,102,2018,1,2,5,Retido
286,2017102045,102,2017,1,1,10,Retido
287,2017102045,102,2018,1,2,0,Aprovado
288,2017102045,102,2019,2,1,4,Retido
289,2017102045,102,2020,2,2,,Evadido
290,2017102046,102,2017,1,1,1,Aprovado com dependência
291,2017103001,103,2017,1,1,0,Aprovado
292,2017103001,103,2018,2,1,0,Aprovado
293,2017103002,103,2017,1,1,0,Aprovado
294,2017103002,103,2018,2,1,0,Aprovado
295,2017103002,103,2019,3,1,0,Aprovado
296,2017103003,103,2017,1,1,0,Aprovado
297,2017103003,103,2018,2,1,0,Aprovado
298,2017103004,103,2017,1,1,3,Retido
299,2017103005,103,2017,1,1,0,Aprovado
300,2017103005,103,2018,2,1,0,Aprovado
301,2017103005,103,2019,3,1,0,Aprovado
302,2017103006,103,2017,1,1,0,Aprovado
303,2017103006,103,2018,2,1,0,Aprovado
304,2017103006,103,2019,3,1,0,Aprovado
305,2017103007,103,2017,1,1,0,Aprovado
306,2017103007,103,2018,2,1,2,Aprovado com dependência
307,2017103007,103,2019,3,1,1,Retido
308,2017103007,103,2020,3,2,0,Aprovado
309,2017103008,103,2017,1,1,,Evadido
310,2017103009,103,2017,1,1,0,Aprovado
311,2017103009,103,2018,2,1,0,Aprovado
312,2017103009,103,2019,3,1,0,Aprovado
313,2017103010,103,2017,1,1,0,Aprovado
314,2017103010,103,2018,2,1,0,Aprovado
315,2017103010,103,2019,3,1,0,Aprovado
316,2017103011,103,2017,1,1,0,Aprovado
317,2017103011,103,2018,2,1,1,Aprovado com dependência
318,2017103011,103,2019,3,1,0,Aprovado
319,2017103012,103,2017,1,1,2,Aprovado com dependência
320,2017103012,103,2018,2,1,1,Aprovado com dependência
321,2017103012,103,2019,3,1,2,Retido
322,2017103012,103,2020,3,2,3,Retido
323,2017103012,103,2021,3,3,0,Aprovado
324,2017103013,103,2017,1,1,2,Aprovado com dependência
325,2017103013,103,2018,2,1,2,Aprovado com dependência
326,2017103013,103,2019,3,1,1,Retido
327,2017103013,103,2020,3,2,0,Aprovado
328,2017103014,103,2017,1,1,2,Aprovado com dependência
329,2017103014,103,2018,2,1,0,Aprovado
330,2017103014,103,2019,3,1,3,Retido
331,2017103014,103,2020,3,2,0,Aprovado
332,2017103015,103,2017,1,1,8,Retido
333,2017103016,103,2017,1,1,0,Aprovado
334,2017103016,103,2018,2,1,0,Aprovado
335,2017103016,103,2019,3,1,0,Aprovado
336,2017103017,103,2017,1,1,12,Retido
337,2017103017,103,2018,1,2,0,Aprovado
338,2017103017,103,2019,2,1,1,Aprovado com dependência
339,2017103017,103,2020,3,1,1,Retido
340,2017103017,103,2021,3,2,0,Aprovado
341,2017103018,103,2017,1,1,1,Aprovado com dependência
342,2017103018,103,2018,2,1,0,Aprovado
343,2017103018,103,2019,3,1,0,Aprovado
344,2017103019,103,2017,1,1,0,Aprovado
345,2017103019,103,2018,2,1,1,Aprovado com dependência
346,2017103019,103,2019,3,1,0,Aprovado
347,2017103020,103,2017,1,1,2,Aprovado com dependência
348,2017103020,103,2018,2,1,1,Aprovado com dependência
349,2017103020,103,2019,3,1,3,Retido
350,2017103021,103,2017,1,1,3,Retido
351,2017103021,103,2018,1,2,2,Aprovado com dependência
352,2017103021,103,2019,2,1,1,Aprovado com dependência
353,2017103021,103,2020,3,1,0,Aprovado
354,2017103022,103,2017,1,1,0,Aprovado
355,2017103022,103,2018,2,1,2,Aprovado com dependência
356,2017103022,103,2019,3,1,0,Aprovado
357,2017103023,103,2017,1,1,0,Aprovado
358,2017103023,103,2018,2,1,0,Aprovado
359,2017103023,103,2019,3,1,0,Aprovado
360,2017103024,103,2017,1,1,0,Aprovado
361,2017103024,103,2018,2,1,0,Aprovado
362,2017103024,103,2019,3,1,0,Aprovado
363,2017103025,103,2017,1,1,1,Aprovado com dependência
364,2017103025,103,2018,2,1,2,Aprovado com dependência
365,2017103025,103,2019,3,1,5,Retido
366,2017103026,103,2017,1,1,8,Retido
367,2017103027,103,2017,1,1,3,Retido
368,2017103027,103,2018,1,2,1,Aprovado com dependência
369,2017103027,103,2019,2,1,3,Retido
370,2017103027,103,2020,2,2,3,Retido
371,2017103027,103,2021,2,3,2,Aprovado com dependência
372,2017103027,103,2022,3,1,1,Retido
373,2017103028,103,2017,1,1,2,Aprovado com dependência
374,2017103028,103,2018,2,1,5,Retido
375,2017103028,103,2019,2,2,3,Retido
376,2017103028,103,2020,2,3,2,Aprovado com dependência
377,2017103028,103,2021,3,1,,Evadido
378,2017103029,103,2017,1,1,2,Aprovado com dependência
379,2017103029,103,2018,2,1,3,Retido
380,2017103029,103,2019,2,2,0,Aprovado
381,2017103029,103,2020,3,1,0,Aprovado
382,2017103030,103,2017,1,1,0,Aprovado
383,2017103030,103,2018,2,1,0,Aprovado
384,2017103030,103,2019,3,1,0,Aprovado
385,2017103031,103,2017,1,1,0,Aprovado
386,2017103031,103,2018,2,1,0,Aprovado
387,2017103031,103,2019,3,1,0,Aprovado
388,2017103032,103,2017,1,1,0,Aprovado
389,2017103032,103,2018,2,1,2,Aprovado com dependência
390,2017103032,103,2019,3,1,0,Aprovado
391,2017103033,103,2017,1,1,0,Aprovado
392,2017103033,103,2018,2,1,0,Aprovado
393,2017103033,103,2019,3,1,0,Aprovado
394,2017103034,103,2017,1,1,3,Retido
395,2017103034,103,2018,1,2,1,Aprovado com dependência
396,2017103034,103,2019,2,1,1,Aprovado com dependência
397,2017103034,103,2020,3,1,0,Aprovado
398,2017103035,103,2017,1,1,3,Retido
399,2017103035,103,2018,1,2,1,Aprovado com dependência
400,2017103035,103,2019,2,1,1,Aprovado com dependência
401,2017103035,103,2020,3,1,1,Retido
402,2017103036,103,2017,1,1,2,Aprovado com dependência
403,2017103036,103,2018,2,1,0,Aprovado
404,2017103036,103,2019,3,1,1,Retido
405,2017103036,103,2020,3,2,0,Aprovado
406,2017103037,103,2017,1,1,4,Retido
407,2017103038,103,2017,1,1,1,Aprovado com dependência
408,2017103038,103,2018,2,1,1,Aprovado com dependência
409,2017103038,103,2019,3,1,3,Retido
410,2017103038,103,2020,3,2,1,Retido
411,2017103038,103,2021,3,3,1,Retido
412,2017103039,103,2017,1,1,0,Aprovado
413,2017103039,103,2018,2,1,0,Aprovado
414,2017103039,103,2019,3,1,0,Aprovado
415,2017103040,103,2017,1,1,2,Aprovado com dependência
416,2017103040,103,2018,2,1,2,Aprovado com dependência
417,2017103040,103,2019,3,1,8,Retido
418,2017103040,103,2020,3,2,6,Retido
419,2017103040,103,2021,3,3,7,Retido
420,2017103041,103,2017,1,1,7,Retido
421,2017103041,103,2018,1,2,8,Retido
422,2017103041,103,2019,1,3,6,Retido
423,2017103041,103,2020,1,4,6,Retido
424,2017103042,103,2017,1,1,0,Aprovado
425,2017103042,103,2018,2,1,0,Aprovado
426,2017103042,103,2019,3,1,0,Aprovado
427,2017103043,103,2017,1,1,0,Aprovado
428,2017103043,103,2018,2,1,0,Aprovado
429,2017103043,103,2019,3,1,0,Aprovado
430,2017103044,103,2017,1,1,2,Aprovado com dependência
431,2017103044,103,2018,2,1,1,Aprovado com dependência
432,2017103044,103,2019,3,1,0,Aprovado
433,2017103045,103,2017,1,1,0,Aprovado
434,2017103045,103,2018,2,1,0,Aprovado
435,2017103045,103,2019,3,1,0,Aprovado
436,2017103046,103,2017,1,1,0,Aprovado
437,2017103046,103,2018,2,1,3,Retido
438,2017103046,103,2019,2,2,7,Retido
439,2017103046,103,2020,2,3,0,Aprovado
440,2017103046,103,2021,3,1,10,Retido
441,2017103046,103,2022,3,2,0,Aprovado
442,2017104001,104,2017,1,1,0,Aprovado
443,2017104001,104,2018,2,1,0,Aprovado
444,2017104001,104,2019,3,1,0,Aprovado
445,2017104002,104,2017,1,1,,Evadido
446,2017104003,104,2017,1,1,0,Aprovado
447,2017104003,104,2018,2,1,1,Aprovado com dependência
448,2017104003,104,2019,3,1,0,Aprovado
449,2017104004,104,2017,1,1,0,Aprovado
450,2017104004,104,2018,2,1,0,Aprovado
451,2017104004,104,2019,3,1,0,Aprovado
452,2017104005,104,2017,1,1,3,Retido
453,2017104005,104,2018,1,2,0,Aprovado
454,2017104005,104,2019,2,1,1,Aprovado com dependência
455,2017104005,104,2020,3,1,0,Aprovado
456,2017104006,104,2017,1,1,0,Aprovado
457,2017104006,104,2018,2,1,1,Aprovado com dependência
458,2017104006,104,2019,3,1,0,Aprovado
459,2017104007,104,2017,1,1,1,Aprovado com dependência
460,2017104007,104,2018,2,1,0,Aprovado
461,2017104007,104,2019,3,1,0,Aprovado
462,2017104008,104,2017,1,1,6,Retido
463,2017104008,104,2018,1,2,6,Retido
464,2017104008,104,2019,1,3,7,Retido
465,2017104009,104,2017,1,1,0,Aprovado
466,2017104009,104,2018,2,1,0,Aprovado
467,2017104009,104,2019,3,1,0,Aprovado
468,2017104010,104,2017,1,1,0,Aprovado
469,2017104010,104,2018,2,1,3,Retido
470,2017104010,104,2019,2,2,0,Aprovado
471,2017104010,104,2020,3,1,0,Aprovado
472,2017104011,104,2017,1,1,0,Aprovado
473,2017104011,104,2018,2,1,0,Aprovado
474,2017104011,104,2019,3,1,0,Aprovado
475,2017104012,104,2017,1,1,0,Aprovado
476,2017104012,104,2018,2,1,0,Aprovado
477,2017104012,104,2019,3,1,0,Aprovado
478,2017104013,104,2017,1,1,0,Aprovado
479,2017104013,104,2018,2,1,0,Aprovado
480,2017104013,104,2019,3,1,0,Aprovado
481,2017104014,104,2017,1,1,0,Aprovado
482,2017104014,104,2018,2,1,0,Aprovado
483,2017104014,104,2019,3,1,1,Retido
484,2017104014,104,2020,3,2,1,Retido
485,2017104014,104,2021,3,3,0,Aprovado
486,2017104015,104,2017,1,1,0,Aprovado
487,2017104015,104,2018,2,1,2,Aprovado com dependência
488,2017104015,104,2019,3,1,0,Aprovado
489,2017104016,104,2017,1,1,0,Aprovado
490,2017104016,104,2018,2,1,0,Aprovado
491,2017104016,104,2019,3,1,0,Aprovado
492,2017104017,104,2017,1,1,1,Aprovado com dependência
493,2017104017,104,2018,2,1,0,Aprovado
494,2017104017,104,2019,3,1,0,Aprovado
495,2017104018,104,2017,1,1,0,Aprovado
496,2017104018,104,2018,2,1,0,Aprovado
497,2017104018,104,2019,3,1,0,Aprovado
498,2017104019,104,2017,1,1,0,Aprovado
499,2017104019,104,2018,2,1,0,Aprovado
500,2017104019,104,2019,3,1,0,Aprovado
501,2017104020,104,2017,1,1,0,Aprovado
502,2017104020,104,2018,2,1,0,Aprovado
503,2017104020,104,2019,3,1,0,Aprovado
504,2017104021,104,2017,1,1,0,Aprovado
505,2017104021,104,2018,2,1,4,Retido
506,2017104021,104,2019,2,2,,Evadido
507,2017104022,104,2017,1,1,3,Retido
508,2017104022,104,2018,1,2,1,Aprovado com dependência
509,2017104022,104,2019,2,1,0,Aprovado
510,2017104022,104,2020,3,1,0,Aprovado
511,2017104023,104,2017,1,1,0,Aprovado
512,2017104023,104,2018,2,1,0,Aprovado
513,2017104023,104,2019,3,1,0,Aprovado
514,2017104024,104,2017,1,1,1,Aprovado com dependência
515,2017104024,104,2018,2,1,3,Retido
516,2017104024,104,2019,2,2,1,Aprovado com dependência
517,2017104024,104,2020,3,1,1,Retido
518,2017104024,104,2021,3,2,0,Aprovado
519,2017104025,104,2017,1,1,0,Aprovado
520,2017104025,104,2018,2,1,0,Aprovado
521,2017104025,104,2019,3,1,0,Aprovado
522,2017104026,104,2017,1,1,5,Retido
523,2017104026,104,2018,1,2,2,Aprovado com dependência
524,2017104026,104,2019,2,1,2,Aprovado com dependência
525,2017104026,104,2020,3,1,2,Retido
526,2017104026,104,2021,3,2,1,Retido
527,2017104027,104,2017,1,1,0,Aprovado
528,2017104027,104,2018,2,1,0,Aprovado
529,2017104027,104,2019,3,1,0,Aprovado
530,2017104028,104,2017,1,1,1,Aprovado com dependência
531,2017104028,104,2018,2,1,0,Aprovado
532,2017104028,104,2019,3,1,0,Aprovado
533,2017104029,104,2017,1,1,3,Retido
534,2017104029,104,2018,1,2,2,Aprovado com dependência
535,2017104029,104,2019,2,1,3,Retido
536,2017104029,104,2020,2,2,0,Aprovado
537,2017104029,104,2021,3,1,0,Aprovado
538,2017104030,104,2017,1,1,,Evadido
539,2017104031,104,2017,1,1,2,Aprovado com dependência
540,2017104031,104,2018,2,1,0,Aprovado
541,2017104031,104,2019,3,1,0,Aprovado
542,2017104032,104,2017,1,1,12,Retido
543,2017104032,104,2018,1,2,4,Retido
544,2017104032,104,2019,1,3,4,Retido
545,2017104033,104,2017,1,1,0,Aprovado
546,2017104033,104,2018,2,1,0,Aprovado
547,2017104033,104,2019,3,1,0,Aprovado
548,2017104034,104,2017,1,1,0,Aprovado
549,2017104034,104,2018,2,1,0,Aprovado
550,2017104034,104,2019,3,1,0,Aprovado
551,2017104035,104,2017,1,1,0,Aprovado
552,2017104035,104,2018,2,1,0,Aprovado
553,2017104035,104,2019,3,1,0,Aprovado
554,2017104036,104,2017,1,1,1,Aprovado com dependência
555,2017104036,104,2018,2,1,3,Retido
556,2017104036,104,2019,2,2,0,Aprovado
557,2017104036,104,2020,3,1,1,Retido
558,2017104036,104,2021,3,2,1,Retido
559,2017104037,104,2017,1,1,1,Aprovado com dependência
560,2017104037,104,2018,2,1,,Evadido
561,2017104038,104,2017,1,1,0,Aprovado
562,2017104038,104,2018,2,1,0,Aprovado
563,2017104038,104,2019,3,1,0,Aprovado
564,2017104039,104,2017,1,1,0,Aprovado
565,2017104039,104,2018,2,1,2,Aprovado com dependência
566,2017104039,104,2019,3,1,2,Retido
567,2017104039,104,2020,3,2,0,Aprovado
568,2017104040,104,2017,1,1,3,Retido
569,2017104040,104,2018,1,2,4,Retido
570,2017104040,104,2019,1,3,4,Retido
571,2017104041,104,2017,1,1,0,Aprovado
572,2017104041,104,2018,2,1,6,Retido
573,2017104041,104,2019,2,2,0,Aprovado
574,2017104041,104,2020,3,1,0,Aprovado
575,2017104042,104,2017,1,1,0,Aprovado
576,2017104042,104,2018,2,1,0,Aprovado
577,2017104042,104,2019,3,1,0,Aprovado
578,2017104043,104,2017,1,1,0,Aprovado
579,2017104044,104,2017,1,1,2,Aprovado com dependência
580,2017104044,104,2018,2,1,1,Aprovado com dependência
581,2017104044,104,2019,3,1,1,Retido
582,2017104044,104,2020,3,2,0,Aprovado
583,2017104045,104,2017,1,1,0,Aprovado
584,2017104045,104,2018,2,1,0,Aprovado
585,2017104045,104,2019,3,1,0,Aprovado
586,2017104046,104,2017,1,1,0,Aprovado
587,2017104046,104,2018,2,1,1,Aprovado com dependência
588,2017104046,104,2019,3,1,0,Aprovado
589,2017105001,105,2017,1,1,7,Retido
590,2017105001,105,2018,1,2,2,Aprovado com dependência
591,2017105001,105,2019,2,1,3,Retido
592,2017105002,105,2017,1,1,,Evadido
593,2017105003,105,2017,1,1,12,Retido
594,2017105003,105,2018,1,2,0,Aprovado
595,2017105003,105,2019,2,1,0,Aprovado
596,2017105003,105,2020,3,1,4,Retido
597,2017105003,105,2021,3,2,5,Retido
598,2017105004,105,2017,1,1,5,Retido
599,2017105004,105,2018,1,2,0,Aprovado
600,2017105004,105,2019,2,1,11,Retido
601,2017105005,105,2017,1,1,0,Aprovado
602,2017105005,105,2018,2,1,0,Aprovado
603,2017105005,105,2019,3,1,0,Aprovado
604,2017105006,105,2017,1,1,1,Aprovado com dependência
605,2017105006,105,2018,2,1,3,Retido
606,2017105006,105,2019,2,2,,Evadido
607,2017105007,105,2017,1,1,0,Aprovado
608,2017105007,105,2018,2,1,0,Aprovado
609,2017105007,105,2019,3,1,0,Aprovado
610,2017105008,105,2017,1,1,3,Retido
611,2017105008,105,2018,1,2,6,Retido
612,2017105009,105,2017,1,1,0,Aprovado
613,2017105009,105,2018,2,1,1,Aprovado com dependência
614,2017105009,105,2019,3,1,0,Aprovado
615,2017105010,105,2017,1,1,4,Retido
616,2017105010,105,2018,1,2,0,Aprovado
617,2017105010,105,2019,2,1,0,Aprovado
618,2017105010,105,2020,3,1,0,Aprovado
619,2017105011,105,2017,1,1,7,Retido
620,2017105011,105,2018,1,2,13,Retido
621,2017105011,105,2019,1,3,12,Retido
622,2017105012,105,2017,1,1,0,Aprovado
623,2017105012,105,2018,2,1,1,Aprovado com dependência
624,2017105012,105,2019,3,1,0,Aprovado
625,2017105013,105,2017,1,1,0,Aprovado
626,2017105013,105,2018,2,1,0,Aprovado
627,2017105013,105,2019,3,1,0,Aprovado
628,2017105014,105,2017,1,1,3,Retido
629,2017105014,105,2018,1,2,0,Aprovado
630,2017105014,105,2019,2,1,0,Aprovado
631,2017105014,105,2020,3,1,0,Aprovado
632,2017105015,105,2017,1,1,0,Aprovado
633,2017105015,105,2018,2,1,0,Aprovado
634,2017105015,105,2019,3,1,0,Aprovado
635,2017105016,105,2017,1,1,1,Aprovado com dependência
636,2017105016,105,2018,2,1,0,Aprovado
637,2017105016,105,2019,3,1,0,Aprovado
638,2017105017,105,2017,1,1,0,Aprovado
639,2017105017,105,2018,2,1,0,Aprovado
640,2017105017,105,2019,3,1,0,Aprovado
641,2017105018,105,2017,1,1,0,Aprovado
642,2017105018,105,2018,2,1,0,Aprovado
643,2017105018,105,2019,3,1,1,Retido
644,2017105018,105,2020,3,2,0,Aprovado
645,2017105019,105,2017,1,1,3,Retido
646,2017105019,105,2018,1,2,3,Retido
647,2017105019,105,2019,1,3,3,Retido
648,2017105019,105,2020,1,4,2,Aprovado com dependência
649,2017105019,105,2021,2,1,2,Aprovado com dependência
650,2017105019,105,2022,3,1,3,Retido
651,2017105020,105,2017,1,1,0,Aprovado
652,2017105020,105,2018,2,1,0,Aprovado
653,2017105020,105,2019,3,1,0,Aprovado
654,2017105021,105,2017,1,1,1,Aprovado com dependência
655,2017105021,105,2018,2,1,1,Aprovado com dependência
656,2017105021,105,2019,3,1,2,Retido
657,2017105021,105,2020,3,2,0,Aprovado
658,2017105022,105,2017,1,1,,Evadido
659,2017105023,105,2017,1,1,0,Aprovado
660,2017105023,105,2018,2,1,1,Aprovado com dependência
661,2017105023,105,2019,3,1,0,Aprovado
662,2017105024,105,2017,1,1,1,Aprovado com dependência
663,2017105024,105,2018,2,1,5,Retido
664,2017105024,105,2019,2,2,0,Aprovado
665,2017105024,105,2020,3,1,0,Aprovado
666,2017105025,105,2017,1,1,0,Aprovado
667,2017105025,105,2018,2,1,0,Aprovado
668,2017105025,105,2019,3,1,0,Aprovado
669,2017105026,105,2017,1,1,0,Aprovado
670,2017105026,105,2018,2,1,0,Aprovado
671,2017105026,105,2019,3,1,0,Aprovado
672,2017105027,105,2017,1,1,2,Aprovado com dependência
673,2017105027,105,2018,2,1,1,Aprovado com dependência
674,2017105027,105,2019,3,1,2,Retido
675,2017105028,105,2017,1,1,2,Aprovado com dependência
676,2017105028,105,2018,2,1,3,Retido
677,2017105028,105,2019,2,2,5,Retido
678,2017105029,105,2017,1,1,3,Retido
679,2017105029,105,2018,1,2,1,Aprovado com dependência
680,2017105029,105,2019,2,1,3,Retido
681,2017105030,105,2017,1,1,,Evadido
682,2017105031,105,2017,1,1,1,Aprovado com dependência
683,2017105031,105,2018,2,1,0,Aprovado
684,2017105031,105,2019,3,1,10,Retido
685,2017105031,105,2020,3,2,0,Aprovado
686,2017105032,105,2017,1,1,0,Aprovado
687,2017105032,105,2018,2,1,0,Aprovado
688,2017105032,105,2019,3,1,0,Aprovado
689,2017105033,105,2017,1,1,0,Aprovado
690,2017105033,105,2018,2,1,0,Aprovado
691,2017105033,105,2019,3,1,4,Retido
692,2017105033,105,2020,3,2,0,Aprovado
693,2017105034,105,2017,1,1,0,Aprovado
694,2017105034,105,2018,2,1,0,Aprovado
695,2017105034,105,2019,3,1,2,Retido
696,2017105034,105,2020,3,2,0,Aprovado
697,2017105035,105,2017,1,1,0,Aprovado
698,2017105035,105,2018,2,1,0,Aprovado
699,2017105035,105,2019,3,1,0,Aprovado
700,2017105036,105,2017,1,1,1,Aprovado com dependência
701,2017105036,105,2018,2,1,1,Aprovado com dependência
702,2017105036,105,2019,3,1,3,Retido
703,2017105036,105,2020,3,2,2,Retido
704,2017105036,105,2021,3,3,4,Retido
705,2017105037,105,2017,1,1,4,Retido
706,2017105037,105,2018,1,2,1,Aprovado com dependência
707,2017105037,105,2019,2,1,0,Aprovado
708,2017105037,105,2020,3,1,1,Retido
709,2017105037,105,2021,3,2,0,Aprovado
710,2017105038,105,2017,1,1,3,Retido
711,2017105039,105,2017,1,1,3,Retido
712,2017105039,105,2018,1,2,0,Aprovado
713,2017105039,105,2019,2,1,0,Aprovado
714,2017105039,105,2020,3,1,1,Retido
715,2017105039,105,2021,3,2,0,Aprovado
716,2017105040,105,2017,1,1,1,Aprovado com dependência
717,2017105040,105,2018,2,1,1,Aprovado com dependência
718,2017105040,105,2019,3,1,0,Aprovado
719,2017105041,105,2017,1,1,0,Aprovado
720,2017105041,105,2018,2,1,0,Aprovado
721,2017105041,105,2019,3,1,1,Retido
722,2017105041,105,2020,3,2,0,Aprovado
723,2017106001,106,2017,1,1,0,Aprovado
724,2017106001,106,2018,2,1,0,Aprovado
725,2017106001,106,2019,3,1,0,Aprovado
726,2017106002,106,2017,1,1,1,Aprovado com dependência
727,2017106002,106,2018,2,1,1,Aprovado com dependência
728,2017106002,106,2019,3,1,0,Aprovado
729,2017106003,106,2017,1,1,0,Aprovado
730,2017106003,106,2018,2,1,2,Aprovado com dependência
731,2017106003,106,2019,3,1,0,Aprovado
732,2017106004,106,2017,1,1,0,Aprovado
733,2017106004,106,2018,2,1,0,Aprovado
734,2017106004,106,2019,3,1,0,Aprovado
735,2017106005,106,2017,1,1,0,Aprovado
736,2017106005,106,2018,2,1,0,Aprovado
737,2017106005,106,2019,3,1,0,Aprovado
738,2017106006,106,2017,1,1,6,Retido
739,2017106006,106,2018,1,2,2,Aprovado com dependência
740,2017106006,106,2019,2,1,3,Retido
741,2017106006,106,2020,2,2,1,Aprovado com dependência
742,2017106006,106,2021,3,1,4,Retido
743,2017106006,106,2022,3,2,1,Retido
744,2017106007,106,2017,1,1,,Evadido
745,2017106008,106,2017,1,1,0,Aprovado
746,2017106008,106,2018,2,1,0,Aprovado
747,2017106008,106,2019,3,1,0,Aprovado
748,2017106009,106,2017,1,1,1,Aprovado com dependência
749,2017106009,106,2018,2,1,0,Aprovado
750,2017106009,106,2019,3,1,0,Aprovado
751,2017106010,106,2017,1,1,0,Aprovado
752,2017106010,106,2018,2,1,1,Aprovado com dependência
753,2017106010,106,2019,3,1,0,Aprovado
754,2017106011,106,2017,1,1,0,Aprovado
755,2017106011,106,2018,2,1,3,Retido
756,2017106011,106,2019,2,2,0,Aprovado
757,2017106011,106,2020,3,1,3,Retido
758,2017106011,106,2021,3,2,0,Aprovado
759,2017106012,106,2017,1,1,0,Aprovado
760,2017106012,106,2018,2,1,1,Aprovado com dependência
761,2017106012,106,2019,3,1,1,Retido
762,2017106013,106,2017,1,1,0,Aprovado
763,2017106013,106,2018,2,1,0,Aprovado
764,2017106013,106,2019,3,1,0,Aprovado
765,2017106014,106,2017,1,1,0,Aprovado
766,2017106014,106,2018,2,1,5,Retido
767,2017106014,106,2019,2,2,0,Aprovado
768,2017106014,106,2020,3,1,0,Aprovado
769,2017106015,106,2017,1,1,0,Aprovado
770,2017106015,106,2018,2,1,3,Retido
771,2017106015,106,2019,2,2,0,Aprovado
772,2017106015,106,2020,3,1,0,Aprovado
773,2017106016,106,2017,1,1,0,Aprovado
774,2017106016,106,2018,2,1,0,Aprovado
775,2017106016,106,2019,3,1,0,Aprovado
776,2017106017,106,2017,1,1,0,Aprovado
777,2017106017,106,2018,2,1,0,Aprovado
778,2017106017,106,2019,3,1,0,Aprovado
779,2017106018,106,2017,1,1,0,Aprovado
780,2017106018,106,2018,2,1,0,Aprovado
781,2017106018,106,2019,3,1,0,Aprovado
782,2017106019,106,2017,1,1,1,Aprovado com dependência
783,2017106019,106,2018,2,1,0,Aprovado
784,2017106019,106,2019,3,1,0,Aprovado
785,2017106020,106,2017,1,1,0,Aprovado
786,2017106020,106,2018,2,1,0,Aprovado
787,2017106020,106,2019,3,1,0,Aprovado
788,2017106021,106,2017,1,1,0,Aprovado
789,2017106021,106,2018,2,1,0,Aprovado
790,2017106021,106,2019,3,1,0,Aprovado
791,2017106022,106,2017,1,1,0,Aprovado
792,2017106022,106,2018,2,1,0,Aprovado
793,2017106022,106,2019,3,1,0,Aprovado
794,2017106023,106,2017,1,1,0,Aprovado
795,2017106023,106,2018,2,1,0,Aprovado
796,2017106023,106,2019,3,1,0,Aprovado
797,2017106024,106,2017,1,1,7,Retido
798,2017106024,106,2018,1,2,0,Aprovado
799,2017106024,106,2019,2,1,1,Aprovado com dependência
800,2017106024,106,2020,3,1,9,Retido
801,2017106024,106,2021,3,2,4,Retido
802,2017106025,106,2017,1,1,1,Aprovado com dependência
803,2017106025,106,2018,2,1,5,Retido
804,2017106025,106,2019,2,2,2,Aprovado com dependência
805,2017106026,106,2017,1,1,0,Aprovado
806,2017106026,106,2018,2,1,0,Aprovado
807,2017106026,106,2019,3,1,0,Aprovado
808,2017106027,106,2017,1,1,0,Aprovado
809,2017106027,106,2018,2,1,0,Aprovado
810,2017106027,106,2019,3,1,0,Aprovado
811,2017106028,106,2017,1,1,0,Aprovado
812,2017106028,106,2018,2,1,0,Aprovado
813,2017106028,106,2019,3,1,0,Aprovado
814,2017106029,106,2017,1,1,0,Aprovado
815,2017106029,106,2018,2,1,0,Aprovado
816,2017106029,106,2019,3,1,0,Aprovado
817,2017106030,106,2017,1,1,0,Aprovado
818,2017106030,106,2018,2,1,0,Aprovado
819,2017106030,106,2019,3,1,0,Aprovado
820,2017106031,106,2017,1,1,1,Aprovado com dependência
821,2017106031,106,2018,2,1,0,Aprovado
822,2017106031,106,2019,3,1,0,Aprovado
823,2017106032,106,2017,1,1,0,Aprovado
824,2017106032,106,2018,2,1,0,Aprovado
825,2017106032,106,2019,3,1,0,Aprovado
826,2017106033,106,2017,1,1,0,Aprovado
827,2017106033,106,2018,2,1,0,Aprovado
828,2017106033,106,2019,3,1,0,Aprovado
829,2017106034,106,2017,1,1,0,Aprovado
830,2017106034,106,2018,2,1,0,Aprovado
831,2017106034,106,2019,3,1,2,Retido
832,2017106034,106,2020,3,2,1,Retido
833,2017106034,106,2021,3,3,0,Aprovado
834,2017106035,106,2017,1,1,3,Retido
835,2017106035,106,2018,1,2,7,Retido
836,2017106035,106,2019,1,3,,Evadido
837,2017106036,106,2017,1,1,0,Aprovado
838,2017106036,106,2018,2,1,0,Aprovado
839,2017106036,106,2019,3,1,3,Retido
840,2017106036,106,2020,3,2,6,Retido
841,2017106036,106,2021,3,3,0,Aprovado
842,2017106037,106,2017,1,1,0,Aprovado
843,2017106037,106,2018,2,1,5,Retido
844,2017106037,106,2019,2,2,6,Retido
845,2017106038,106,2017,1,1,0,Aprovado
846,2017106038,106,2018,2,1,0,Aprovado
847,2017106038,106,2019,3,1,0,Aprovado
848,2017106039,106,2017,1,1,1,Aprovado com dependência
849,2017106039,106,2018,2,1,0,Aprovado
850,2017106039,106,2019,3,1,0,Aprovado
851,2017106040,106,2017,1,1,0,Aprovado
852,2017106040,106,2018,2,1,2,Aprovado com dependência
853,2017106040,106,2019,3,1,0,Aprovado
854,2017106041,106,2017,1,1,2,Aprovado com dependência
855,2017106041,106,2018,2,1,0,Aprovado
856,2017106041,106,2019,3,1,1,Retido
857,2018101001,101,2018,1,1,4,Retido
858,2018101001,101,2019,1,2,4,Retido
859,2018101001,101,2020,1,3,2,Aprovado com dependência
860,2018101001,101,2021,2,1,5,Retido
861,2018101001,101,2022,2,2,3,Retido
862,2018101001,101,2023,2,3,1,Aprovado com dependência
863,2018101001,101,2024,3,1,2,Retido
864,2018101002,101,2018,1,1,0,Aprovado
865,2018101002,101,2019,2,1,0,Aprovado
866,2018101002,101,2020,3,1,0,Aprovado
867,2018101003,101,2018,1,1,0,Aprovado
868,2018101003,101,2019,2,1,0,Aprovado
869,2018101003,101,2020,3,1,0,Aprovado
870,2018101004,101,2018,1,1,0,Aprovado
871,2018101004,101,2019,2,1,0,Aprovado
872,2018101004,101,2020,3,1,1,Retido
873,2018101005,101,2018,1,1,0,Aprovado
874,2018101005,101,2019,2,1,1,Aprovado com dependência
875,2018101005,101,2020,3,1,0,Aprovado
876,2018101006,101,2018,1,1,0,Aprovado
877,2018101006,101,2019,2,1,1,Aprovado com dependência
878,2018101006,101,2020,3,1,1,Retido
879,2018101006,101,2021,3,2,0,Aprovado
880,2018101007,101,2018,1,1,1,Aprovado com dependência
881,2018101007,101,2019,2,1,0,Aprovado
882,2018101007,101,2020,3,1,0,Aprovado
883,2018101008,101,2018,1,1,0,Aprovado
884,2018101008,101,2019,2,1,0,Aprovado
885,2018101008,101,2020,3,1,0,Aprovado
886,2018101009,101,2018,1,1,3,Retido
887,2018101010,101,2018,1,1,3,Retido
888,2018101010,101,2019,1,2,3,Retido
889,2018101011,101,2018,1,1,3,Retido
890,2018101011,101,2019,1,2,0,Aprovado
891,2018101011,101,2020,2,1,3,Retido
892,2018101012,101,2018,1,1,1,Aprovado com dependência
893,2018101012,101,2019,2,1,0,Aprovado
894,2018101012,101,2020,3,1,0,Aprovado
895,2018101013,101,2018,1,1,2,Aprovado com dependência
896,2018101013,101,2019,2,1,1,Aprovado com dependência
897,2018101013,101,2020,3,1,4,Retido
898,2018101013,101,2021,3,2,1,Retido
899,2018101014,101,2018,1,1,,Evadido
900,2018101015,101,2018,1,1,0,Aprovado
901,2018101015,101,2019,2,1,1,Aprovado com dependência
902,2018101015,101,2020,3,1,0,Aprovado
903,2018101016,101,2018,1,1,2,Aprovado com dependência
904,2018101016,101,2019,2,1,2,Aprovado com dependência
905,2018101016,101,2020,3,1,0,Aprovado
906,2018101017,101,2018,1,1,1,Aprovado com dependência
907,2018101017,101,2019,2,1,8,Retido
908,2018101017,101,2020,2,2,13,Retido
909,2018101018,101,2018,1,1,,Evadido
910,2018101019,101,2018,1,1,0,Aprovado
911,2018101019,101,2019,2,1,,Evadido
912,2018101020,101,2018,1,1,2,Aprovado com dependência
913,2018101020,101,2019,2,1,1,Aprovado com dependência
914,2018101020,101,2020,3,1,1,Retido
915,2018101020,101,2021,3,2,1,Retido
916,2018101020,101,2022,3,3,1,Retido
917,2018101020,101,2023,3,4,0,Aprovado
918,2018101021,101,2018,1,1,0,Aprovado
919,2018101021,101,2019,2,1,0,Aprovado
920,2018101021,101,2020,3,1,0,Aprovado
921,2018101022,101,2018,1,1,3,Retido
922,2018101022,101,2019,1,2,1,Aprovado com dependência
923,2018101022,101,2020,2,1,1,Aprovado com dependência
924,2018101022,101,2021,3,1,1,Retido
925,2018101022,101,2022,3,2,0,Aprovado
926,2018101023,101,2018,1,1,8,Retido
927,2018101023,101,2019,1,2,0,Aprovado
928,2018101023,101,2020,2,1,11,Retido
929,2018101023,101,2021,2,2,,Evadido
930,2018101024,101,2018,1,1,12,Retido
931,2018101024,101,2019,1,2,1,Aprovado com dependência
932,2018101024,101,2020,2,1,0,Aprovado
933,2018101024,101,2021,3,1,9,Retido
934,2018101024,101,2022,3,2,5,Retido
935,2018101025,101,2018,1,1,4,Retido
936,2018101025,101,2019,1,2,2,Aprovado com dependência
937,2018101025,101,2020,2,1,0,Aprovado
938,2018101026,101,2018,1,1,3,Retido
939,2018101026,101,2019,1,2,12,Retido
940,2018101026,101,2020,1,3,11,Retido
941,2018101027,101,2018,1,1,6,Retido
942,2018101028,101,2018,1,1,0,Aprovado
943,2018101028,101,2019,2,1,3,Retido
944,2018101028,101,2020,2,2,2,Aprovado com dependência
945,2018101028,101,2021,3,1,0,Aprovado
946,2018101029,101,2018,1,1,0,Aprovado
947,2018101030,101,2018,1,1,0,Aprovado
948,2018101030,101,2019,2,1,0,Aprovado
949,2018101030,101,2020,3,1,0,Aprovado
950,2018101031,101,2018,1,1,,Evadido
951,2018101032,101,2018,1,1,1,Aprovado com dependência
952,2018101032,101,2019,2,1,1,Aprovado com dependência
953,2018101032,101,2020,3,1,3,Retido
954,2018101033,101,2018,1,1,7,Retido
955,2018101033,101,2019,1,2,10,Retido
956,2018101034,101,2018,1,1,1,Aprovado com dependência
957,2018101034,101,2019,2,1,0,Aprovado
958,2018101034,101,2020,3,1,0,Aprovado
959,2018101035,101,2018,1,1,0,Aprovado
960,2018101035,101,2019,2,1,1,Aprovado com dependência
961,2018101035,101,2020,3,1,1,Retido
962,2018101035,101,2021,3,2,2,Retido
963,2018101035,101,2022,3,3,0,Aprovado
964,2018101036,101,2018,1,1,0,Aprovado
965,2018101036,101,2019,2,1,0,Aprovado
966,2018101036,101,2020,3,1,0,Aprovado
967,2018101037,101,2018,1,1,0,Aprovado
968,2018101037,101,2019,2,1,3,Retido
969,2018101038,101,2018,1,1,11,Retido
970,2018101038,101,2019,1,2,6,Retido
971,2018101038,101,2020,1,3,3,Retido
972,2018101039,101,2018,1,1,,Evadido
973,2018101040,101,2018,1,1,1,Aprovado com dependência
974,2018101040,101,2019,2,1,0,Aprovado
975,2018101040,101,2020,3,1,1,Retido
976,2018101041,101,2018,1,1,1,Aprovado com dependência
977,2018101041,101,2019,2,1,0,Aprovado
978,2018101041,101,2020,3,1,0,Aprovado
979,2018101042,101,2018,1,1,4,Retido
980,2018101042,101,2019,1,2,1,Aprovado com dependência
981,2018101042,101,2020,2,1,3,Retido
982,2018101043,101,2018,1,1,3,Retido
983,2018101043,101,2019,1,2,3,Retido
984,2018101043,101,2020,1,3,1,Aprovado com dependência
985,2018101043,101,2021,2,1,4,Retido
986,2018101044,101,2018,1,1,0,Aprovado
987,2018101044,101,2019,2,1,0,Aprovado
988,2018101044,101,2020,3,1,3,Retido
989,2018101044,101,2021,3,2,0,Aprovado
990,2018101045,101,2018,1,1,2,Aprovado com dependência
991,2018101045,101,2019,2,1,,Evadido
992,2018102001,102,2018,1,1,7,Retido
993,2018102001,102,2019,1,2,6,Retido
994,2018102002,102,2018,1,1,0,Aprovado
995,2018102002,102,2019,2,1,0,Aprovado
996,2018102002,102,2020,3,1,0,Aprovado
997,2018102003,102,2018,1,1,3,Retido
998,2018102003,102,2019,1,2,0,Aprovado
999,2018102003,102,2020,2,1,0,Aprovado
1000,2018102003,102,2021,3,1,0,Aprovado
1001,2018102004,102,2018,1,1,3,Retido
1002,2018102004,102,2019,1,2,3,Retido
1003,2018102005,102,2018,1,1,2,Aprovado com dependência
1004,2018102005,102,2019,2,1,4,Retido
1005,2018102006,102,2018,1,1,,Evadido
1006,2018102007,102,2018,1,1,8,Retido
1007,2018102007,102,2019,1,2,0,Aprovado
1008,2018102007,102,2020,2,1,12,Retido
1009,2018102008,102,2018,1,1,1,Aprovado com dependência
1010,2018102008,102,2019,2,1,0,Aprovado
1011,2018102008,102,2020,3,1,0,Aprovado
1012,2018102009,102,2018,1,1,0,Aprovado
1013,2018102009,102,2019,2,1,0,Aprovado
1014,2018102009,102,2020,3,1,0,Aprovado
1015,2018102010,102,2018,1,1,0,Aprovado
1016,2018102010,102,2019,2,1,0,Aprovado
1017,2018102010,102,2020,3,1,0,Aprovado
1018,2018102011,102,2018,1,1,0,Aprovado
1019,2018102011,102,2019,2,1,0,Aprovado
1020,2018102011,102,2020,3,1,0,Aprovado
1021,2018102012,102,2018,1,1,8,Retido
1022,2018102012,102,2019,1,2,0,Aprovado
1023,2018102012,102,2020,2,1,2,Aprovado com dependência
1024,2018102012,102,2021,3,1,0,Aprovado
1025,2018102013,102,2018,1,1,1,Aprovado com dependência
1026,2018102013,102,2019,2,1,2,Aprovado com dependência
1027,2018102013,102,2020,3,1,0,Aprovado
1028,2018102014,102,2018,1,1,0,Aprovado
1029,2018102014,102,2019,2,1,0,Aprovado
1030,2018102014,102,2020,3,1,0,Aprovado
1031,2018102015,102,2018,1,1,0,Aprovado
1032,2018102015,102,2019,2,1,0,Aprovado
1033,2018102015,102,2020,3,1,0,Aprovado
1034,2018102016,102,2018,1,1,2,Aprovado com dependência
1035,2018102016,102,2019,2,1,0,Aprovado
1036,2018102016,102,2020,3,1,0,Aprovado
1037,2018102017,102,2018,1,1,3,Retido
1038,2018102017,102,2019,1,2,0,Aprovado
1039,2018102017,102,2020,2,1,0,Aprovado
1040,2018102017,102,2021,3,1,0,Aprovado
1041,2018102018,102,2018,1,1,0,Aprovado
1042,2018102018,102,2019,2,1,0,Aprovado
1043,2018102018,102,2020,3,1,0,Aprovado
1044,2018102019,102,2018,1,1,0,Aprovado
1045,2018102019,102,2019,2,1,0,Aprovado
1046,2018102019,102,2020,3,1,0,Aprovado
1047,2018102020,102,2018,1,1,1,Aprovado com dependência
1048,2018102020,102,2019,2,1,4,Retido
1049,2018102020,102,2020,2,2,4,Retido
1050,2018102020,102,2021,2,3,2,Aprovado com dependência
1051,2018102021,102,2018,1,1,4,Retido
1052,2018102021,102,2019,1,2,4,Retido
1053,2018102021,102,2020,1,3,2,Aprovado com dependência
1054,2018102021,102,2021,2,1,3,Retido
1055,2018102021,102,2022,2,2,0,Aprovado
1056,2018102021,102,2023,3,1,2,Retido
1057,2018102022,102,2018,1,1,4,Retido
1058,2018102023,102,2018,1,1,3,Retido
1059,2018102023,102,2019,1,2,0,Aprovado
1060,2018102023,102,2020,2,1,0,Aprovado
1061,2018102023,102,2021,3,1,0,Aprovado
1062,2018102024,102,2018,1,1,0,Aprovado
1063,2018102024,102,2019,2,1,0,Aprovado
1064,2018102024,102,2020,3,1,0,Aprovado
1065,2018102025,102,2018,1,1,2,Aprovado com dependência
1066,2018102025,102,2019,2,1,3,Retido
1067,2018102025,102,2020,2,2,2,Aprovado com dependência
1068,2018102025,102,2021,3,1,3,Retido
1069,2018102025,102,2022,3,2,1,Retido
1070,2018102026,102,2018,1,1,4,Retido
1071,2018102026,102,2019,1,2,2,Aprovado com dependência
1072,2018102026,102,2020,2,1,2,Aprovado com dependência
1073,2018102026,102,2021,3,1,4,Retido
1074,2018102027,102,2018,1,1,4,Retido
1075,2018102027,102,2019,1,2,1,Aprovado com dependência
1076,2018102027,102,2020,2,1,2,Aprovado com dependência
1077,2018102028,102,2018,1,1,0,Aprovado
1078,2018102028,102,2019,2,1,0,Aprovado
1079,2018102028,102,2020,3,1,0,Aprovado
1080,2018102029,102,2018,1,1,,Evadido
1081,2018102030,102,2018,1,1,2,Aprovado com dependência
1082,2018102030,102,2019,2,1,2,Aprovado com dependência
1083,2018102031,102,2018,1,1,0,Aprovado
1084,2018102031,102,2019,2,1,0,Aprovado
1085,2018102031,102,2020,3,1,0,Aprovado
1086,2018102032,102,2018,1,1,2,Aprovado com dependência
1087,2018102032,102,2019,2,1,3,Retido
1088,2018102033,102,2018,1,1,3,Retido
1089,2018102033,102,2019,1,2,2,Aprovado com dependência
1090,2018102033,102,2020,2,1,0,Aprovado
1091,2018102033,102,2021,3,1,2,Retido
1092,2018102033,102,2022,3,2,0,Aprovado
1093,2018102034,102,2018,1,1,0,Aprovado
1094,2018102034,102,2019,2,1,0,Aprovado
1095,2018102034,102,2020,3,1,2,Retido
1096,2018102034,102,2021,3,2,0,Aprovado
1097,2018102035,102,2018,1,1,8,Retido
1098,2018102035,102,2019,1,2,4,Retido
1099,2018102036,102,2018,1,1,1,Aprovado com dependência
1100,2018102036,102,2019,2,1,0,Aprovado
1101,2018102036,102,2020,3,1,2,Retido
1102,2018102036,102,2021,3,2,1,Retido
1103,2018102036,102,2022,3,3,4,Retido
1104,2018102037,102,2018,1,1,4,Retido
1105,2018102038,102,2018,1,1,1,Aprovado com dependência
1106,2018102038,102,2019,2,1,0,Aprovado
1107,2018102038,102,2020,3,1,2,Retido
1108,2018102039,102,2018,1,1,0,Aprovado
1109,2018102040,102,2018,1,1,0,Aprovado
1110,2018102040,102,2019,2,1,0,Aprovado
1111,2018102040,102,2020,3,1,0,Aprovado
1112,2018102041,102,2018,1,1,0,Aprovado
1113,2018102041,102,2019,2,1,7,Retido
1114,2018102041,102,2020,2,2,0,Aprovado
1115,2018102042,102,2018,1,1,0,Aprovado
1116,2018102042,102,2019,2,1,0,Aprovado
1117,2018102042,102,2020,3,1,0,Aprovado
1118,2018102043,102,2018,1,1,1,Aprovado com dependência
1119,2018102044,102,2018,1,1,0,Aprovado
1120,2018102044,102,2019,2,1,0,Aprovado
1121,2018102044,102,2020,3,1,1,Retido
1122,2018102045,102,2018,1,1,2,Aprovado com dependência
1123,2018102045,102,2019,2,1,4,Retido
1124,2018102045,102,2020,2,2,2,Aprovado com dependência
1125,2018102045,102,2021,3,1,0,Aprovado
1126,2018102046,102,2018,1,1,1,Aprovado com dependência
1127,2018102046,102,2019,2,1,0,Aprovado
1128,2018102046,102,2020,3,1,0,Aprovado
1129,2018102047,102,2018,1,1,0,Aprovado
1130,2018102047,102,2019,2,1,0,Aprovado
1131,2018102047,102,2020,3,1,3,Retido
1132,2018102047,102,2021,3,2,1,Retido
1133,2018102047,102,2022,3,3,0,Aprovado
1134,2018103001,103,2018,1,1,0,Aprovado
1135,2018103001,103,2019,2,1,1,Aprovado com dependência
1136,2018103001,103,2020,3,1,0,Aprovado
1137,2018103002,103,2018,1,1,0,Aprovado
1138,2018103002,103,2019,2,1,0,Aprovado
1139,2018103002,103,2020,3,1,0,Aprovado
1140,2018103003,103,2018,1,1,1,Aprovado com dependência
1141,2018103003,103,2019,2,1,1,Aprovado com dependência
1142,2018103003,103,2020,3,1,0,Aprovado
1143,2018103004,103,2018,1,1,0,Aprovado
1144,2018103004,103,2019,2,1,2,Aprovado com dependência
1145,2018103004,103,2020,3,1,2,Retido
1146,2018103004,103,2021,3,2,0,Aprovado
1147,2018103005,103,2018,1,1,4,Retido
1148,2018103005,103,2019,1,2,3,Retido
1149,2018103006,103,2018,1,1,0,Aprovado
1150,2018103006,103,2019,2,1,0,Aprovado
1151,2018103006,103,2020,3,1,0,Aprovado
1152,2018103007,103,2018,1,1,3,Retido
1153,2018103007,103,2019,1,2,2,Aprovado com dependência
1154,2018103007,103,2020,2,1,0,Aprovado
1155,2018103007,103,2021,3,1,0,Aprovado
1156,2018103008,103,2018,1,1,1,Aprovado com dependência
1157,2018103008,103,2019,2,1,0,Aprovado
1158,2018103008,103,2020,3,1,0,Aprovado
1159,2018103009,103,2018,1,1,0,Aprovado
1160,2018103009,103,2019,2,1,0,Aprovado
1161,2018103009,103,2020,3,1,1,Retido
1162,2018103009,103,2021,3,2,0,Aprovado
1163,2018103010,103,2018,1,1,3,Retido
1164,2018103010,103,2019,1,2,2,Aprovado com dependência
1165,2018103010,103,2020,2,1,0,Aprovado
1166,2018103011,103,2018,1,1,0,Aprovado
1167,2018103011,103,2019,2,1,0,Aprovado
1168,2018103011,103,2020,3,1,0,Aprovado
1169,2018103012,103,2018,1,1,2,Aprovado com dependência
1170,2018103012,103,2019,2,1,2,Aprovado com dependência
1171,2018103012,103,2020,3,1,1,Retido
1172,2018103012,103,2021,3,2,7,Retido
1173,2018103012,103,2022,3,3,0,Aprovado
1174,2018103013,103,2018,1,1,0,Aprovado
1175,2018103013,103,2019,2,1,0,Aprovado
1176,2018103013,103,2020,3,1,1,Retido
1177,2018103013,103,2021,3,2,,Evadido
1178,2018103014,103,2018,1,1,3,Retido
1179,2018103014,103,2019,1,2,1,Aprovado com dependência
1180,2018103014,103,2020,2,1,0,Aprovado
1181,2018103014,103,2021,3,1,0,Aprovado
1182,2018103015,103,2018,1,1,9,Retido
1183,2018103015,103,2019,1,2,0,Aprovado
1184,2018103015,103,2020,2,1,8,Retido
1185,2018103015,103,2021,2,2,0,Aprovado
1186,2018103016,103,2018,1,1,0,Aprovado
1187,2018103016,103,2019,2,1,1,Aprovado com dependência
1188,2018103016,103,2020,3,1,0,Aprovado
1189,2018103017,103,2018,1,1,3,Retido
1190,2018103017,103,2019,1,2,2,Aprovado com dependência
1191,2018103017,103,2020,2,1,0,Aprovado
1192,2018103017,103,2021,3,1,1,Retido
1193,2018103017,103,2022,3,2,1,Retido
1194,2018103018,103,2018,1,1,2,Aprovado com dependência
1195,2018103018,103,2019,2,1,0,Aprovado
1196,2018103018,103,2020,3,1,0,Aprovado
1197,2018103019,103,2018,1,1,0,Aprovado
1198,2018103019,103,2019,2,1,0,Aprovado
1199,2018103019,103,2020,3,1,0,Aprovado
1200,2018103020,103,2018,1,1,1,Aprovado com dependência
1201,2018103020,103,2019,2,1,0,Aprovado
1202,2018103020,103,2020,3,1,0,Aprovado
1203,2018103021,103,2018,1,1,0,Aprovado
1204,2018103021,103,2019,2,1,0,Aprovado
1205,2018103021,103,2020,3,1,0,Aprovado
1206,2018103022,103,2018,1,1,3,Retido
1207,2018103022,103,2019,1,2,2,Aprovado com dependência
1208,2018103022,103,2020,2,1,1,Aprovado com dependência
1209,2018103022,103,2021,3,1,1,Retido
1210,2018103022,103,2022,3,2,0,Aprovado
1211,2018103023,103,2018,1,1,0,Aprovado
1212,2018103023,103,2019,2,1,0,Aprovado
1213,2018103023,103,2020,3,1,0,Aprovado
1214,2018103024,103,2018,1,1,0,Aprovado
1215,2018103025,103,2018,1,1,0,Aprovado
1216,2018103025,103,2019,2,1,0,Aprovado
1217,2018103025,103,2020,3,1,0,Aprovado
1218,2018103026,103,2018,1,1,4,Retido
1219,2018103026,103,2019,1,2,5,Retido
1220,2018103026,103,2020,1,3,2,Aprovado com dependência
1221,2018103026,103,2021,2,1,,Evadido
1222,2018103027,103,2018,1,1,3,Retido
1223,2018103027,103,2019,1,2,0,Aprovado
1224,2018103027,103,2020,2,1,0,Aprovado
1225,2018103027,103,2021,3,1,0,Aprovado
1226,2018103028,103,2018,1,1,3,Retido
1227,2018103028,103,2019,1,2,1,Aprovado com dependência
1228,2018103028,103,2020,2,1,2,Aprovado com dependência
1229,2018103028,103,2021,3,1,1,Retido
1230,2018103028,103,2022,3,2,2,Retido
1231,2018103029,103,2018,1,1,,Evadido
1232,2018103030,103,2018,1,1,0,Aprovado
1233,2018103030,103,2019,2,1,,Evadido
1234,2018103031,103,2018,1,1,8,Retido
1235,2018103031,103,2019,1,2,1,Aprovado com dependência
1236,2018103031,103,2020,2,1,0,Aprovado
1237,2018103031,103,2021,3,1,0,Aprovado
1238,2018103032,103,2018,1,1,0,Aprovado
1239,2018103032,103,2019,2,1,0,Aprovado
1240,2018103032,103,2020,3,1,0,Aprovado
1241,2018103033,103,2018,1,1,0,Aprovado
1242,2018103034,103,2018,1,1,5,Retido
1243,2018103034,103,2019,1,2,5,Retido
1244,2018103034,103,2020,1,3,5,Retido
1245,2018103034,103,2021,1,4,4,Retido
1246,2018103034,103,2022,1,5,1,Aprovado com dependência
1247,2018103034,103,2023,2,1,1,Aprovado com dependência
1248,2018103034,103,2024,3,1,0,Aprovado
1249,2018103035,103,2018,1,1,0,Aprovado
1250,2018103035,103,2019,2,1,8,Retido
1251,2018103035,103,2020,2,2,0,Aprovado
1252,2018103035,103,2021,3,1,0,Aprovado
1253,2018103036,103,2018,1,1,0,Aprovado
1254,2018103036,103,2019,2,1,0,Aprovado
1255,2018103036,103,2020,3,1,0,Aprovado
1256,2018103037,103,2018,1,1,0,Aprovado
1257,2018103037,103,2019,2,1,0,Aprovado
1258,2018103037,103,2020,3,1,0,Aprovado
1259,2018103038,103,2018,1,1,1,Aprovado com dependência
1260,2018103038,103,2019,2,1,3,Retido
1261,2018103038,103,2020,2,2,3,Retido
1262,2018103039,103,2018,1,1,0,Aprovado
1263,2018103039,103,2019,2,1,0,Aprovado
1264,2018103039,103,2020,3,1,0,Aprovado
1265,2018103040,103,2018,1,1,2,Aprovado com dependência
1266,2018103040,103,2019,2,1,4,Retido
1267,2018103040,103,2020,2,2,1,Aprovado com dependência
1268,2018103040,103,2021,3,1,2,Retido
1269,2018103040,103,2022,3,2,1,Retido
1270,2018103041,103,2018,1,1,2,Aprovado com dependência
1271,2018103041,103,2019,2,1,0,Aprovado
1272,2018103041,103,2020,3,1,,Evadido
1273,2018103042,103,2018,1,1,1,Aprovado com dependência
1274,2018103042,103,2019,2,1,1,Aprovado com dependência
1275,2018103042,103,2020,3,1,8,Retido
1276,2018103042,103,2021,3,2,,Evadido
1277,2018103043,103,2018,1,1,0,Aprovado
1278,2018103043,103,2019,2,1,0,Aprovado
1279,2018103043,103,2020,3,1,1,Retido
1280,2018103043,103,2021,3,2,0,Aprovado
1281,2018103044,103,2018,1,1,6,Retido
1282,2018103044,103,2019,1,2,2,Aprovado com dependência
1283,2018103044,103,2020,2,1,4,Retido
1284,2018103045,103,2018,1,1,0,Aprovado
1285,2018103045,103,2019,2,1,0,Aprovado
1286,2018103045,103,2020,3,1,0,Aprovado
1287,2018103046,103,2018,1,1,0,Aprovado
1288,2018103046,103,2019,2,1,0,Aprovado
1289,2018103046,103,2020,3,1,0,Aprovado
1290,2018103047,103,2018,1,1,0,Aprovado
1291,2018103047,103,2019,2,1,0,Aprovado
1292,2018103047,103,2020,3,1,0,Aprovado
1293,2018104001,104,2018,1,1,4,Retido
1294,2018104002,104,2018,1,1,0,Aprovado
1295,2018104002,104,2019,2,1,0,Aprovado
1296,2018104002,104,2020,3,1,0,Aprovado
1297,2018104003,104,2018,1,1,0,Aprovado
1298,2018104003,104,2019,2,1,0,Aprovado
1299,2018104003,104,2020,3,1,0,Aprovado
1300,2018104004,104,2018,1,1,3,Retido
1301,2018104004,104,2019,1,2,3,Retido
1302,2018104004,104,2020,1,3,0,Aprovado
1303,2018104004,104,2021,2,1,7,Retido
1304,2018104005,104,2018,1,1,0,Aprovado
1305,2018104005,104,2019,2,1,0,Aprovado
1306,2018104005,104,2020,3,1,0,Aprovado
1307,2018104006,104,2018,1,1,0,Aprovado
1308,2018104006,104,2019,2,1,0,Aprovado
1309,2018104006,104,2020,3,1,0,Aprovado
1310,2018104007,104,2018,1,1,0,Aprovado
1311,2018104007,104,2019,2,1,0,Aprovado
1312,2018104007,104,2020,3,1,0,Aprovado
1313,2018104008,104,2018,1,1,7,Retido
1314,2018104008,104,2019,1,2,2,Aprovado com dependência
1315,2018104008,104,2020,2,1,1,Aprovado com dependência
1316,2018104008,104,2021,3,1,4,Retido
1317,2018104009,104,2018,1,1,0,Aprovado
1318,2018104009,104,2019,2,1,0,Aprovado
1319,2018104009,104,2020,3,1,0,Aprovado
1320,2018104010,104,2018,1,1,0,Aprovado
1321,2018104010,104,2019,2,1,1,Aprovado com dependência
1322,2018104010,104,2020,3,1,0,Aprovado
1323,2018104011,104,2018,1,1,3,Retido
1324,2018104011,104,2019,1,2,3,Retido
1325,2018104011,104,2020,1,3,0,Aprovado
1326,2018104011,104,2021,2,1,0,Aprovado
1327,2018104011,104,2022,3,1,0,Aprovado
1328,2018104012,104,2018,1,1,10,Retido
1329,2018104012,104,2019,1,2,13,Retido
1330,2018104012,104,2020,1,3,1,Aprovado com dependência
1331,2018104012,104,2021,2,1,7,Retido
1332,2018104013,104,2018,1,1,0,Aprovado
1333,2018104013,104,2019,2,1,0,Aprovado
1334,2018104013,104,2020,3,1,0,Aprovado
1335,2018104014,104,2018,1,1,2,Aprovado com dependência
1336,2018104014,104,2019,2,1,1,Aprovado com dependência
1337,2018104014,104,2020,3,1,0,Aprovado
1338,2018104015,104,2018,1,1,0,Aprovado
1339,2018104015,104,2019,2,1,0,Aprovado
1340,2018104015,104,2020,3,1,2,Retido
1341,2018104015,104,2021,3,2,0,Aprovado
1342,2018104016,104,2018,1,1,0,Aprovado
1343,2018104016,104,2019,2,1,0,Aprovado
1344,2018104016,104,2020,3,1,0,Aprovado
1345,2018104017,104,2018,1,1,0,Aprovado
1346,2018104017,104,2019,2,1,0,Aprovado
1347,2018104017,104,2020,3,1,0,Aprovado
1348,2018104018,104,2018,1,1,0,Aprovado
1349,2018104018,104,2019,2,1,0,Aprovado
1350,2018104018,104,2020,3,1,0,Aprovado
1351,2018104019,104,2018,1,1,0,Aprovado
1352,2018104019,104,2019,2,1,0,Aprovado
1353,2018104019,104,2020,3,1,0,Aprovado
1354,2018104020,104,2018,1,1,1,Aprovado com dependência
1355,2018104020,104,2019,2,1,1,Aprovado com dependência
1356,2018104020,104,2020,3,1,1,Retido
1357,2018104020,104,2021,3,2,1,Retido
1358,2018104021,104,2018,1,1,0,Aprovado
1359,2018104021,104,2019,2,1,2,Aprovado com dependência
1360,2018104021,104,2020,3,1,0,Aprovado
1361,2018104022,104,2018,1,1,4,Retido
1362,2018104022,104,2019,1,2,1,Aprovado com dependência
1363,2018104022,104,2020,2,1,2,Aprovado com dependência
1364,2018104022,104,2021,3,1,0,Aprovado
1365,2018104023,104,2018,1,1,11,Retido
1366,2018104024,104,2018,1,1,0,Aprovado
1367,2018104024,104,2019,2,1,0,Aprovado
1368,2018104024,104,2020,3,1,2,Retido
1369,2018104024,104,2021,3,2,0,Aprovado
1370,2018104025,104,2018,1,1,3,Retido
1371,2018104025,104,2019,1,2,3,Retido
1372,2018104026,104,2018,1,1,5,Retido
1373,2018104026,104,2019,1,2,0,Aprovado
1374,2018104027,104,2018,1,1,0,Aprovado
1375,2018104027,104,2019,2,1,0,Aprovado
1376,2018104027,104,2020,3,1,6,Retido
1377,2018104027,104,2021,3,2,0,Aprovado
1378,2018104028,104,2018,1,1,2,Aprovado com dependência
1379,2018104028,104,2019,2,1,4,Retido
1380,2018104028,104,2020,2,2,2,Aprovado com dependência
1381,2018104028,104,2021,3,1,2,Retido
1382,2018104028,104,2022,3,2,0,Aprovado
1383,2018104029,104,2018,1,1,0,Aprovado
1384,2018104030,104,2018,1,1,2,Aprovado com dependência
1385,2018104030,104,2019,2,1,2,Aprovado com dependência
1386,2018104030,104,2020,3,1,0,Aprovado
1387,2018104031,104,2018,1,1,0,Aprovado
1388,2018104031,104,2019,2,1,1,Aprovado com dependência
1389,2018104031,104,2020,3,1,0,Aprovado
1390,2018104032,104,2018,1,1,0,Aprovado
1391,2018104032,104,2019,2,1,0,Aprovado
1392,2018104032,104,2020,3,1,0,Aprovado
1393,2018104033,104,2018,1,1,8,Retido
1394,2018104033,104,2019,1,2,2,Aprovado com dependência
1395,2018104033,104,2020,2,1,1,Aprovado com dependência
1396,2018104034,104,2018,1,1,1,Aprovado com dependência
1397,2018104034,104,2019,2,1,2,Aprovado com dependência
1398,2018104034,104,2020,3,1,1,Retido
1399,2018104034,104,2021,3,2,0,Aprovado
1400,2018104035,104,2018,1,1,13,Retido
1401,2018104035,104,2019,1,2,11,Retido
1402,2018104035,104,2020,1,3,13,Retido
1403,2018104036,104,2018,1,1,1,Aprovado com dependência
1404,2018104036,104,2019,2,1,0,Aprovado
1405,2018104036,104,2020,3,1,3,Retido
1406,2018104036,104,2021,3,2,0,Aprovado
1407,2018104037,104,2018,1,1,0,Aprovado
1408,2018104037,104,2019,2,1,0,Aprovado
1409,2018104037,104,2020,3,1,,Evadido
1410,2018104038,104,2018,1,1,0,Aprovado
1411,2018104038,104,2019,2,1,0,Aprovado
1412,2018104038,104,2020,3,1,1,Retido
1413,2018104039,104,2018,1,1,0,Aprovado
1414,2018104039,104,2019,2,1,0,Aprovado
1415,2018104039,104,2020,3,1,0,Aprovado
1416,2018104040,104,2018,1,1,1,Aprovado com dependência
1417,2018104040,104,2019,2,1,0,Aprovado
1418,2018104040,104,2020,3,1,0,Aprovado
1419,2018104041,104,2018,1,1,1,Aprovado com dependência
1420,2018104041,104,2019,2,1,1,Aprovado com dependência
1421,2018104041,104,2020,3,1,0,Aprovado
1422,2018104042,104,2018,1,1,2,Aprovado com dependência
1423,2018104042,104,2019,2,1,0,Aprovado
1424,2018104042,104,2020,3,1,1,Retido
1425,2018104042,104,2021,3,2,1,Retido
1426,2018104042,104,2022,3,3,0,Aprovado
1427,2018104043,104,2018,1,1,0,Aprovado
1428,2018104043,104,2019,2,1,0,Aprovado
1429,2018104043,104,2020,3,1,1,Retido
1430,2018104043,104,2021,3,2,0,Aprovado
1431,2018104044,104,2018,1,1,3,Retido
1432,2018104044,104,2019,1,2,6,Retido
1433,2018104044,104,2020,1,3,0,Aprovado
1434,2018104044,104,2021,2,1,0,Aprovado
1435,2018104044,104,2022,3,1,0,Aprovado
1436,2018104045,104,2018,1,1,0,Aprovado
1437,2018104045,104,2019,2,1,0,Aprovado
1438,2018104045,104,2020,3,1,0,Aprovado
1439,2018105001,105,2018,1,1,3,Retido
1440,2018105002,105,2018,1,1,0,Aprovado
1441,2018105003,105,2018,1,1,0,Aprovado
1442,2018105003,105,2019,2,1,0,Aprovado
1443,2018105003,105,2020,3,1,0,Aprovado
1444,2018105004,105,2018,1,1,0,Aprovado
1445,2018105004,105,2019,2,1,0,Aprovado
1446,2018105004,105,2020,3,1,0,Aprovado
1447,2018105005,105,2018,1,1,0,Aprovado
1448,2018105005,105,2019,2,1,0,Aprovado
1449,2018105005,105,2020,3,1,1,Retido
1450,2018105005,105,2021,3,2,0,Aprovado
1451,2018105006,105,2018,1,1,1,Aprovado com dependência
1452,2018105006,105,2019,2,1,1,Aprovado com dependência
1453,2018105006,105,2020,3,1,1,Retido
1454,2018105006,105,2021,3,2,1,Retido
1455,2018105006,105,2022,3,3,0,Aprovado
1456,2018105007,105,2018,1,1,0,Aprovado
1457,2018105007,105,2019,2,1,0,Aprovado
1458,2018105007,105,2020,3,1,0,Aprovado
1459,2018105008,105,2018,1,1,0,Aprovado
1460,2018105008,105,2019,2,1,0,Aprovado
1461,2018105008,105,2020,3,1,0,Aprovado
1462,2018105009,105,2018,1,1,6,Retido
1463,2018105009,105,2019,1,2,1,Aprovado com dependência
1464,2018105009,105,2020,2,1,0,Aprovado
1465,2018105009,105,2021,3,1,1,Retido
1466,2018105010,105,2018,1,1,0,Aprovado
1467,2018105010,105,2019,2,1,0,Aprovado
1468,2018105010,105,2020,3,1,0,Aprovado
1469,2018105011,105,2018,1,1,0,Aprovado
1470,2018105011,105,2019,2,1,0,Aprovado
1471,2018105011,105,2020,3,1,0,Aprovado
1472,2018105012,105,2018,1,1,2,Aprovado com dependência
1473,2018105012,105,2019,2,1,2,Aprovado com dependência
1474,2018105012,105,2020,3,1,2,Retido
1475,2018105012,105,2021,3,2,2,Retido
1476,2018105012,105,2022,3,3,0,Aprovado
1477,2018105013,105,2018,1,1,0,Aprovado
1478,2018105013,105,2019,2,1,0,Aprovado
1479,2018105013,105,2020,3,1,2,Retido
1480,2018105014,105,2018,1,1,10,Retido
1481,2018105014,105,2019,1,2,1,Aprovado com dependência
1482,2018105014,105,2020,2,1,0,Aprovado
1483,2018105014,105,2021,3,1,1,Retido
1484,2018105014,105,2022,3,2,5,Retido
1485,2018105015,105,2018,1,1,6,Retido
1486,2018105015,105,2019,1,2,5,Retido
1487,2018105015,105,2020,1,3,0,Aprovado
1488,2018105015,105,2021,2,1,0,Aprovado
1489,2018105015,105,2022,3,1,0,Aprovado
1490,2018105016,105,2018,1,1,0,Aprovado
1491,2018105016,105,2019,2,1,1,Aprovado com dependência
1492,2018105016,105,2020,3,1,2,Retido
1493,2018105016,105,2021,3,2,1,Retido
1494,2018105016,105,2022,3,3,0,Aprovado
1495,2018105017,105,2018,1,1,4,Retido
1496,2018105018,105,2018,1,1,2,Aprovado com dependência
1497,2018105018,105,2019,2,1,3,Retido
1498,2018105018,105,2020,2,2,3,Retido
1499,2018105018,105,2021,2,3,9,Retido
1500,2018105019,105,2018,1,1,0,Aprovado
1501,2018105019,105,2019,2,1,0,Aprovado
1502,2018105019,105,2020,3,1,0,Aprovado
1503,2018105020,105,2018,1,1,11,Retido
1504,2018105020,105,2019,1,2,8,Retido
1505,2018105020,105,2020,1,3,12,Retido
1506,2018105021,105,2018,1,1,1,Aprovado com dependência
1507,2018105021,105,2019,2,1,10,Retido
1508,2018105021,105,2020,2,2,10,Retido
1509,2018105022,105,2018,1,1,0,Aprovado
1510,2018105022,105,2019,2,1,0,Aprovado
1511,2018105022,105,2020,3,1,0,Aprovado
1512,2018105023,105,2018,1,1,10,Retido
1513,2018105024,105,2018,1,1,0,Aprovado
1514,2018105024,105,2019,2,1,2,Aprovado com dependência
1515,2018105024,105,2020,3,1,1,Retido
1516,2018105024,105,2021,3,2,1,Retido
1517,2018105024,105,2022,3,3,0,Aprovado
1518,2018105025,105,2018,1,1,0,Aprovado
1519,2018105025,105,2019,2,1,2,Aprovado com dependência
1520,2018105025,105,2020,3,1,0,Aprovado
1521,2018105026,105,2018,1,1,0,Aprovado
1522,2018105026,105,2019,2,1,0,Aprovado
1523,2018105026,105,2020,3,1,0,Aprovado
1524,2018105027,105,2018,1,1,0,Aprovado
1525,2018105027,105,2019,2,1,0,Aprovado
1526,2018105027,105,2020,3,1,0,Aprovado
1527,2018105028,105,2018,1,1,,Evadido
1528,2018105029,105,2018,1,1,0,Aprovado
1529,2018105029,105,2019,2,1,4,Retido
1530,2018105029,105,2020,2,2,0,Aprovado
1531,2018105029,105,2021,3,1,0,Aprovado
1532,2018105030,105,2018,1,1,2,Aprovado com dependência
1533,2018105031,105,2018,1,1,2,Aprovado com dependência
1534,2018105031,105,2019,2,1,1,Aprovado com dependência
1535,2018105031,105,2020,3,1,0,Aprovado
1536,2018105032,105,2018,1,1,1,Aprovado com dependência
1537,2018105032,105,2019,2,1,0,Aprovado
1538,2018105032,105,2020,3,1,1,Retido
1539,2018105032,105,2021,3,2,0,Aprovado
1540,2018105033,105,2018,1,1,0,Aprovado
1541,2018105033,105,2019,2,1,2,Aprovado com dependência
1542,2018105033,105,2020,3,1,0,Aprovado
1543,2018105034,105,2018,1,1,11,Retido
1544,2018105034,105,2019,1,2,0,Aprovado
1545,2018105034,105,2020,2,1,9,Retido
1546,2018105034,105,2021,2,2,9,Retido
1547,2018105035,105,2018,1,1,0,Aprovado
1548,2018105035,105,2019,2,1,1,Aprovado com dependência
1549,2018105035,105,2020,3,1,3,Retido
1550,2018105035,105,2021,3,2,0,Aprovado
1551,2018105036,105,2018,1,1,0,Aprovado
1552,2018105036,105,2019,2,1,,Evadido
1553,2018105037,105,2018,1,1,0,Aprovado
1554,2018105037,105,2019,2,1,1,Aprovado com dependência
1555,2018105037,105,2020,3,1,0,Aprovado
1556,2018105038,105,2018,1,1,1,Aprovado com dependência
1557,2018105038,105,2019,2,1,1,Aprovado com dependência
1558,2018105038,105,2020,3,1,1,Retido
1559,2018105038,105,2021,3,2,0,Aprovado
1560,2018105039,105,2018,1,1,0,Aprovado
1561,2018105039,105,2019,2,1,0,Aprovado
1562,2018105039,105,2020,3,1,0,Aprovado
1563,2018105040,105,2018,1,1,0,Aprovado
1564,2018105040,105,2019,2,1,0,Aprovado
1565,2018105040,105,2020,3,1,0,Aprovado
1566,2018106001,106,2018,1,1,,Evadido
1567,2018106002,106,2018,1,1,0,Aprovado
1568,2018106002,106,2019,2,1,0,Aprovado
1569,2018106002,106,2020,3,1,0,Aprovado
1570,2018106003,106,2018,1,1,1,Aprovado com dependência
1571,2018106003,106,2019,2,1,0,Aprovado
1572,2018106003,106,2020,3,1,0,Aprovado
1573,2018106004,106,2018,1,1,2,Aprovado com dependência
1574,2018106004,106,2019,2,1,3,Retido
1575,2018106004,106,2020,2,2,0,Aprovado
1576,2018106004,106,2021,3,1,1,Retido
1577,2018106004,106,2022,3,2,0,Aprovado
1578,2018106005,106,2018,1,1,0,Aprovado
1579,2018106005,106,2019,2,1,0,Aprovado
1580,2018106005,106,2020,3,1,0,Aprovado
1581,2018106006,106,2018,1,1,2,Aprovado com dependência
1582,2018106006,106,2019,2,1,2,Aprovado com dependência
1583,2018106006,106,2020,3,1,1,Retido
1584,2018106006,106,2021,3,2,8,Retido
1585,2018106007,106,2018,1,1,0,Aprovado
1586,2018106007,106,2019,2,1,0,Aprovado
1587,2018106007,106,2020,3,1,0,Aprovado
1588,2018106008,106,2018,1,1,0,Aprovado
1589,2018106008,106,2019,2,1,1,Aprovado com dependência
1590,2018106008,106,2020,3,1,0,Aprovado
1591,2018106009,106,2018,1,1,0,Aprovado
1592,2018106009,106,2019,2,1,0,Aprovado
1593,2018106009,106,2020,3,1,0,Aprovado
1594,2018106010,106,2018,1,1,0,Aprovado
1595,2018106010,106,2019,2,1,0,Aprovado
1596,2018106010,106,2020,3,1,0,Aprovado
1597,2018106011,106,2018,1,1,0,Aprovado
1598,2018106011,106,2019,2,1,0,Aprovado
1599,2018106011,106,2020,3,1,2,Retido
1600,2018106012,106,2018,1,1,0,Aprovado
1601,2018106012,106,2019,2,1,0,Aprovado
1602,2018106012,106,2020,3,1,0,Aprovado
1603,2018106013,106,2018,1,1,0,Aprovado
1604,2018106013,106,2019,2,1,0,Aprovado
1605,2018106013,106,2020,3,1,1,Retido
1606,2018106013,106,2021,3,2,1,Retido
1607,2018106014,106,2018,1,1,2,Aprovado com dependência
1608,2018106014,106,2019,2,1,4,Retido
1609,2018106014,106,2020,2,2,1,Aprovado com dependência
1610,2018106014,106,2021,3,1,0,Aprovado
1611,2018106015,106,2018,1,1,4,Retido
1612,2018106015,106,2019,1,2,2,Aprovado com dependência
1613,2018106015,106,2020,2,1,1,Aprovado com dependência
1614,2018106015,106,2021,3,1,3,Retido
1615,2018106016,106,2018,1,1,4,Retido
1616,2018106016,106,2019,1,2,0,Aprovado
1617,2018106016,106,2020,2,1,0,Aprovado
1618,2018106016,106,2021,3,1,1,Retido
1619,2018106016,106,2022,3,2,0,Aprovado
1620,2018106017,106,2018,1,1,0,Aprovado
1621,2018106017,106,2019,2,1,0,Aprovado
1622,2018106017,106,2020,3,1,0,Aprovado
1623,2018106018,106,2018,1,1,0,Aprovado
1624,2018106018,106,2019,2,1,1,Aprovado com dependência
1625,2018106018,106,2020,3,1,4,Retido
1626,2018106018,106,2021,3,2,2,Retido
1627,2018106018,106,2022,3,3,0,Aprovado
1628,2018106019,106,2018,1,1,0,Aprovado
1629,2018106019,106,2019,2,1,0,Aprovado
1630,2018106019,106,2020,3,1,7,Retido
1631,2018106019,106,2021,3,2,2,Retido
1632,2018106019,106,2022,3,3,8,Retido
1633,2018106020,106,2018,1,1,0,Aprovado
1634,2018106020,106,2019,2,1,0,Aprovado
1635,2018106020,106,2020,3,1,0,Aprovado
1636,2018106021,106,2018,1,1,0,Aprovado
1637,2018106021,106,2019,2,1,0,Aprovado
1638,2018106021,106,2020,3,1,0,Aprovado
1639,2018106022,106,2018,1,1,1,Aprovado com dependência
1640,2018106022,106,2019,2,1,0,Aprovado
1641,2018106022,106,2020,3,1,0,Aprovado
1642,2018106023,106,2018,1,1,2,Aprovado com dependência
1643,2018106023,106,2019,2,1,0,Aprovado
1644,2018106023,106,2020,3,1,3,Retido
1645,2018106023,106,2021,3,2,2,Retido
1646,2018106023,106,2022,3,3,0,Aprovado
1647,2018106024,106,2018,1,1,0,Aprovado
1648,2018106024,106,2019,2,1,0,Aprovado
1649,2018106024,106,2020,3,1,0,Aprovado
1650,2018106025,106,2018,1,1,0,Aprovado
1651,2018106025,106,2019,2,1,0,Aprovado
1652,2018106025,106,2020,3,1,0,Aprovado
1653,2018106026,106,2018,1,1,0,Aprovado
1654,2018106026,106,2019,2,1,0,Aprovado
1655,2018106026,106,2020,3,1,0,Aprovado
1656,2018106027,106,2018,1,1,1,Aprovado com dependência
1657,2018106027,106,2019,2,1,0,Aprovado
1658,2018106027,106,2020,3,1,0,Aprovado
1659,2018106028,106,2018,1,1,0,Aprovado
1660,2018106028,106,2019,2,1,0,Aprovado
1661,2018106028,106,2020,3,1,0,Aprovado
1662,2018106029,106,2018,1,1,0,Aprovado
1663,2018106029,106,2019,2,1,0,Aprovado
1664,2018106029,106,2020,3,1,0,Aprovado
1665,2018106030,106,2018,1,1,0,Aprovado
1666,2018106030,106,2019,2,1,0,Aprovado
1667,2018106030,106,2020,3,1,0,Aprovado
1668,2018106031,106,2018,1,1,0,Aprovado
1669,2018106031,106,2019,2,1,0,Aprovado
1670,2018106031,106,2020,3,1,0,Aprovado
1671,2018106032,106,2018,1,1,0,Aprovado
1672,2018106032,106,2019,2,1,0,Aprovado
1673,2018106032,106,2020,3,1,0,Aprovado
1674,2018106033,106,2018,1,1,0,Aprovado
1675,2018106033,106,2019,2,1,0,Aprovado
1676,2018106033,106,2020,3,1,0,Aprovado
1677,2018106034,106,2018,1,1,5,Retido
1678,2018106034,106,2019,1,2,0,Aprovado
1679,2018106034,106,2020,2,1,6,Retido
1680,2018106035,106,2018,1,1,1,Aprovado com dependência
1681,2018106035,106,2019,2,1,4,Retido
1682,2018106035,106,2020,2,2,0,Aprovado
1683,2018106035,106,2021,3,1,0,Aprovado
1684,2018106036,106,2018,1,1,0,Aprovado
1685,2018106036,106,2019,2,1,0,Aprovado
1686,2018106036,106,2020,3,1,0,Aprovado
1687,2018106037,106,2018,1,1,2,Aprovado com dependência
1688,2018106037,106,2019,2,1,0,Aprovado
1689,2018106037,106,2020,3,1,0,Aprovado
1690,2018106038,106,2018,1,1,0,Aprovado
1691,2018106038,106,2019,2,1,0,Aprovado
1692,2018106038,106,2020,3,1,0,Aprovado
1693,2018106039,106,2018,1,1,1,Aprovado com dependência
1694,2018106039,106,2019,2,1,4,Retido
1695,2018106039,106,2020,2,2,6,Retido
1696,2018106039,106,2021,2,3,5,Retido
1697,2018106039,106,2022,2,4,1,Aprovado com dependência
1698,2018106039,106,2023,3,1,2,Retido
1699,2018106040,106,2018,1,1,7,Retido
1700,2018106040,106,2019,1,2,1,Aprovado com dependência
1701,2018106040,106,2020,2,1,1,Aprovado com dependência
1702,2018106040,106,2021,3,1,0,Aprovado
1703,2019101001,101,2019,1,1,1,Aprovado com dependência
1704,2019101001,101,2020,2,1,4,Retido
1705,2019101002,101,2019,1,1,5,Retido
1706,2019101002,101,2020,1,2,,Evadido
1707,2019101003,101,2019,1,1,1,Aprovado com dependência
1708,2019101003,101,2020,2,1,0,Aprovado
1709,2019101003,101,2021,3,1,0,Aprovado
1710,2019101004,101,2019,1,1,0,Aprovado
1711,2019101004,101,2020,2,1,1,Aprovado com dependência
1712,2019101004,101,2021,3,1,0,Aprovado
1713,2019101005,101,2019,1,1,4,Retido
1714,2019101005,101,2020,1,2,2,Aprovado com dependência
1715,2019101005,101,2021,2,1,4,Retido
1716,2019101006,101,2019,1,1,3,Retido
1717,2019101007,101,2019,1,1,1,Aprovado com dependência
1718,2019101007,101,2020,2,1,0,Aprovado
1719,2019101007,101,2021,3,1,0,Aprovado
1720,2019101008,101,2019,1,1,0,Aprovado
1721,2019101008,101,2020,2,1,0,Aprovado
1722,2019101008,101,2021,3,1,0,Aprovado
1723,2019101009,101,2019,1,1,1,Aprovado com dependência
1724,2019101009,101,2020,2,1,0,Aprovado
1725,2019101009,101,2021,3,1,0,Aprovado
1726,2019101010,101,2019,1,1,0,Aprovado
1727,2019101010,101,2020,2,1,0,Aprovado
1728,2019101010,101,2021,3,1,0,Aprovado
1729,2019101011,101,2019,1,1,2,Aprovado com dependência
1730,2019101011,101,2020,2,1,,Evadido
1731,2019101012,101,2019,1,1,1,Aprovado com dependência
1732,2019101012,101,2020,2,1,1,Aprovado com dependência
1733,2019101012,101,2021,3,1,0,Aprovado
1734,2019101013,101,2019,1,1,7,Retido
1735,2019101013,101,2020,1,2,4,Retido
1736,2019101013,101,2021,1,3,4,Retido
1737,2019101014,101,2019,1,1,0,Aprovado
1738,2019101014,101,2020,2,1,0,Aprovado
1739,2019101014,101,2021,3,1,0,Aprovado
1740,2019101015,101,2019,1,1,1,Aprovado com dependência
1741,2019101015,101,2020,2,1,0,Aprovado
1742,2019101015,101,2021,3,1,0,Aprovado
1743,2019101016,101,2019,1,1,13,Retido
1744,2019101016,101,2020,1,2,11,Retido
1745,2019101016,101,2021,1,3,13,Retido
1746,2019101017,101,2019,1,1,0,Aprovado
1747,2019101017,101,2020,2,1,1,Aprovado com dependência
1748,2019101017,101,2021,3,1,10,Retido
1749,2019101017,101,2022,3,2,2,Retido
1750,2019101017,101,2023,3,3,6,Retido
1751,2019101018,101,2019,1,1,0,Aprovado
1752,2019101018,101,2020,2,1,0,Aprovado
1753,2019101018,101,2021,3,1,1,Retido
1754,2019101018,101,2022,3,2,1,Retido
1755,2019101018,101,2023,3,3,0,Aprovado
1756,2019101019,101,2019,1,1,2,Aprovado com dependência
1757,2019101019,101,2020,2,1,5,Retido
1758,2019101019,101,2021,2,2,3,Retido
1759,2019101020,101,2019,1,1,3,Retido
1760,2019101021,101,2019,1,1,2,Aprovado com dependência
1761,2019101021,101,2020,2,1,2,Aprovado com dependência
1762,2019101021,101,2021,3,1,3,Retido
1763,2019101021,101,2022,3,2,1,Retido
1764,2019101021,101,2023,3,3,0,Aprovado
1765,2019101022,101,2019,1,1,,Evadido
1766,2019101023,101,2019,1,1,11,Retido
1767,2019101023,101,2020,1,2,,Evadido
1768,2019101024,101,2019,1,1,0,Aprovado
1769,2019101024,101,2020,2,1,0,Aprovado
1770,2019101024,101,2021,3,1,0,Aprovado
1771,2019101025,101,2019,1,1,4,Retido
1772,2019101025,101,2020,1,2,4,Retido
1773,2019101025,101,2021,1,3,3,Retido
1774,2019101026,101,2019,1,1,0,Aprovado
1775,2019101026,101,2020,2,1,0,Aprovado
1776,2019101026,101,2021,3,1,0,Aprovado
1777,2019101027,101,2019,1,1,,Evadido
1778,2019101028,101,2019,1,1,0,Aprovado
1779,2019101028,101,2020,2,1,0,Aprovado
1780,2019101028,101,2021,3,1,0,Aprovado
1781,2019101029,101,2019,1,1,2,Aprovado com dependência
1782,2019101029,101,2020,2,1,0,Aprovado
1783,2019101029,101,2021,3,1,1,Retido
1784,2019101029,101,2022,3,2,0,Aprovado
1785,2019101030,101,2019,1,1,1,Aprovado com dependência
1786,2019101030,101,2020,2,1,4,Retido
1787,2019101030,101,2021,2,2,2,Aprovado com dependência
1788,2019101030,101,2022,3,1,1,Retido
1789,2019101030,101,2023,3,2,1,Retido
1790,2019101031,101,2019,1,1,0,Aprovado
1791,2019101031,101,2020,2,1,0,Aprovado
1792,2019101031,101,2021,3,1,0,Aprovado
1793,2019101032,101,2019,1,1,13,Retido
1794,2019101032,101,2020,1,2,12,Retido
1795,2019101032,101,2021,1,3,7,Retido
1796,2019101033,101,2019,1,1,7,Retido
1797,2019101033,101,2020,1,2,0,Aprovado
1798,2019101034,101,2019,1,1,0,Aprovado
1799,2019101034,101,2020,2,1,1,Aprovado com dependência
1800,2019101034,101,2021,3,1,2,Retido
1801,2019101034,101,2022,3,2,0,Aprovado
1802,2019101035,101,2019,1,1,0,Aprovado
1803,2019101035,101,2020,2,1,0,Aprovado
1804,2019101035,101,2021,3,1,0,Aprovado
1805,2019101036,101,2019,1,1,3,Retido
1806,2019101036,101,2020,1,2,0,Aprovado
1807,2019101036,101,2021,2,1,0,Aprovado
1808,2019101037,101,2019,1,1,4,Retido
1809,2019101037,101,2020,1,2,1,Aprovado com dependência
1810,2019101037,101,2021,2,1,9,Retido
1811,2019101038,101,2019,1,1,9,Retido
1812,2019101038,101,2020,1,2,5,Retido
1813,2019101038,101,2021,1,3,4,Retido
1814,2019101039,101,2019,1,1,0,Aprovado
1815,2019101039,101,2020,2,1,2,Aprovado com dependência
1816,2019101039,101,2021,3,1,0,Aprovado
1817,2019101040,101,2019,1,1,0,Aprovado
1818,2019101040,101,2020,2,1,0,Aprovado
1819,2019101040,101,2021,3,1,4,Retido
1820,2019101040,101,2022,3,2,,Evadido
1821,2019101041,101,2019,1,1,0,Aprovado
1822,2019101041,101,2020,2,1,0,Aprovado
1823,2019101041,101,2021,3,1,0,Aprovado
1824,2019101042,101,2019,1,1,2,Aprovado com dependência
1825,2019101042,101,2020,2,1,4,Retido
1826,2019101042,101,2021,2,2,3,Retido
1827,2019101042,101,2022,2,3,3,Retido
1828,2019101043,101,2019,1,1,7,Retido
1829,2019101043,101,2020,1,2,0,Aprovado
1830,2019101043,101,2021,2,1,0,Aprovado
1831,2019101044,101,2019,1,1,4,Retido
1832,2019101044,101,2020,1,2,0,Aprovado
1833,2019101044,101,2021,2,1,1,Aprovado com dependência
1834,2019101044,101,2022,3,1,0,Aprovado
1835,2019101045,101,2019,1,1,7,Retido
1836,2019101045,101,2020,1,2,3,Retido
1837,2019101045,101,2021,1,3,4,Retido
1838,2019101046,101,2019,1,1,4,Retido
1839,2019102001,102,2019,1,1,0,Aprovado
1840,2019102001,102,2020,2,1,0,Aprovado
1841,2019102001,102,2021,3,1,0,Aprovado
1842,2019102002,102,2019,1,1,0,Aprovado
1843,2019102002,102,2020,2,1,0,Aprovado
1844,2019102002,102,2021,3,1,0,Aprovado
1845,2019102003,102,2019,1,1,3,Retido
1846,2019102003,102,2020,1,2,14,Retido
1847,2019102003,102,2021,1,3,8,Retido
1848,2019102003,102,2022,1,4,3,Retido
1849,2019102004,102,2019,1,1,1,Aprovado com dependência
1850,2019102004,102,2020,2,1,0,Aprovado
1851,2019102004,102,2021,3,1,0,Aprovado
1852,2019102005,102,2019,1,1,1,Aprovado com dependência
1853,2019102005,102,2020,2,1,2,Aprovado com dependência
1854,2019102005,102,2021,3,1,0,Aprovado
1855,2019102006,102,2019,1,1,4,Retido
1856,2019102006,102,2020,1,2,0,Aprovado
1857,2019102006,102,2021,2,1,0,Aprovado
1858,2019102006,102,2022,3,1,0,Aprovado
1859,2019102007,102,2019,1,1,0,Aprovado
1860,2019102007,102,2020,2,1,0,Aprovado
1861,2019102007,102,2021,3,1,0,Aprovado
1862,2019102008,102,2019,1,1,0,Aprovado
1863,2019102008,102,2020,2,1,0,Aprovado
1864,2019102008,102,2021,3,1,0,Aprovado
1865,2019102009,102,2019,1,1,7,Retido
1866,2019102009,102,2020,1,2,5,Retido
1867,2019102009,102,2021,1,3,6,Retido
1868,2019102009,102,2022,1,4,0,Aprovado
1869,2019102010,102,2019,1,1,1,Aprovado com dependência
1870,2019102010,102,2020,2,1,0,Aprovado
1871,2019102010,102,2021,3,1,0,Aprovado
1872,2019102011,102,2019,1,1,3,Retido
1873,2019102011,102,2020,1,2,4,Retido
1874,2019102011,102,2021,1,3,3,Retido
1875,2019102012,102,2019,1,1,,Evadido
1876,2019102013,102,2019,1,1,0,Aprovado
1877,2019102013,102,2020,2,1,1,Aprovado com dependência
1878,2019102013,102,2021,3,1,0,Aprovado
1879,2019102014,102,2019,1,1,6,Retido
1880,2019102014,102,2020,1,2,7,Retido
1881,2019102014,102,2021,1,3,2,Aprovado com dependência
1882,2019102014,102,2022,2,1,3,Retido
1883,2019102015,102,2019,1,1,1,Aprovado com dependência
1884,2019102015,102,2020,2,1,1,Aprovado com dependência
1885,2019102015,102,2021,3,1,4,Retido
1886,2019102015,102,2022,3,2,5,Retido
1887,2019102015,102,2023,3,3,0,Aprovado
1888,2019102016,102,2019,1,1,0,Aprovado
1889,2019102016,102,2020,2,1,0,Aprovado
1890,2019102016,102,2021,3,1,0,Aprovado
1891,2019102017,102,2019,1,1,0,Aprovado
1892,2019102017,102,2020,2,1,7,Retido
1893,2019102017,102,2021,2,2,0,Aprovado
1894,2019102017,102,2022,3,1,0,Aprovado
1895,2019102018,102,2019,1,1,3,Retido
1896,2019102018,102,2020,1,2,3,Retido
1897,2019102018,102,2021,1,3,1,Aprovado com dependência
1898,2019102019,102,2019,1,1,1,Aprovado com dependência
1899,2019102019,102,2020,2,1,1,Aprovado com dependência
1900,2019102019,102,2021,3,1,1,Retido
1901,2019102019,102,2022,3,2,0,Aprovado
1902,2019102020,102,2019,1,1,0,Aprovado
1903,2019102020,102,2020,2,1,0,Aprovado
1904,2019102020,102,2021,3,1,3,Retido
1905,2019102020,102,2022,3,2,0,Aprovado
1906,2019102021,102,2019,1,1,0,Aprovado
1907,2019102021,102,2020,2,1,0,Aprovado
1908,2019102021,102,2021,3,1,0,Aprovado
1909,2019102022,102,2019,1,1,0,Aprovado
1910,2019102022,102,2020,2,1,0,Aprovado
1911,2019102022,102,2021,3,1,1,Retido
1912,2019102022,102,2022,3,2,0,Aprovado
1913,2019102023,102,2019,1,1,0,Aprovado
1914,2019102023,102,2020,2,1,0,Aprovado
1915,2019102023,102,2021,3,1,1,Retido
1916,2019102023,102,2022,3,2,0,Aprovado
1917,2019102024,102,2019,1,1,3,Retido
1918,2019102024,102,2020,1,2,0,Aprovado
1919,2019102024,102,2021,2,1,3,Retido
1920,2019102024,102,2022,2,2,1,Aprovado com dependência
1921,2019102024,102,2023,3,1,1,Retido
1922,2019102025,102,2019,1,1,0,Aprovado
1923,2019102025,102,2020,2,1,0,Aprovado
1924,2019102025,102,2021,3,1,2,Retido
1925,2019102026,102,2019,1,1,6,Retido
1926,2019102026,102,2020,1,2,6,Retido
1927,2019102026,102,2021,1,3,3,Retido
1928,2019102027,102,2019,1,1,0,Aprovado
1929,2019102027,102,2020,2,1,0,Aprovado
1930,2019102027,102,2021,3,1,0,Aprovado
1931,2019102028,102,2019,1,1,1,Aprovado com dependência
1932,2019102028,102,2020,2,1,0,Aprovado
1933,2019102028,102,2021,3,1,1,Retido
1934,2019102028,102,2022,3,2,0,Aprovado
1935,2019102029,102,2019,1,1,0,Aprovado
1936,2019102029,102,2020,2,1,1,Aprovado com dependência
1937,2019102029,102,2021,3,1,0,Aprovado
1938,2019102030,102,2019,1,1,1,Aprovado com dependência
1939,2019102030,102,2020,2,1,0,Aprovado
1940,2019102030,102,2021,3,1,1,Retido
1941,2019102030,102,2022,3,2,0,Aprovado
1942,2019102031,102,2019,1,1,13,Retido
1943,2019102031,102,2020,1,2,11,Retido
1944,2019102032,102,2019,1,1,4,Retido
1945,2019102032,102,2020,1,2,3,Retido
1946,2019102033,102,2019,1,1,14,Retido
1947,2019102033,102,2020,1,2,2,Aprovado com dependência
1948,2019102033,102,2021,2,1,4,Retido
1949,2019102034,102,2019,1,1,0,Aprovado
1950,2019102034,102,2020,2,1,0,Aprovado
1951,2019102034,102,2021,3,1,1,Retido
1952,2019102034,102,2022,3,2,0,Aprovado
1953,2019102035,102,2019,1,1,0,Aprovado
1954,2019102035,102,2020,2,1,0,Aprovado
1955,2019102035,102,2021,3,1,0,Aprovado
1956,2019102036,102,2019,1,1,0,Aprovado
1957,2019102036,102,2020,2,1,0,Aprovado
1958,2019102036,102,2021,3,1,0,Aprovado
1959,2019102037,102,2019,1,1,2,Aprovado com dependência
1960,2019102037,102,2020,2,1,0,Aprovado
1961,2019102038,102,2019,1,1,0,Aprovado
1962,2019102038,102,2020,2,1,0,Aprovado
1963,2019102038,102,2021,3,1,1,Retido
1964,2019102038,102,2022,3,2,0,Aprovado
1965,2019102039,102,2019,1,1,0,Aprovado
1966,2019102039,102,2020,2,1,0,Aprovado
1967,2019102039,102,2021,3,1,0,Aprovado
1968,2019102040,102,2019,1,1,,Evadido
1969,2019102041,102,2019,1,1,1,Aprovado com dependência
1970,2019102041,102,2020,2,1,5,Retido
1971,2019102041,102,2021,2,2,1,Aprovado com dependência
1972,2019102041,102,2022,3,1,3,Retido
1973,2019102042,102,2019,1,1,2,Aprovado com dependência
1974,2019102042,102,2020,2,1,8,Retido
1975,2019102042,102,2021,2,2,,Evadido
1976,2019102043,102,2019,1,1,3,Retido
1977,2019102043,102,2020,1,2,0,Aprovado
1978,2019102043,102,2021,2,1,0,Aprovado
1979,2019102043,102,2022,3,1,0,Aprovado
1980,2019102044,102,2019,1,1,0,Aprovado
1981,2019102044,102,2020,2,1,0,Aprovado
1982,2019102044,102,2021,3,1,0,Aprovado
1983,2019102045,102,2019,1,1,1,Aprovado com dependência
1984,2019102045,102,2020,2,1,0,Aprovado
1985,2019102045,102,2021,3,1,0,Aprovado
1986,2019102046,102,2019,1,1,3,Retido
1987,2019102046,102,2020,1,2,0,Aprovado
1988,2019102046,102,2021,2,1,0,Aprovado
1989,2019102046,102,2022,3,1,0,Aprovado
1990,2019102047,102,2019,1,1,3,Retido
1991,2019102047,102,2020,1,2,2,Aprovado com dependência
1992,2019102047,102,2021,2,1,1,Aprovado com dependência
1993,2019102047,102,2022,3,1,4,Retido
1994,2019102047,102,2023,3,2,5,Retido
1995,2019103001,103,2019,1,1,0,Aprovado
1996,2019103001,103,2020,2,1,0,Aprovado
1997,2019103001,103,2021,3,1,0,Aprovado
1998,2019103002,103,2019,1,1,2,Aprovado com dependência
1999,2019103002,103,2020,2,1,0,Aprovado
2000,2019103002,103,2021,3,1,0,Aprovado
2001,2019103003,103,2019,1,1,0,Aprovado
2002,2019103003,103,2020,2,1,0,Aprovado
2003,2019103003,103,2021,3,1,0,Aprovado
2004,2019103004,103,2019,1,1,0,Aprovado
2005,2019103004,103,2020,2,1,3,Retido
2006,2019103004,103,2021,2,2,3,Retido
2007,2019103005,103,2019,1,1,0,Aprovado
2008,2019103005,103,2020,2,1,0,Aprovado
2009,2019103005,103,2021,3,1,0,Aprovado
2010,2019103006,103,2019,1,1,0,Aprovado
2011,2019103006,103,2020,2,1,0,Aprovado
2012,2019103006,103,2021,3,1,0,Aprovado
2013,2019103007,103,2019,1,1,0,Aprovado
2014,2019103007,103,2020,2,1,1,Aprovado com dependência
2015,2019103007,103,2021,3,1,2,Retido
2016,2019103007,103,2022,3,2,0,Aprovado
2017,2019103008,103,2019,1,1,0,Aprovado
2018,2019103008,103,2020,2,1,0,Aprovado
2019,2019103008,103,2021,3,1,0,Aprovado
2020,2019103009,103,2019,1,1,0,Aprovado
2021,2019103009,103,2020,2,1,0,Aprovado
2022,2019103009,103,2021,3,1,0,Aprovado
2023,2019103010,103,2019,1,1,0,Aprovado
2024,2019103010,103,2020,2,1,0,Aprovado
2025,2019103011,103,2019,1,1,3,Retido
2026,2019103011,103,2020,1,2,3,Retido
2027,2019103011,103,2021,1,3,2,Aprovado com dependência
2028,2019103011,103,2022,2,1,4,Retido
2029,2019103012,103,2019,1,1,0,Aprovado
2030,2019103012,103,2020,2,1,1,Aprovado com dependência
2031,2019103012,103,2021,3,1,1,Retido
2032,2019103012,103,2022,3,2,0,Aprovado
2033,2019103013,103,2019,1,1,0,Aprovado
2034,2019103013,103,2020,2,1,0,Aprovado
2035,2019103013,103,2021,3,1,0,Aprovado
2036,2019103014,103,2019,1,1,0,Aprovado
2037,2019103014,103,2020,2,1,0,Aprovado
2038,2019103014,103,2021,3,1,2,Retido
2039,2019103014,103,2022,3,2,12,Retido
2040,2019103015,103,2019,1,1,0,Aprovado
2041,2019103015,103,2020,2,1,0,Aprovado
2042,2019103015,103,2021,3,1,2,Retido
2043,2019103015,103,2022,3,2,0,Aprovado
2044,2019103016,103,2019,1,1,0,Aprovado
2045,2019103016,103,2020,2,1,0,Aprovado
2046,2019103016,103,2021,3,1,1,Retido
2047,2019103016,103,2022,3,2,0,Aprovado
2048,2019103017,103,2019,1,1,13,Retido
2049,2019103017,103,2020,1,2,0,Aprovado
2050,2019103017,103,2021,2,1,5,Retido
2051,2019103017,103,2022,2,2,11,Retido
2052,2019103018,103,2019,1,1,0,Aprovado
2053,2019103018,103,2020,2,1,1,Aprovado com dependência
2054,2019103018,103,2021,3,1,5,Retido
2055,2019103018,103,2022,3,2,0,Aprovado
2056,2019103019,103,2019,1,1,2,Aprovado com dependência
2057,2019103019,103,2020,2,1,1,Aprovado com dependência
2058,2019103019,103,2021,3,1,4,Retido
2059,2019103019,103,2022,3,2,2,Retido
2060,2019103020,103,2019,1,1,3,Retido
2061,2019103020,103,2020,1,2,4,Retido
2062,2019103020,103,2021,1,3,1,Aprovado com dependência
2063,2019103020,103,2022,2,1,1,Aprovado com dependência
2064,2019103020,103,2023,3,1,1,Retido
2065,2019103021,103,2019,1,1,3,Retido
2066,2019103021,103,2020,1,2,0,Aprovado
2067,2019103021,103,2021,2,1,0,Aprovado
2068,2019103021,103,2022,3,1,0,Aprovado
2069,2019103022,103,2019,1,1,11,Retido
2070,2019103022,103,2020,1,2,1,Aprovado com dependência
2071,2019103022,103,2021,2,1,2,Aprovado com dependência
2072,2019103022,103,2022,3,1,0,Aprovado
2073,2019103023,103,2019,1,1,0,Aprovado
2074,2019103023,103,2020,2,1,0,Aprovado
2075,2019103023,103,2021,3,1,0,Aprovado
2076,2019103024,103,2019,1,1,0,Aprovado
2077,2019103024,103,2020,2,1,0,Aprovado
2078,2019103024,103,2021,3,1,0,Aprovado
2079,2019103025,103,2019,1,1,0,Aprovado
2080,2019103025,103,2020,2,1,0,Aprovado
2081,2019103025,103,2021,3,1,0,Aprovado
2082,2019103026,103,2019,1,1,8,Retido
2083,2019103026,103,2020,1,2,5,Retido
2084,2019103027,103,2019,1,1,0,Aprovado
2085,2019103027,103,2020,2,1,0,Aprovado
2086,2019103028,103,2019,1,1,0,Aprovado
2087,2019103028,103,2020,2,1,0,Aprovado
2088,2019103028,103,2021,3,1,0,Aprovado
2089,2019103029,103,2019,1,1,0,Aprovado
2090,2019103029,103,2020,2,1,0,Aprovado
2091,2019103029,103,2021,3,1,0,Aprovado
2092,2019103030,103,2019,1,1,0,Aprovado
2093,2019103030,103,2020,2,1,10,Retido
2094,2019103030,103,2021,2,2,0,Aprovado
2095,2019103030,103,2022,3,1,0,Aprovado
2096,2019103031,103,2019,1,1,0,Aprovado
2097,2019103031,103,2020,2,1,0,Aprovado
2098,2019103031,103,2021,3,1,0,Aprovado
2099,2019103032,103,2019,1,1,0,Aprovado
2100,2019103032,103,2020,2,1,0,Aprovado
2101,2019103032,103,2021,3,1,0,Aprovado
2102,2019103033,103,2019,1,1,2,Aprovado com dependência
2103,2019103033,103,2020,2,1,3,Retido
2104,2019103033,103,2021,2,2,2,Aprovado com dependência
2105,2019103033,103,2022,3,1,1,Retido
2106,2019103033,103,2023,3,2,2,Retido
2107,2019103034,103,2019,1,1,9,Retido
2108,2019103034,103,2020,1,2,,Evadido
2109,2019103035,103,2019,1,1,3,Retido
2110,2019103035,103,2020,1,2,3,Retido
2111,2019103035,103,2021,1,3,0,Aprovado
2112,2019103035,103,2022,2,1,,Evadido
2113,2019103036,103,2019,1,1,2,Aprovado com dependência
2114,2019103036,103,2020,2,1,5,Retido
2115,2019103036,103,2021,2,2,0,Aprovado
2116,2019103036,103,2022,3,1,0,Aprovado
2117,2019103037,103,2019,1,1,1,Aprovado com dependência
2118,2019103037,103,2020,2,1,0,Aprovado
2119,2019103037,103,2021,3,1,0,Aprovado
2120,2019103038,103,2019,1,1,1,Aprovado com dependência
2121,2019103038,103,2020,2,1,7,Retido
2122,2019103038,103,2021,2,2,0,Aprovado
2123,2019103038,103,2022,3,1,0,Aprovado
2124,2019103039,103,2019,1,1,1,Aprovado com dependência
2125,2019103039,103,2020,2,1,2,Aprovado com dependência
2126,2019103039,103,2021,3,1,1,Retido
2127,2019103040,103,2019,1,1,0,Aprovado
2128,2019103040,103,2020,2,1,0,Aprovado
2129,2019103040,103,2021,3,1,0,Aprovado
2130,2019103041,103,2019,1,1,0,Aprovado
2131,2019103041,103,2020,2,1,0,Aprovado
2132,2019103041,103,2021,3,1,0,Aprovado
2133,2019103042,103,2019,1,1,1,Aprovado com dependência
2134,2019103042,103,2020,2,1,2,Aprovado com dependência
2135,2019103042,103,2021,3,1,0,Aprovado
2136,2019103043,103,2019,1,1,0,Aprovado
2137,2019103043,103,2020,2,1,0,Aprovado
2138,2019103043,103,2021,3,1,0,Aprovado
2139,2019103044,103,2019,1,1,4,Retido
2140,2019103044,103,2020,1,2,4,Retido
2141,2019103045,103,2019,1,1,0,Aprovado
2142,2019103045,103,2020,2,1,,Evadido
2143,2019104001,104,2019,1,1,0,Aprovado
2144,2019104001,104,2020,2,1,0,Aprovado
2145,2019104001,104,2021,3,1,0,Aprovado
2146,2019104002,104,2019,1,1,0,Aprovado
2147,2019104002,104,2020,2,1,0,Aprovado
2148,2019104002,104,2021,3,1,0,Aprovado
2149,2019104003,104,2019,1,1,0,Aprovado
2150,2019104003,104,2020,2,1,0,Aprovado
2151,2019104003,104,2021,3,1,0,Aprovado
2152,2019104004,104,2019,1,1,12,Retido
2153,2019104004,104,2020,1,2,11,Retido
2154,2019104004,104,2021,1,3,0,Aprovado
2155,2019104004,104,2022,2,1,3,Retido
2156,2019104005,104,2019,1,1,0,Aprovado
2157,2019104005,104,2020,2,1,0,Aprovado
2158,2019104005,104,2021,3,1,0,Aprovado
2159,2019104006,104,2019,1,1,0,Aprovado
2160,2019104006,104,2020,2,1,0,Aprovado
2161,2019104006,104,2021,3,1,4,Retido
2162,2019104006,104,2022,3,2,0,Aprovado
2163,2019104007,104,2019,1,1,5,Retido
2164,2019104007,104,2020,1,2,0,Aprovado
2165,2019104007,104,2021,2,1,1,Aprovado com dependência
2166,2019104007,104,2022,3,1,1,Retido
2167,2019104007,104,2023,3,2,0,Aprovado
2168,2019104008,104,2019,1,1,0,Aprovado
2169,2019104008,104,2020,2,1,0,Aprovado
2170,2019104008,104,2021,3,1,0,Aprovado
2171,2019104009,104,2019,1,1,0,Aprovado
2172,2019104009,104,2020,2,1,0,Aprovado
2173,2019104009,104,2021,3,1,0,Aprovado
2174,2019104010,104,2019,1,1,4,Retido
2175,2019104010,104,2020,1,2,1,Aprovado com dependência
2176,2019104010,104,2021,2,1,1,Aprovado com dependência
2177,2019104010,104,2022,3,1,0,Aprovado
2178,2019104011,104,2019,1,1,,Evadido
2179,2019104012,104,2019,1,1,3,Retido
2180,2019104012,104,2020,1,2,2,Aprovado com dependência
2181,2019104012,104,2021,2,1,1,Aprovado com dependência
2182,2019104012,104,2022,3,1,1,Retido
2183,2019104012,104,2023,3,2,0,Aprovado
2184,2019104013,104,2019,1,1,2,Aprovado com dependência
2185,2019104013,104,2020,2,1,2,Aprovado com dependência
2186,2019104013,104,2021,3,1,0,Aprovado
2187,2019104014,104,2019,1,1,0,Aprovado
2188,2019104014,104,2020,2,1,0,Aprovado
2189,2019104014,104,2021,3,1,0,Aprovado
2190,2019104015,104,2019,1,1,1,Aprovado com dependência
2191,2019104015,104,2020,2,1,2,Aprovado com dependência
2192,2019104015,104,2021,3,1,1,Retido
2193,2019104015,104,2022,3,2,0,Aprovado
2194,2019104016,104,2019,1,1,0,Aprovado
2195,2019104016,104,2020,2,1,0,Aprovado
2196,2019104016,104,2021,3,1,6,Retido
2197,2019104016,104,2022,3,2,0,Aprovado
2198,2019104017,104,2019,1,1,0,Aprovado
2199,2019104017,104,2020,2,1,0,Aprovado
2200,2019104017,104,2021,3,1,0,Aprovado
2201,2019104018,104,2019,1,1,9,Retido
2202,2019104019,104,2019,1,1,2,Aprovado com dependência
2203,2019104019,104,2020,2,1,0,Aprovado
2204,2019104019,104,2021,3,1,1,Retido
2205,2019104019,104,2022,3,2,0,Aprovado
2206,2019104020,104,2019,1,1,6,Retido
2207,2019104020,104,2020,1,2,3,Retido
2208,2019104020,104,2021,1,3,0,Aprovado
2209,2019104021,104,2019,1,1,0,Aprovado
2210,2019104021,104,2020,2,1,0,Aprovado
2211,2019104021,104,2021,3,1,0,Aprovado
2212,2019104022,104,2019,1,1,0,Aprovado
2213,2019104022,104,2020,2,1,0,Aprovado
2214,2019104022,104,2021,3,1,0,Aprovado
2215,2019104023,104,2019,1,1,4,Retido
2216,2019104023,104,2020,1,2,2,Aprovado com dependência
2217,2019104023,104,2021,2,1,,Evadido
2218,2019104024,104,2019,1,1,0,Aprovado
2219,2019104024,104,2020,2,1,1,Aprovado com dependência
2220,2019104025,104,2019,1,1,0,Aprovado
2221,2019104025,104,2020,2,1,0,Aprovado
2222,2019104025,104,2021,3,1,0,Aprovado
2223,2019104026,104,2019,1,1,1,Aprovado com dependência
2224,2019104026,104,2020,2,1,2,Aprovado com dependência
2225,2019104026,104,2021,3,1,0,Aprovado
2226,2019104027,104,2019,1,1,0,Aprovado
2227,2019104027,104,2020,2,1,0,Aprovado
2228,2019104027,104,2021,3,1,0,Aprovado
2229,2019104028,104,2019,1,1,2,Aprovado com dependência
2230,2019104028,104,2020,2,1,1,Aprovado com dependência
2231,2019104028,104,2021,3,1,0,Aprovado
2232,2019104029,104,2019,1,1,0,Aprovado
2233,2019104029,104,2020,2,1,0,Aprovado
2234,2019104029,104,2021,3,1,0,Aprovado
2235,2019104030,104,2019,1,1,0,Aprovado
2236,2019104030,104,2020,2,1,0,Aprovado
2237,2019104030,104,2021,3,1,0,Aprovado
2238,2019104031,104,2019,1,1,1,Aprovado com dependência
2239,2019104031,104,2020,2,1,0,Aprovado
2240,2019104031,104,2021,3,1,0,Aprovado
2241,2019104032,104,2019,1,1,0,Aprovado
2242,2019104032,104,2020,2,1,0,Aprovado
2243,2019104032,104,2021,3,1,0,Aprovado
2244,2019104033,104,2019,1,1,0,Aprovado
2245,2019104033,104,2020,2,1,0,Aprovado
2246,2019104033,104,2021,3,1,0,Aprovado
2247,2019104034,104,2019,1,1,6,Retido
2248,2019104034,104,2020,1,2,2,Aprovado com dependência
2249,2019104034,104,2021,2,1,4,Retido
2250,2019104034,104,2022,2,2,2,Aprovado com dependência
2251,2019104034,104,2023,3,1,2,Retido
2252,2019104035,104,2019,1,1,0,Aprovado
2253,2019104035,104,2020,2,1,0,Aprovado
2254,2019104035,104,2021,3,1,0,Aprovado
2255,2019104036,104,2019,1,1,0,Aprovado
2256,2019104036,104,2020,2,1,0,Aprovado
2257,2019104036,104,2021,3,1,0,Aprovado
2258,2019104037,104,2019,1,1,1,Aprovado com dependência
2259,2019104037,104,2020,2,1,0,Aprovado
2260,2019104037,104,2021,3,1,1,Retido
2261,2019104037,104,2022,3,2,0,Aprovado
2262,2019104038,104,2019,1,1,0,Aprovado
2263,2019104038,104,2020,2,1,0,Aprovado
2264,2019104038,104,2021,3,1,0,Aprovado
2265,2019104039,104,2019,1,1,0,Aprovado
2266,2019104039,104,2020,2,1,1,Aprovado com dependência
2267,2019104039,104,2021,3,1,2,Retido
2268,2019104039,104,2022,3,2,1,Retido
2269,2019104039,104,2023,3,3,2,Retido
2270,2019104040,104,2019,1,1,2,Aprovado com dependência
2271,2019104040,104,2020,2,1,0,Aprovado
2272,2019104040,104,2021,3,1,2,Retido
2273,2019104040,104,2022,3,2,3,Retido
2274,2019104040,104,2023,3,3,1,Retido
2275,2019104041,104,2019,1,1,0,Aprovado
2276,2019104041,104,2020,2,1,0,Aprovado
2277,2019104041,104,2021,3,1,0,Aprovado
2278,2019104042,104,2019,1,1,0,Aprovado
2279,2019104042,104,2020,2,1,0,Aprovado
2280,2019104042,104,2021,3,1,0,Aprovado
2281,2019104043,104,2019,1,1,0,Aprovado
2282,2019104043,104,2020,2,1,0,Aprovado
2283,2019104043,104,2021,3,1,0,Aprovado
2284,2019104044,104,2019,1,1,2,Aprovado com dependência
2285,2019104044,104,2020,2,1,0,Aprovado
2286,2019104045,104,2019,1,1,0,Aprovado
2287,2019104045,104,2020,2,1,0,Aprovado
2288,2019104045,104,2021,3,1,0,Aprovado
2289,2019105001,105,2019,1,1,0,Aprovado
2290,2019105001,105,2020,2,1,1,Aprovado com dependência
2291,2019105001,105,2021,3,1,0,Aprovado
2292,2019105002,105,2019,1,1,2,Aprovado com dependência
2293,2019105002,105,2020,2,1,3,Retido
2294,2019105002,105,2021,2,2,2,Aprovado com dependência
2295,2019105002,105,2022,3,1,2,Retido
2296,2019105002,105,2023,3,2,2,Retido
2297,2019105002,105,2024,3,3,1,Retido
2298,2019105003,105,2019,1,1,0,Aprovado
2299,2019105003,105,2020,2,1,3,Retido
2300,2019105004,105,2019,1,1,4,Retido
2301,2019105004,105,2020,1,2,3,Retido
2302,2019105004,105,2021,1,3,1,Aprovado com dependência
2303,2019105004,105,2022,2,1,3,Retido
2304,2019105005,105,2019,1,1,2,Aprovado com dependência
2305,2019105005,105,2020,2,1,2,Aprovado com dependência
2306,2019105005,105,2021,3,1,,Evadido
2307,2019105006,105,2019,1,1,5,Retido
2308,2019105006,105,2020,1,2,1,Aprovado com dependência
2309,2019105006,105,2021,2,1,1,Aprovado com dependência
2310,2019105006,105,2022,3,1,9,Retido
2311,2019105006,105,2023,3,2,0,Aprovado
2312,2019105007,105,2019,1,1,1,Aprovado com dependência
2313,2019105007,105,2020,2,1,0,Aprovado
2314,2019105007,105,2021,3,1,3,Retido
2315,2019105008,105,2019,1,1,0,Aprovado
2316,2019105008,105,2020,2,1,0,Aprovado
2317,2019105008,105,2021,3,1,0,Aprovado
2318,2019105009,105,2019,1,1,7,Retido
2319,2019105009,105,2020,1,2,0,Aprovado
2320,2019105009,105,2021,2,1,0,Aprovado
2321,2019105009,105,2022,3,1,0,Aprovado
2322,2019105010,105,2019,1,1,0,Aprovado
2323,2019105010,105,2020,2,1,3,Retido
2324,2019105010,105,2021,2,2,0,Aprovado
2325,2019105010,105,2022,3,1,0,Aprovado
2326,2019105011,105,2019,1,1,0,Aprovado
2327,2019105011,105,2020,2,1,0,Aprovado
2328,2019105011,105,2021,3,1,0,Aprovado
2329,2019105012,105,2019,1,1,1,Aprovado com dependência
2330,2019105012,105,2020,2,1,1,Aprovado com dependência
2331,2019105012,105,2021,3,1,5,Retido
2332,2019105012,105,2022,3,2,11,Retido
2333,2019105012,105,2023,3,3,1,Retido
2334,2019105013,105,2019,1,1,0,Aprovado
2335,2019105013,105,2020,2,1,0,Aprovado
2336,2019105013,105,2021,3,1,0,Aprovado
2337,2019105014,105,2019,1,1,0,Aprovado
2338,2019105014,105,2020,2,1,0,Aprovado
2339,2019105014,105,2021,3,1,3,Retido
2340,2019105014,105,2022,3,2,0,Aprovado
2341,2019105015,105,2019,1,1,13,Retido
2342,2019105015,105,2020,1,2,11,Retido
2343,2019105016,105,2019,1,1,1,Aprovado com dependência
2344,2019105016,105,2020,2,1,2,Aprovado com dependência
2345,2019105016,105,2021,3,1,1,Retido
2346,2019105016,105,2022,3,2,1,Retido
2347,2019105016,105,2023,3,3,1,Retido
2348,2019105017,105,2019,1,1,2,Aprovado com dependência
2349,2019105017,105,2020,2,1,10,Retido
2350,2019105017,105,2021,2,2,0,Aprovado
2351,2019105017,105,2022,3,1,0,Aprovado
2352,2019105018,105,2019,1,1,0,Aprovado
2353,2019105018,105,2020,2,1,0,Aprovado
2354,2019105018,105,2021,3,1,0,Aprovado
2355,2019105019,105,2019,1,1,0,Aprovado
2356,2019105019,105,2020,2,1,0,Aprovado
2357,2019105019,105,2021,3,1,0,Aprovado
2358,2019105020,105,2019,1,1,0,Aprovado
2359,2019105020,105,2020,2,1,0,Aprovado
2360,2019105020,105,2021,3,1,1,Retido
2361,2019105020,105,2022,3,2,0,Aprovado
2362,2019105021,105,2019,1,1,0,Aprovado
2363,2019105021,105,2020,2,1,5,Retido
2364,2019105021,105,2021,2,2,5,Retido
2365,2019105021,105,2022,2,3,1,Aprovado com dependência
2366,2019105021,105,2023,3,1,0,Aprovado
2367,2019105022,105,2019,1,1,11,Retido
2368,2019105022,105,2020,1,2,0,Aprovado
2369,2019105022,105,2021,2,1,7,Retido
2370,2019105022,105,2022,2,2,1,Aprovado com dependência
2371,2019105022,105,2023,3,1,9,Retido
2372,2019105023,105,2019,1,1,0,Aprovado
2373,2019105023,105,2020,2,1,0,Aprovado
2374,2019105023,105,2021,3,1,0,Aprovado
2375,2019105024,105,2019,1,1,0,Aprovado
2376,2019105024,105,2020,2,1,0,Aprovado
2377,2019105024,105,2021,3,1,0,Aprovado
2378,2019105025,105,2019,1,1,1,Aprovado com dependência
2379,2019105025,105,2020,2,1,0,Aprovado
2380,2019105025,105,2021,3,1,0,Aprovado
2381,2019105026,105,2019,1,1,5,Retido
2382,2019105026,105,2020,1,2,3,Retido
2383,2019105026,105,2021,1,3,2,Aprovado com dependência
2384,2019105026,105,2022,2,1,3,Retido
2385,2019105027,105,2019,1,1,0,Aprovado
2386,2019105027,105,2020,2,1,0,Aprovado
2387,2019105027,105,2021,3,1,0,Aprovado
2388,2019105028,105,2019,1,1,0,Aprovado
2389,2019105028,105,2020,2,1,0,Aprovado
2390,2019105028,105,2021,3,1,0,Aprovado
2391,2019105029,105,2019,1,1,0,Aprovado
2392,2019105029,105,2020,2,1,4,Retido
2393,2019105029,105,2021,2,2,0,Aprovado
2394,2019105029,105,2022,3,1,0,Aprovado
2395,2019105030,105,2019,1,1,0,Aprovado
2396,2019105030,105,2020,2,1,1,Aprovado com dependência
2397,2019105030,105,2021,3,1,0,Aprovado
2398,2019105031,105,2019,1,1,4,Retido
2399,2019105031,105,2020,1,2,2,Aprovado com dependência
2400,2019105031,105,2021,2,1,0,Aprovado
2401,2019105031,105,2022,3,1,2,Retido
2402,2019105031,105,2023,3,2,1,Retido
2403,2019105031,105,2024,3,3,0,Aprovado
2404,2019105032,105,2019,1,1,1,Aprovado com dependência
2405,2019105032,105,2020,2,1,0,Aprovado
2406,2019105032,105,2021,3,1,0,Aprovado
2407,2019105033,105,2019,1,1,1,Aprovado com dependência
2408,2019105033,105,2020,2,1,12,Retido
2409,2019105033,105,2021,2,2,0,Aprovado
2410,2019105033,105,2022,3,1,0,Aprovado
2411,2019105034,105,2019,1,1,2,Aprovado com dependência
2412,2019105034,105,2020,2,1,2,Aprovado com dependência
2413,2019105034,105,2021,3,1,4,Retido
2414,2019105034,105,2022,3,2,3,Retido
2415,2019105034,105,2023,3,3,2,Retido
2416,2019105035,105,2019,1,1,0,Aprovado
2417,2019105035,105,2020,2,1,0,Aprovado
2418,2019105035,105,2021,3,1,0,Aprovado
2419,2019105036,105,2019,1,1,0,Aprovado
2420,2019105036,105,2020,2,1,0,Aprovado
2421,2019105036,105,2021,3,1,2,Retido
2422,2019105036,105,2022,3,2,0,Aprovado
2423,2019105037,105,2019,1,1,1,Aprovado com dependência
2424,2019105037,105,2020,2,1,0,Aprovado
2425,2019105037,105,2021,3,1,1,Retido
2426,2019105037,105,2022,3,2,1,Retido
2427,2019105037,105,2023,3,3,1,Retido
2428,2019105038,105,2019,1,1,2,Aprovado com dependência
2429,2019105038,105,2020,2,1,1,Aprovado com dependência
2430,2019105038,105,2021,3,1,1,Retido
2431,2019105038,105,2022,3,2,0,Aprovado
2432,2019105039,105,2019,1,1,1,Aprovado com dependência
2433,2019105039,105,2020,2,1,0,Aprovado
2434,2019105039,105,2021,3,1,0,Aprovado
2435,2019105040,105,2019,1,1,0,Aprovado
2436,2019105040,105,2020,2,1,0,Aprovado
2437,2019105040,105,2021,3,1,0,Aprovado
2438,2019105041,105,2019,1,1,3,Retido
2439,2019105041,105,2020,1,2,0,Aprovado
2440,2019105041,105,2021,2,1,1,Aprovado com dependência
2441,2019105041,105,2022,3,1,4,Retido
2442,2019105041,105,2023,3,2,0,Aprovado
2443,2019105042,105,2019,1,1,0,Aprovado
2444,2019105042,105,2020,2,1,0,Aprovado
2445,2019105042,105,2021,3,1,0,Aprovado
2446,2019106001,106,2019,1,1,1,Aprovado com dependência
2447,2019106001,106,2020,2,1,0,Aprovado
2448,2019106001,106,2021,3,1,0,Aprovado
2449,2019106002,106,2019,1,1,0,Aprovado
2450,2019106002,106,2020,2,1,0,Aprovado
2451,2019106002,106,2021,3,1,0,Aprovado
2452,2019106003,106,2019,1,1,1,Aprovado com dependência
2453,2019106003,106,2020,2,1,3,Retido
2454,2019106003,106,2021,2,2,12,Retido
2455,2019106003,106,2022,2,3,8,Retido
2456,2019106004,106,2019,1,1,0,Aprovado
2457,2019106004,106,2020,2,1,0,Aprovado
2458,2019106004,106,2021,3,1,0,Aprovado
2459,2019106005,106,2019,1,1,0,Aprovado
2460,2019106005,106,2020,2,1,0,Aprovado
2461,2019106005,106,2021,3,1,0,Aprovado
2462,2019106006,106,2019,1,1,0,Aprovado
2463,2019106006,106,2020,2,1,3,Retido
2464,2019106006,106,2021,2,2,0,Aprovado
2465,2019106006,106,2022,3,1,0,Aprovado
2466,2019106007,106,2019,1,1,0,Aprovado
2467,2019106007,106,2020,2,1,3,Retido
2468,2019106007,106,2021,2,2,0,Aprovado
2469,2019106007,106,2022,3,1,0,Aprovado
2470,2019106008,106,2019,1,1,0,Aprovado
2471,2019106008,106,2020,2,1,0,Aprovado
2472,2019106008,106,2021,3,1,2,Retido
2473,2019106008,106,2022,3,2,0,Aprovado
2474,2019106009,106,2019,1,1,0,Aprovado
2475,2019106009,106,2020,2,1,0,Aprovado
2476,2019106009,106,2021,3,1,2,Retido
2477,2019106009,106,2022,3,2,0,Aprovado
2478,2019106010,106,2019,1,1,0,Aprovado
2479,2019106010,106,2020,2,1,0,Aprovado
2480,2019106010,106,2021,3,1,0,Aprovado
2481,2019106011,106,2019,1,1,0,Aprovado
2482,2019106011,106,2020,2,1,0,Aprovado
2483,2019106011,106,2021,3,1,0,Aprovado
2484,2019106012,106,2019,1,1,0,Aprovado
2485,2019106012,106,2020,2,1,2,Aprovado com dependência
2486,2019106012,106,2021,3,1,0,Aprovado
2487,2019106013,106,2019,1,1,2,Aprovado com dependência
2488,2019106013,106,2020,2,1,0,Aprovado
2489,2019106013,106,2021,3,1,7,Retido
2490,2019106013,106,2022,3,2,3,Retido
2491,2019106013,106,2023,3,3,1,Retido
2492,2019106014,106,2019,1,1,0,Aprovado
2493,2019106014,106,2020,2,1,5,Retido
2494,2019106014,106,2021,2,2,0,Aprovado
2495,2019106014,106,2022,3,1,1,Retido
2496,2019106015,106,2019,1,1,0,Aprovado
2497,2019106015,106,2020,2,1,0,Aprovado
2498,2019106015,106,2021,3,1,0,Aprovado
2499,2019106016,106,2019,1,1,0,Aprovado
2500,2019106016,106,2020,2,1,0,Aprovado
2501,2019106016,106,2021,3,1,0,Aprovado
2502,2019106017,106,2019,1,1,0,Aprovado
2503,2019106017,106,2020,2,1,0,Aprovado
2504,2019106017,106,2021,3,1,0,Aprovado
2505,2019106018,106,2019,1,1,2,Aprovado com dependência
2506,2019106018,106,2020,2,1,4,Retido
2507,2019106018,106,2021,2,2,2,Aprovado com dependência
2508,2019106018,106,2022,3,1,2,Retido
2509,2019106018,106,2023,3,2,2,Retido
2510,2019106019,106,2019,1,1,0,Aprovado
2511,2019106019,106,2020,2,1,0,Aprovado
2512,2019106019,106,2021,3,1,0,Aprovado
2513,2019106020,106,2019,1,1,3,Retido
2514,2019106020,106,2020,1,2,5,Retido
2515,2019106020,106,2021,1,3,11,Retido
2516,2019106020,106,2022,1,4,8,Retido
2517,2019106021,106,2019,1,1,0,Aprovado
2518,2019106021,106,2020,2,1,0,Aprovado
2519,2019106021,106,2021,3,1,0,Aprovado
2520,2019106022,106,2019,1,1,0,Aprovado
2521,2019106022,106,2020,2,1,0,Aprovado
2522,2019106022,106,2021,3,1,5,Retido
2523,2019106022,106,2022,3,2,0,Aprovado
2524,2019106023,106,2019,1,1,3,Retido
2525,2019106023,106,2020,1,2,0,Aprovado
2526,2019106023,106,2021,2,1,0,Aprovado
2527,2019106023,106,2022,3,1,2,Retido
2528,2019106023,106,2023,3,2,0,Aprovado
2529,2019106024,106,2019,1,1,1,Aprovado com dependência
2530,2019106024,106,2020,2,1,0,Aprovado
2531,2019106024,106,2021,3,1,0,Aprovado
2532,2019106025,106,2019,1,1,0,Aprovado
2533,2019106025,106,2020,2,1,0,Aprovado
2534,2019106025,106,2021,3,1,0,Aprovado
2535,2019106026,106,2019,1,1,0,Aprovado
2536,2019106026,106,2020,2,1,0,Aprovado
2537,2019106026,106,2021,3,1,4,Retido
2538,2019106027,106,2019,1,1,0,Aprovado
2539,2019106027,106,2020,2,1,0,Aprovado
2540,2019106027,106,2021,3,1,0,Aprovado
2541,2019106028,106,2019,1,1,2,Aprovado com dependência
2542,2019106028,106,2020,2,1,0,Aprovado
2543,2019106028,106,2021,3,1,4,Retido
2544,2019106028,106,2022,3,2,12,Retido
2545,2019106029,106,2019,1,1,2,Aprovado com dependência
2546,2019106029,106,2020,2,1,1,Aprovado com dependência
2547,2019106029,106,2021,3,1,0,Aprovado
2548,2019106030,106,2019,1,1,0,Aprovado
2549,2019106030,106,2020,2,1,0,Aprovado
2550,2019106030,106,2021,3,1,1,Retido
2551,2019106030,106,2022,3,2,1,Retido
2552,2019106030,106,2023,3,3,1,Retido
2553,2019106031,106,2019,1,1,0,Aprovado
2554,2019106031,106,2020,2,1,0,Aprovado
2555,2019106031,106,2021,3,1,0,Aprovado
2556,2019106032,106,2019,1,1,0,Aprovado
2557,2019106032,106,2020,2,1,0,Aprovado
2558,2019106032,106,2021,3,1,0,Aprovado
2559,2019106033,106,2019,1,1,0,Aprovado
2560,2019106033,106,2020,2,1,0,Aprovado
2561,2019106033,106,2021,3,1,0,Aprovado
2562,2019106034,106,2019,1,1,0,Aprovado
2563,2019106034,106,2020,2,1,0,Aprovado
2564,2019106034,106,2021,3,1,1,Retido
2565,2019106035,106,2019,1,1,0,Aprovado
2566,2019106035,106,2020,2,1,0,Aprovado
2567,2019106035,106,2021,3,1,0,Aprovado
2568,2019106036,106,2019,1,1,0,Aprovado
2569,2019106036,106,2020,2,1,0,Aprovado
2570,2019106036,106,2021,3,1,0,Aprovado
2571,2019106037,106,2019,1,1,0,Aprovado
2572,2019106037,106,2020,2,1,0,Aprovado
2573,2019106037,106,2021,3,1,0,Aprovado
2574,2019106038,106,2019,1,1,1,Aprovado com dependência
2575,2019106038,106,2020,2,1,0,Aprovado
2576,2019106038,106,2021,3,1,0,Aprovado
2577,2019106039,106,2019,1,1,1,Aprovado com dependência
2578,2019106039,106,2020,2,1,2,Aprovado com dependência
2579,2019106039,106,2021,3,1,0,Aprovado
2580,2019106040,106,2019,1,1,1,Aprovado com dependência
2581,2019106040,106,2020,2,1,0,Aprovado
2582,2019106040,106,2021,3,1,0,Aprovado
2583,2019106041,106,2019,1,1,1,Aprovado com dependência
2584,2019106041,106,2020,2,1,4,Retido
2585,2019106041,106,2021,2,2,2,Aprovado com dependência
2586,2019106041,106,2022,3,1,0,Aprovado
2587,2019106042,106,2019,1,1,0,Aprovado
2588,2019106042,106,2020,2,1,0,Aprovado
2589,2019106042,106,2021,3,1,0,Aprovado
2590,2020101001,101,2020,1,1,0,Aprovado
2591,2020101001,101,2021,2,1,0,Aprovado
2592,2020101001,101,2022,3,1,1,Retido
2593,2020101001,101,2023,3,2,0,Aprovado
2594,2020101002,101,2020,1,1,5,Retido
2595,2020101002,101,2021,1,2,3,Retido
2596,2020101003,101,2020,1,1,2,Aprovado com dependência
2597,2020101003,101,2021,2,1,2,Aprovado com dependência
2598,2020101003,101,2022,3,1,2,Retido
2599,2020101003,101,2023,3,2,2,Retido
2600,2020101003,101,2024,3,3,1,Retido
2601,2020101004,101,2020,1,1,7,Retido
2602,2020101004,101,2021,1,2,0,Aprovado
2603,2020101004,101,2022,2,1,1,Aprovado com dependência
2604,2020101004,101,2023,3,1,0,Aprovado
2605,2020101005,101,2020,1,1,1,Aprovado com dependência
2606,2020101005,101,2021,2,1,2,Aprovado com dependência
2607,2020101005,101,2022,3,1,2,Retido
2608,2020101005,101,2023,3,2,1,Retido
2609,2020101005,101,2024,3,3,0,Aprovado
2610,2020101006,101,2020,1,1,0,Aprovado
2611,2020101006,101,2021,2,1,0,Aprovado
2612,2020101006,101,2022,3,1,0,Aprovado
2613,2020101007,101,2020,1,1,0,Aprovado
2614,2020101008,101,2020,1,1,0,Aprovado
2615,2020101009,101,2020,1,1,3,Retido
2616,2020101009,101,2021,1,2,2,Aprovado com dependência
2617,2020101009,101,2022,2,1,0,Aprovado
2618,2020101009,101,2023,3,1,1,Retido
2619,2020101010,101,2020,1,1,4,Retido
2620,2020101010,101,2021,1,2,6,Retido
2621,2020101010,101,2022,1,3,0,Aprovado
2622,2020101010,101,2023,2,1,0,Aprovado
2623,2020101010,101,2024,3,1,0,Aprovado
2624,2020101011,101,2020,1,1,0,Aprovado
2625,2020101011,101,2021,2,1,0,Aprovado
2626,2020101011,101,2022,3,1,0,Aprovado
2627,2020101012,101,2020,1,1,,Evadido
2628,2020101013,101,2020,1,1,0,Aprovado
2629,2020101013,101,2021,2,1,0,Aprovado
2630,2020101013,101,2022,3,1,1,Retido
2631,2020101013,101,2023,3,2,0,Aprovado
2632,2020101014,101,2020,1,1,1,Aprovado com dependência
2633,2020101014,101,2021,2,1,0,Aprovado
2634,2020101014,101,2022,3,1,,Evadido
2635,2020101015,101,2020,1,1,2,Aprovado com dependência
2636,2020101015,101,2021,2,1,2,Aprovado com dependência
2637,2020101015,101,2022,3,1,4,Retido
2638,2020101015,101,2023,3,2,4,Retido
2639,2020101015,101,2024,3,3,0,Aprovado
2640,2020101016,101,2020,1,1,0,Aprovado
2641,2020101016,101,2021,2,1,0,Aprovado
2642,2020101016,101,2022,3,1,0,Aprovado
2643,2020101017,101,2020,1,1,1,Aprovado com dependência
2644,2020101017,101,2021,2,1,2,Aprovado com dependência
2645,2020101017,101,2022,3,1,4,Retido
2646,2020101017,101,2023,3,2,0,Aprovado
2647,2020101018,101,2020,1,1,,Evadido
2648,2020101019,101,2020,1,1,2,Aprovado com dependência
2649,2020101019,101,2021,2,1,1,Aprovado com dependência
2650,2020101019,101,2022,3,1,2,Retido
2651,2020101019,101,2023,3,2,1,Retido
2652,2020101020,101,2020,1,1,0,Aprovado
2653,2020101020,101,2021,2,1,0,Aprovado
2654,2020101020,101,2022,3,1,0,Aprovado
2655,2020101021,101,2020,1,1,0,Aprovado
2656,2020101021,101,2021,2,1,1,Aprovado com dependência
2657,2020101021,101,2022,3,1,0,Aprovado
2658,2020101022,101,2020,1,1,1,Aprovado com dependência
2659,2020101022,101,2021,2,1,13,Retido
2660,2020101022,101,2022,2,2,1,Aprovado com dependência
2661,2020101022,101,2023,3,1,0,Aprovado
2662,2020101023,101,2020,1,1,3,Retido
2663,2020101023,101,2021,1,2,3,Retido
2664,2020101023,101,2022,1,3,1,Aprovado com dependência
2665,2020101023,101,2023,2,1,0,Aprovado
2666,2020101023,101,2024,3,1,2,Retido
2667,2020101024,101,2020,1,1,3,Retido
2668,2020101024,101,2021,1,2,1,Aprovado com dependência
2669,2020101024,101,2022,2,1,0,Aprovado
2670,2020101024,101,2023,3,1,0,Aprovado
2671,2020101025,101,2020,1,1,5,Retido
2672,2020101025,101,2021,1,2,4,Retido
2673,2020101025,101,2022,1,3,0,Aprovado
2674,2020101025,101,2023,2,1,2,Aprovado com dependência
2675,2020101025,101,2024,3,1,3,Retido
2676,2020101026,101,2020,1,1,4,Retido
2677,2020101027,101,2020,1,1,2,Aprovado com dependência
2678,2020101027,101,2021,2,1,0,Aprovado
2679,2020101027,101,2022,3,1,2,Retido
2680,2020101027,101,2023,3,2,1,Retido
2681,2020101027,101,2024,3,3,0,Aprovado
2682,2020101028,101,2020,1,1,0,Aprovado
2683,2020101028,101,2021,2,1,1,Aprovado com dependência
2684,2020101028,101,2022,3,1,0,Aprovado
2685,2020101029,101,2020,1,1,2,Aprovado com dependência
2686,2020101029,101,2021,2,1,1,Aprovado com dependência
2687,2020101029,101,2022,3,1,4,Retido
2688,2020101029,101,2023,3,2,1,Retido
2689,2020101029,101,2024,3,3,3,Retido
2690,2020101030,101,2020,1,1,0,Aprovado
2691,2020101030,101,2021,2,1,0,Aprovado
2692,2020101030,101,2022,3,1,0,Aprovado
2693,2020101031,101,2020,1,1,1,Aprovado com dependência
2694,2020101031,101,2021,2,1,2,Aprovado com dependência
2695,2020101031,101,2022,3,1,1,Retido
2696,2020101031,101,2023,3,2,0,Aprovado
2697,2020101032,101,2020,1,1,2,Aprovado com dependência
2698,2020101032,101,2021,2,1,1,Aprovado com dependência
2699,2020101032,101,2022,3,1,4,Retido
2700,2020101032,101,2023,3,2,0,Aprovado
2701,2020101033,101,2020,1,1,1,Aprovado com dependência
2702,2020101033,101,2021,2,1,1,Aprovado com dependência
2703,2020101033,101,2022,3,1,0,Aprovado
2704,2020101034,101,2020,1,1,4,Retido
2705,2020101034,101,2021,1,2,4,Retido
2706,2020101034,101,2022,1,3,2,Aprovado com dependência
2707,2020101034,101,2023,2,1,3,Retido
2708,2020101034,101,2024,2,2,1,Aprovado com dependência
2709,2020101034,101,2025,3,1,1,Retido
2710,2020101034,101,2026,3,2,,Em curso
2711,2020101035,101,2020,1,1,0,Aprovado
2712,2020101035,101,2021,2,1,0,Aprovado
2713,2020101035,101,2022,3,1,0,Aprovado
2714,2020101036,101,2020,1,1,4,Retido
2715,2020101036,101,2021,1,2,4,Retido
2716,2020101036,101,2022,1,3,2,Aprovado com dependência
2717,2020101036,101,2023,2,1,,Evadido
2718,2020101037,101,2020,1,1,3,Retido
2719,2020101037,101,2021,1,2,0,Aprovado
2720,2020101037,101,2022,2,1,2,Aprovado com dependência
2721,2020101037,101,2023,3,1,2,Retido
2722,2020101037,101,2024,3,2,0,Aprovado
2723,2020101038,101,2020,1,1,4,Retido
2724,2020101038,101,2021,1,2,3,Retido
2725,2020101038,101,2022,1,3,1,Aprovado com dependência
2726,2020101038,101,2023,2,1,2,Aprovado com dependência
2727,2020101039,101,2020,1,1,0,Aprovado
2728,2020101039,101,2021,2,1,2,Aprovado com dependência
2729,2020101039,101,2022,3,1,0,Aprovado
2730,2020101040,101,2020,1,1,0,Aprovado
2731,2020101040,101,2021,2,1,6,Retido
2732,2020101040,101,2022,2,2,0,Aprovado
2733,2020101040,101,2023,3,1,1,Retido
2734,2020101041,101,2020,1,1,0,Aprovado
2735,2020101041,101,2021,2,1,1,Aprovado com dependência
2736,2020101041,101,2022,3,1,0,Aprovado
2737,2020101042,101,2020,1,1,1,Aprovado com dependência
2738,2020101042,101,2021,2,1,1,Aprovado com dependência
2739,2020101042,101,2022,3,1,3,Retido
2740,2020101042,101,2023,3,2,1,Retido
2741,2020101042,101,2024,3,3,0,Aprovado
2742,2020101043,101,2020,1,1,2,Aprovado com dependência
2743,2020101043,101,2021,2,1,1,Aprovado com dependência
2744,2020101043,101,2022,3,1,1,Retido
2745,2020101043,101,2023,3,2,1,Retido
2746,2020101043,101,2024,3,3,1,Retido
2747,2020101044,101,2020,1,1,0,Aprovado
2748,2020101044,101,2021,2,1,3,Retido
2749,2020101044,101,2022,2,2,0,Aprovado
2750,2020101044,101,2023,3,1,1,Retido
2751,2020101044,101,2024,3,2,0,Aprovado
2752,2020101045,101,2020,1,1,0,Aprovado
2753,2020101045,101,2021,2,1,0,Aprovado
2754,2020101045,101,2022,3,1,0,Aprovado
2755,2020101046,101,2020,1,1,3,Retido
2756,2020101046,101,2021,1,2,1,Aprovado com dependência
2757,2020101046,101,2022,2,1,2,Aprovado com dependência
2758,2020101046,101,2023,3,1,2,Retido
2759,2020101046,101,2024,3,2,1,Retido
2760,2020102001,102,2020,1,1,12,Retido
2761,2020102002,102,2020,1,1,0,Aprovado
2762,2020102002,102,2021,2,1,0,Aprovado
2763,2020102002,102,2022,3,1,0,Aprovado
2764,2020102003,102,2020,1,1,0,Aprovado
2765,2020102003,102,2021,2,1,0,Aprovado
2766,2020102003,102,2022,3,1,0,Aprovado
2767,2020102004,102,2020,1,1,2,Aprovado com dependência
2768,2020102004,102,2021,2,1,2,Aprovado com dependência
2769,2020102004,102,2022,3,1,3,Retido
2770,2020102004,102,2023,3,2,1,Retido
2771,2020102005,102,2020,1,1,1,Aprovado com dependência
2772,2020102005,102,2021,2,1,1,Aprovado com dependência
2773,2020102005,102,2022,3,1,0,Aprovado
2774,2020102006,102,2020,1,1,0,Aprovado
2775,2020102006,102,2021,2,1,1,Aprovado com dependência
2776,2020102006,102,2022,3,1,0,Aprovado
2777,2020102007,102,2020,1,1,0,Aprovado
2778,2020102007,102,2021,2,1,0,Aprovado
2779,2020102007,102,2022,3,1,0,Aprovado
2780,2020102008,102,2020,1,1,0,Aprovado
2781,2020102008,102,2021,2,1,0,Aprovado
2782,2020102008,102,2022,3,1,1,Retido
2783,2020102008,102,2023,3,2,0,Aprovado
2784,2020102009,102,2020,1,1,0,Aprovado
2785,2020102009,102,2021,2,1,0,Aprovado
2786,2020102009,102,2022,3,1,0,Aprovado
2787,2020102010,102,2020,1,1,1,Aprovado com dependência
2788,2020102010,102,2021,2,1,3,Retido
2789,2020102010,102,2022,2,2,2,Aprovado com dependência
2790,2020102010,102,2023,3,1,1,Retido
2791,2020102010,102,2024,3,2,0,Aprovado
2792,2020102011,102,2020,1,1,6,Retido
2793,2020102011,102,2021,1,2,3,Retido
2794,2020102011,102,2022,1,3,0,Aprovado
2795,2020102011,102,2023,2,1,2,Aprovado com dependência
2796,2020102011,102,2024,3,1,0,Aprovado
2797,2020102012,102,2020,1,1,0,Aprovado
2798,2020102012,102,2021,2,1,0,Aprovado
2799,2020102012,102,2022,3,1,0,Aprovado
2800,2020102013,102,2020,1,1,3,Retido
2801,2020102013,102,2021,1,2,3,Retido
2802,2020102014,102,2020,1,1,0,Aprovado
2803,2020102014,102,2021,2,1,0,Aprovado
2804,2020102014,102,2022,3,1,0,Aprovado
2805,2020102015,102,2020,1,1,4,Retido
2806,2020102015,102,2021,1,2,4,Retido
2807,2020102015,102,2022,1,3,4,Retido
2808,2020102016,102,2020,1,1,0,Aprovado
2809,2020102016,102,2021,2,1,1,Aprovado com dependência
2810,2020102016,102,2022,3,1,0,Aprovado
2811,2020102017,102,2020,1,1,4,Retido
2812,2020102018,102,2020,1,1,0,Aprovado
2813,2020102019,102,2020,1,1,2,Aprovado com dependência
2814,2020102019,102,2021,2,1,4,Retido
2815,2020102019,102,2022,2,2,2,Aprovado com dependência
2816,2020102019,102,2023,3,1,4,Retido
2817,2020102019,102,2024,3,2,1,Retido
2818,2020102020,102,2020,1,1,4,Retido
2819,2020102020,102,2021,1,2,1,Aprovado com dependência
2820,2020102020,102,2022,2,1,4,Retido
2821,2020102020,102,2023,2,2,4,Retido
2822,2020102021,102,2020,1,1,0,Aprovado
2823,2020102021,102,2021,2,1,0,Aprovado
2824,2020102021,102,2022,3,1,0,Aprovado
2825,2020102022,102,2020,1,1,2,Aprovado com dependência
2826,2020102022,102,2021,2,1,2,Aprovado com dependência
2827,2020102022,102,2022,3,1,2,Retido
2828,2020102022,102,2023,3,2,1,Retido
2829,2020102022,102,2024,3,3,1,Retido
2830,2020102023,102,2020,1,1,10,Retido
2831,2020102023,102,2021,1,2,2,Aprovado com dependência
2832,2020102023,102,2022,2,1,6,Retido
2833,2020102024,102,2020,1,1,0,Aprovado
2834,2020102024,102,2021,2,1,0,Aprovado
2835,2020102024,102,2022,3,1,0,Aprovado
2836,2020102025,102,2020,1,1,0,Aprovado
2837,2020102025,102,2021,2,1,13,Retido
2838,2020102025,102,2022,2,2,6,Retido
2839,2020102026,102,2020,1,1,1,Aprovado com dependência
2840,2020102026,102,2021,2,1,0,Aprovado
2841,2020102026,102,2022,3,1,0,Aprovado
2842,2020102027,102,2020,1,1,14,Retido
2843,2020102027,102,2021,1,2,13,Retido
2844,2020102027,102,2022,1,3,3,Retido
2845,2020102028,102,2020,1,1,0,Aprovado
2846,2020102028,102,2021,2,1,0,Aprovado
2847,2020102028,102,2022,3,1,0,Aprovado
2848,2020102029,102,2020,1,1,3,Retido
2849,2020102030,102,2020,1,1,0,Aprovado
2850,2020102030,102,2021,2,1,1,Aprovado com dependência
2851,2020102030,102,2022,3,1,1,Retido
2852,2020102031,102,2020,1,1,1,Aprovado com dependência
2853,2020102031,102,2021,2,1,0,Aprovado
2854,2020102031,102,2022,3,1,0,Aprovado
2855,2020102032,102,2020,1,1,2,Aprovado com dependência
2856,2020102032,102,2021,2,1,1,Aprovado com dependência
2857,2020102032,102,2022,3,1,4,Retido
2858,2020102032,102,2023,3,2,6,Retido
2859,2020102032,102,2024,3,3,0,Aprovado
2860,2020102033,102,2020,1,1,4,Retido
2861,2020102033,102,2021,1,2,11,Retido
2862,2020102033,102,2022,1,3,0,Aprovado
2863,2020102034,102,2020,1,1,0,Aprovado
2864,2020102034,102,2021,2,1,4,Retido
2865,2020102034,102,2022,2,2,0,Aprovado
2866,2020102034,102,2023,3,1,4,Retido
2867,2020102034,102,2024,3,2,0,Aprovado
2868,2020102035,102,2020,1,1,0,Aprovado
2869,2020102035,102,2021,2,1,0,Aprovado
2870,2020102035,102,2022,3,1,0,Aprovado
2871,2020102036,102,2020,1,1,0,Aprovado
2872,2020102036,102,2021,2,1,0,Aprovado
2873,2020102036,102,2022,3,1,0,Aprovado
2874,2020102037,102,2020,1,1,0,Aprovado
2875,2020102037,102,2021,2,1,0,Aprovado
2876,2020102037,102,2022,3,1,0,Aprovado
2877,2020102038,102,2020,1,1,2,Aprovado com dependência
2878,2020102038,102,2021,2,1,3,Retido
2879,2020102038,102,2022,2,2,3,Retido
2880,2020102039,102,2020,1,1,4,Retido
2881,2020102039,102,2021,1,2,0,Aprovado
2882,2020102039,102,2022,2,1,2,Aprovado com dependência
2883,2020102039,102,2023,3,1,0,Aprovado
2884,2020102040,102,2020,1,1,7,Retido
2885,2020102040,102,2021,1,2,14,Retido
2886,2020102041,102,2020,1,1,1,Aprovado com dependência
2887,2020102041,102,2021,2,1,0,Aprovado
2888,2020102041,102,2022,3,1,9,Retido
2889,2020102041,102,2023,3,2,2,Retido
2890,2020102041,102,2024,3,3,3,Retido
2891,2020102042,102,2020,1,1,0,Aprovado
2892,2020102042,102,2021,2,1,0,Aprovado
2893,2020102042,102,2022,3,1,0,Aprovado
2894,2020102043,102,2020,1,1,8,Retido
2895,2020102043,102,2021,1,2,7,Retido
2896,2020102043,102,2022,1,3,5,Retido
2897,2020102044,102,2020,1,1,0,Aprovado
2898,2020102044,102,2021,2,1,0,Aprovado
2899,2020102044,102,2022,3,1,0,Aprovado
2900,2020102045,102,2020,1,1,0,Aprovado
2901,2020102045,102,2021,2,1,0,Aprovado
2902,2020102045,102,2022,3,1,1,Retido
2903,2020102045,102,2023,3,2,0,Aprovado
2904,2020102046,102,2020,1,1,1,Aprovado com dependência
2905,2020102046,102,2021,2,1,0,Aprovado
2906,2020102046,102,2022,3,1,0,Aprovado
2907,2020102047,102,2020,1,1,1,Aprovado com dependência
2908,2020102047,102,2021,2,1,3,Retido
2909,2020102047,102,2022,2,2,0,Aprovado
2910,2020102047,102,2023,3,1,0,Aprovado
2911,2020103001,103,2020,1,1,0,Aprovado
2912,2020103001,103,2021,2,1,0,Aprovado
2913,2020103001,103,2022,3,1,0,Aprovado
2914,2020103002,103,2020,1,1,0,Aprovado
2915,2020103002,103,2021,2,1,0,Aprovado
2916,2020103002,103,2022,3,1,0,Aprovado
2917,2020103003,103,2020,1,1,3,Retido
2918,2020103003,103,2021,1,2,4,Retido
2919,2020103003,103,2022,1,3,7,Retido
2920,2020103004,103,2020,1,1,1,Aprovado com dependência
2921,2020103004,103,2021,2,1,1,Aprovado com dependência
2922,2020103004,103,2022,3,1,2,Retido
2923,2020103004,103,2023,3,2,1,Retido
2924,2020103004,103,2024,3,3,1,Retido
2925,2020103004,103,2025,3,4,0,Aprovado
2926,2020103005,103,2020,1,1,0,Aprovado
2927,2020103005,103,2021,2,1,0,Aprovado
2928,2020103005,103,2022,3,1,0,Aprovado
2929,2020103006,103,2020,1,1,0,Aprovado
2930,2020103007,103,2020,1,1,10,Retido
2931,2020103008,103,2020,1,1,1,Aprovado com dependência
2932,2020103008,103,2021,2,1,0,Aprovado
2933,2020103008,103,2022,3,1,0,Aprovado
2934,2020103009,103,2020,1,1,0,Aprovado
2935,2020103009,103,2021,2,1,0,Aprovado
2936,2020103009,103,2022,3,1,10,Retido
2937,2020103009,103,2023,3,2,0,Aprovado
2938,2020103010,103,2020,1,1,0,Aprovado
2939,2020103010,103,2021,2,1,0,Aprovado
2940,2020103010,103,2022,3,1,1,Retido
2941,2020103010,103,2023,3,2,0,Aprovado
2942,2020103011,103,2020,1,1,3,Retido
2943,2020103011,103,2021,1,2,1,Aprovado com dependência
2944,2020103011,103,2022,2,1,1,Aprovado com dependência
2945,2020103011,103,2023,3,1,0,Aprovado
2946,2020103012,103,2020,1,1,0,Aprovado
2947,2020103012,103,2021,2,1,0,Aprovado
2948,2020103012,103,2022,3,1,0,Aprovado
2949,2020103013,103,2020,1,1,9,Retido
2950,2020103013,103,2021,1,2,0,Aprovado
2951,2020103013,103,2022,2,1,1,Aprovado com dependência
2952,2020103014,103,2020,1,1,0,Aprovado
2953,2020103014,103,2021,2,1,0,Aprovado
2954,2020103014,103,2022,3,1,0,Aprovado
2955,2020103015,103,2020,1,1,0,Aprovado
2956,2020103015,103,2021,2,1,0,Aprovado
2957,2020103015,103,2022,3,1,0,Aprovado
2958,2020103016,103,2020,1,1,12,Retido
2959,2020103016,103,2021,1,2,12,Retido
2960,2020103017,103,2020,1,1,0,Aprovado
2961,2020103017,103,2021,2,1,1,Aprovado com dependência
2962,2020103017,103,2022,3,1,1,Retido
2963,2020103017,103,2023,3,2,0,Aprovado
2964,2020103018,103,2020,1,1,1,Aprovado com dependência
2965,2020103018,103,2021,2,1,10,Retido
2966,2020103019,103,2020,1,1,6,Retido
2967,2020103019,103,2021,1,2,7,Retido
2968,2020103019,103,2022,1,3,3,Retido
2969,2020103019,103,2023,1,4,2,Aprovado com dependência
2970,2020103019,103,2024,2,1,6,Retido
2971,2020103019,103,2025,2,2,3,Retido
2972,2020103020,103,2020,1,1,0,Aprovado
2973,2020103020,103,2021,2,1,0,Aprovado
2974,2020103020,103,2022,3,1,0,Aprovado
2975,2020103021,103,2020,1,1,11,Retido
2976,2020103021,103,2021,1,2,2,Aprovado com dependência
2977,2020103021,103,2022,2,1,2,Aprovado com dependência
2978,2020103022,103,2020,1,1,0,Aprovado
2979,2020103022,103,2021,2,1,1,Aprovado com dependência
2980,2020103022,103,2022,3,1,0,Aprovado
2981,2020103023,103,2020,1,1,0,Aprovado
2982,2020103023,103,2021,2,1,3,Retido
2983,2020103023,103,2022,2,2,2,Aprovado com dependência
2984,2020103023,103,2023,3,1,0,Aprovado
2985,2020103024,103,2020,1,1,5,Retido
2986,2020103024,103,2021,1,2,2,Aprovado com dependência
2987,2020103024,103,2022,2,1,2,Aprovado com dependência
2988,2020103025,103,2020,1,1,4,Retido
2989,2020103025,103,2021,1,2,4,Retido
2990,2020103025,103,2022,1,3,0,Aprovado
2991,2020103025,103,2023,2,1,0,Aprovado
2992,2020103025,103,2024,3,1,4,Retido
2993,2020103026,103,2020,1,1,0,Aprovado
2994,2020103026,103,2021,2,1,0,Aprovado
2995,2020103026,103,2022,3,1,0,Aprovado
2996,2020103027,103,2020,1,1,0,Aprovado
2997,2020103027,103,2021,2,1,1,Aprovado com dependência
2998,2020103027,103,2022,3,1,3,Retido
2999,2020103027,103,2023,3,2,7,Retido
3000,2020103027,103,2024,3,3,0,Aprovado
3001,2020103028,103,2020,1,1,,Evadido
3002,2020103029,103,2020,1,1,5,Retido
3003,2020103029,103,2021,1,2,4,Retido
3004,2020103029,103,2022,1,3,4,Retido
3005,2020103030,103,2020,1,1,1,Aprovado com dependência
3006,2020103030,103,2021,2,1,0,Aprovado
3007,2020103030,103,2022,3,1,2,Retido
3008,2020103031,103,2020,1,1,3,Retido
3009,2020103031,103,2021,1,2,2,Aprovado com dependência
3010,2020103031,103,2022,2,1,1,Aprovado com dependência
3011,2020103031,103,2023,3,1,2,Retido
3012,2020103031,103,2024,3,2,2,Retido
3013,2020103032,103,2020,1,1,0,Aprovado
3014,2020103032,103,2021,2,1,0,Aprovado
3015,2020103032,103,2022,3,1,0,Aprovado
3016,2020103033,103,2020,1,1,2,Aprovado com dependência
3017,2020103033,103,2021,2,1,2,Aprovado com dependência
3018,2020103033,103,2022,3,1,2,Retido
3019,2020103033,103,2023,3,2,4,Retido
3020,2020103033,103,2024,3,3,0,Aprovado
3021,2020103034,103,2020,1,1,11,Retido
3022,2020103034,103,2021,1,2,3,Retido
3023,2020103034,103,2022,1,3,1,Aprovado com dependência
3024,2020103034,103,2023,2,1,3,Retido
3025,2020103035,103,2020,1,1,7,Retido
3026,2020103036,103,2020,1,1,1,Aprovado com dependência
3027,2020103036,103,2021,2,1,5,Retido
3028,2020103036,103,2022,2,2,2,Aprovado com dependência
3029,2020103036,103,2023,3,1,7,Retido
3030,2020103037,103,2020,1,1,0,Aprovado
3031,2020103037,103,2021,2,1,0,Aprovado
3032,2020103037,103,2022,3,1,1,Retido
3033,2020103037,103,2023,3,2,0,Aprovado
3034,2020103038,103,2020,1,1,0,Aprovado
3035,2020103038,103,2021,2,1,0,Aprovado
3036,2020103038,103,2022,3,1,0,Aprovado
3037,2020103039,103,2020,1,1,0,Aprovado
3038,2020103039,103,2021,2,1,0,Aprovado
3039,2020103039,103,2022,3,1,1,Retido
3040,2020103039,103,2023,3,2,0,Aprovado
3041,2020103040,103,2020,1,1,0,Aprovado
3042,2020103040,103,2021,2,1,1,Aprovado com dependência
3043,2020103040,103,2022,3,1,1,Retido
3044,2020103040,103,2023,3,2,0,Aprovado
3045,2020103041,103,2020,1,1,2,Aprovado com dependência
3046,2020103041,103,2021,2,1,0,Aprovado
3047,2020103041,103,2022,3,1,1,Retido
3048,2020103041,103,2023,3,2,0,Aprovado
3049,2020103042,103,2020,1,1,0,Aprovado
3050,2020103042,103,2021,2,1,3,Retido
3051,2020103042,103,2022,2,2,0,Aprovado
3052,2020103042,103,2023,3,1,0,Aprovado
3053,2020103043,103,2020,1,1,1,Aprovado com dependência
3054,2020103043,103,2021,2,1,9,Retido
3055,2020103043,103,2022,2,2,0,Aprovado
3056,2020103043,103,2023,3,1,10,Retido
3057,2020103044,103,2020,1,1,0,Aprovado
3058,2020103044,103,2021,2,1,0,Aprovado
3059,2020103044,103,2022,3,1,0,Aprovado
3060,2020103045,103,2020,1,1,1,Aprovado com dependência
3061,2020103045,103,2021,2,1,0,Aprovado
3062,2020103045,103,2022,3,1,3,Retido
3063,2020103045,103,2023,3,2,0,Aprovado
3064,2020104001,104,2020,1,1,0,Aprovado
3065,2020104001,104,2021,2,1,5,Retido
3066,2020104001,104,2022,2,2,0,Aprovado
3067,2020104001,104,2023,3,1,1,Retido
3068,2020104001,104,2024,3,2,1,Retido
3069,2020104002,104,2020,1,1,1,Aprovado com dependência
3070,2020104002,104,2021,2,1,0,Aprovado
3071,2020104002,104,2022,3,1,0,Aprovado
3072,2020104003,104,2020,1,1,0,Aprovado
3073,2020104003,104,2021,2,1,0,Aprovado
3074,2020104003,104,2022,3,1,0,Aprovado
3075,2020104004,104,2020,1,1,1,Aprovado com dependência
3076,2020104004,104,2021,2,1,0,Aprovado
3077,2020104004,104,2022,3,1,2,Retido
3078,2020104004,104,2023,3,2,1,Retido
3079,2020104004,104,2024,3,3,0,Aprovado
3080,2020104005,104,2020,1,1,0,Aprovado
3081,2020104005,104,2021,2,1,0,Aprovado
3082,2020104005,104,2022,3,1,3,Retido
3083,2020104005,104,2023,3,2,1,Retido
3084,2020104006,104,2020,1,1,0,Aprovado
3085,2020104006,104,2021,2,1,0,Aprovado
3086,2020104006,104,2022,3,1,0,Aprovado
3087,2020104007,104,2020,1,1,3,Retido
3088,2020104007,104,2021,1,2,4,Retido
3089,2020104007,104,2022,1,3,3,Retido
3090,2020104008,104,2020,1,1,0,Aprovado
3091,2020104008,104,2021,2,1,0,Aprovado
3092,2020104008,104,2022,3,1,0,Aprovado
3093,2020104009,104,2020,1,1,3,Retido
3094,2020104009,104,2021,1,2,3,Retido
3095,2020104009,104,2022,1,3,2,Aprovado com dependência
3096,2020104009,104,2023,2,1,0,Aprovado
3097,2020104009,104,2024,3,1,2,Retido
3098,2020104010,104,2020,1,1,0,Aprovado
3099,2020104010,104,2021,2,1,0,Aprovado
3100,2020104010,104,2022,3,1,0,Aprovado
3101,2020104011,104,2020,1,1,0,Aprovado
3102,2020104011,104,2021,2,1,0,Aprovado
3103,2020104011,104,2022,3,1,1,Retido
3104,2020104011,104,2023,3,2,0,Aprovado
3105,2020104012,104,2020,1,1,0,Aprovado
3106,2020104012,104,2021,2,1,0,Aprovado
3107,2020104012,104,2022,3,1,0,Aprovado
3108,2020104013,104,2020,1,1,0,Aprovado
3109,2020104013,104,2021,2,1,2,Aprovado com dependência
3110,2020104013,104,2022,3,1,1,Retido
3111,2020104013,104,2023,3,2,0,Aprovado
3112,2020104014,104,2020,1,1,8,Retido
3113,2020104014,104,2021,1,2,1,Aprovado com dependência
3114,2020104014,104,2022,2,1,2,Aprovado com dependência
3115,2020104014,104,2023,3,1,3,Retido
3116,2020104014,104,2024,3,2,1,Retido
3117,2020104015,104,2020,1,1,5,Retido
3118,2020104015,104,2021,1,2,2,Aprovado com dependência
3119,2020104015,104,2022,2,1,1,Aprovado com dependência
3120,2020104015,104,2023,3,1,1,Retido
3121,2020104015,104,2024,3,2,4,Retido
3122,2020104015,104,2025,3,3,0,Aprovado
3123,2020104016,104,2020,1,1,0,Aprovado
3124,2020104016,104,2021,2,1,2,Aprovado com dependência
3125,2020104016,104,2022,3,1,1,Retido
3126,2020104016,104,2023,3,2,0,Aprovado
3127,2020104017,104,2020,1,1,0,Aprovado
3128,2020104017,104,2021,2,1,0,Aprovado
3129,2020104017,104,2022,3,1,0,Aprovado
3130,2020104018,104,2020,1,1,4,Retido
3131,2020104019,104,2020,1,1,0,Aprovado
3132,2020104019,104,2021,2,1,0,Aprovado
3133,2020104019,104,2022,3,1,0,Aprovado
3134,2020104020,104,2020,1,1,5,Retido
3135,2020104020,104,2021,1,2,4,Retido
3136,2020104020,104,2022,1,3,1,Aprovado com dependência
3137,2020104021,104,2020,1,1,2,Aprovado com dependência
3138,2020104021,104,2021,2,1,2,Aprovado com dependência
3139,2020104021,104,2022,3,1,2,Retido
3140,2020104021,104,2023,3,2,1,Retido
3141,2020104022,104,2020,1,1,2,Aprovado com dependência
3142,2020104022,104,2021,2,1,2,Aprovado com dependência
3143,2020104022,104,2022,3,1,2,Retido
3144,2020104022,104,2023,3,2,3,Retido
3145,2020104023,104,2020,1,1,2,Aprovado com dependência
3146,2020104023,104,2021,2,1,7,Retido
3147,2020104024,104,2020,1,1,0,Aprovado
3148,2020104024,104,2021,2,1,0,Aprovado
3149,2020104024,104,2022,3,1,0,Aprovado
3150,2020104025,104,2020,1,1,0,Aprovado
3151,2020104025,104,2021,2,1,0,Aprovado
3152,2020104025,104,2022,3,1,0,Aprovado
3153,2020104026,104,2020,1,1,0,Aprovado
3154,2020104026,104,2021,2,1,0,Aprovado
3155,2020104026,104,2022,3,1,0,Aprovado
3156,2020104027,104,2020,1,1,0,Aprovado
3157,2020104027,104,2021,2,1,0,Aprovado
3158,2020104027,104,2022,3,1,1,Retido
3159,2020104027,104,2023,3,2,0,Aprovado
3160,2020104028,104,2020,1,1,,Evadido
3161,2020104029,104,2020,1,1,0,Aprovado
3162,2020104029,104,2021,2,1,0,Aprovado
3163,2020104029,104,2022,3,1,0,Aprovado
3164,2020104030,104,2020,1,1,1,Aprovado com dependência
3165,2020104030,104,2021,2,1,1,Aprovado com dependência
3166,2020104030,104,2022,3,1,1,Retido
3167,2020104030,104,2023,3,2,0,Aprovado
3168,2020104031,104,2020,1,1,0,Aprovado
3169,2020104031,104,2021,2,1,0,Aprovado
3170,2020104031,104,2022,3,1,0,Aprovado
3171,2020104032,104,2020,1,1,2,Aprovado com dependência
3172,2020104032,104,2021,2,1,4,Retido
3173,2020104032,104,2022,2,2,0,Aprovado
3174,2020104032,104,2023,3,1,1,Retido
3175,2020104032,104,2024,3,2,3,Retido
3176,2020104033,104,2020,1,1,2,Aprovado com dependência
3177,2020104033,104,2021,2,1,1,Aprovado com dependência
3178,2020104033,104,2022,3,1,1,Retido
3179,2020104033,104,2023,3,2,0,Aprovado
3180,2020104034,104,2020,1,1,1,Aprovado com dependência
3181,2020104034,104,2021,2,1,0,Aprovado
3182,2020104034,104,2022,3,1,3,Retido
3183,2020104034,104,2023,3,2,0,Aprovado
3184,2020104035,104,2020,1,1,0,Aprovado
3185,2020104035,104,2021,2,1,0,Aprovado
3186,2020104035,104,2022,3,1,0,Aprovado
3187,2020104036,104,2020,1,1,0,Aprovado
3188,2020104036,104,2021,2,1,0,Aprovado
3189,2020104036,104,2022,3,1,1,Retido
3190,2020104036,104,2023,3,2,0,Aprovado
3191,2020104037,104,2020,1,1,5,Retido
3192,2020104037,104,2021,1,2,3,Retido
3193,2020104037,104,2022,1,3,4,Retido
3194,2020104038,104,2020,1,1,0,Aprovado
3195,2020104038,104,2021,2,1,0,Aprovado
3196,2020104038,104,2022,3,1,0,Aprovado
3197,2020104039,104,2020,1,1,0,Aprovado
3198,2020104039,104,2021,2,1,4,Retido
3199,2020104039,104,2022,2,2,0,Aprovado
3200,2020104039,104,2023,3,1,0,Aprovado
3201,2020104040,104,2020,1,1,1,Aprovado com dependência
3202,2020104040,104,2021,2,1,0,Aprovado
3203,2020104040,104,2022,3,1,0,Aprovado
3204,2020104041,104,2020,1,1,1,Aprovado com dependência
3205,2020104041,104,2021,2,1,0,Aprovado
3206,2020104041,104,2022,3,1,0,Aprovado
3207,2020104042,104,2020,1,1,0,Aprovado
3208,2020104042,104,2021,2,1,0,Aprovado
3209,2020104042,104,2022,3,1,0,Aprovado
3210,2020104043,104,2020,1,1,1,Aprovado com dependência
3211,2020104043,104,2021,2,1,3,Retido
3212,2020104043,104,2022,2,2,6,Retido
3213,2020104043,104,2023,2,3,2,Aprovado com dependência
3214,2020104044,104,2020,1,1,3,Retido
3215,2020104045,104,2020,1,1,0,Aprovado
3216,2020104045,104,2021,2,1,0,Aprovado
3217,2020104045,104,2022,3,1,5,Retido
3218,2020105001,105,2020,1,1,5,Retido
3219,2020105001,105,2021,1,2,2,Aprovado com dependência
3220,2020105001,105,2022,2,1,4,Retido
3221,2020105001,105,2023,2,2,0,Aprovado
3222,2020105001,105,2024,3,1,,Evadido
3223,2020105002,105,2020,1,1,0,Aprovado
3224,2020105002,105,2021,2,1,1,Aprovado com dependência
3225,2020105002,105,2022,3,1,0,Aprovado
3226,2020105003,105,2020,1,1,0,Aprovado
3227,2020105003,105,2021,2,1,0,Aprovado
3228,2020105003,105,2022,3,1,0,Aprovado
3229,2020105004,105,2020,1,1,1,Aprovado com dependência
3230,2020105004,105,2021,2,1,1,Aprovado com dependência
3231,2020105004,105,2022,3,1,1,Retido
3232,2020105004,105,2023,3,2,,Evadido
3233,2020105005,105,2020,1,1,3,Retido
3234,2020105005,105,2021,1,2,1,Aprovado com dependência
3235,2020105005,105,2022,2,1,2,Aprovado com dependência
3236,2020105005,105,2023,3,1,1,Retido
3237,2020105005,105,2024,3,2,1,Retido
3238,2020105005,105,2025,3,3,1,Retido
3239,2020105006,105,2020,1,1,5,Retido
3240,2020105006,105,2021,1,2,3,Retido
3241,2020105006,105,2022,1,3,3,Retido
3242,2020105006,105,2023,1,4,1,Aprovado com dependência
3243,2020105006,105,2024,2,1,13,Retido
3244,2020105007,105,2020,1,1,0,Aprovado
3245,2020105007,105,2021,2,1,0,Aprovado
3246,2020105007,105,2022,3,1,0,Aprovado
3247,2020105008,105,2020,1,1,2,Aprovado com dependência
3248,2020105008,105,2021,2,1,0,Aprovado
3249,2020105008,105,2022,3,1,0,Aprovado
3250,2020105009,105,2020,1,1,3,Retido
3251,2020105009,105,2021,1,2,0,Aprovado
3252,2020105009,105,2022,2,1,0,Aprovado
3253,2020105009,105,2023,3,1,0,Aprovado
3254,2020105010,105,2020,1,1,1,Aprovado com dependência
3255,2020105010,105,2021,2,1,0,Aprovado
3256,2020105010,105,2022,3,1,0,Aprovado
3257,2020105011,105,2020,1,1,0,Aprovado
3258,2020105011,105,2021,2,1,0,Aprovado
3259,2020105011,105,2022,3,1,0,Aprovado
3260,2020105012,105,2020,1,1,0,Aprovado
3261,2020105012,105,2021,2,1,0,Aprovado
3262,2020105012,105,2022,3,1,0,Aprovado
3263,2020105013,105,2020,1,1,10,Retido
3264,2020105013,105,2021,1,2,6,Retido
3265,2020105013,105,2022,1,3,2,Aprovado com dependência
3266,2020105013,105,2023,2,1,2,Aprovado com dependência
3267,2020105013,105,2024,3,1,0,Aprovado
3268,2020105014,105,2020,1,1,1,Aprovado com dependência
3269,2020105014,105,2021,2,1,1,Aprovado com dependência
3270,2020105014,105,2022,3,1,0,Aprovado
3271,2020105015,105,2020,1,1,0,Aprovado
3272,2020105015,105,2021,2,1,3,Retido
3273,2020105015,105,2022,2,2,0,Aprovado
3274,2020105015,105,2023,3,1,0,Aprovado
3275,2020105016,105,2020,1,1,10,Retido
3276,2020105016,105,2021,1,2,8,Retido
3277,2020105017,105,2020,1,1,1,Aprovado com dependência
3278,2020105018,105,2020,1,1,0,Aprovado
3279,2020105018,105,2021,2,1,1,Aprovado com dependência
3280,2020105018,105,2022,3,1,0,Aprovado
3281,2020105019,105,2020,1,1,0,Aprovado
3282,2020105020,105,2020,1,1,13,Retido
3283,2020105021,105,2020,1,1,2,Aprovado com dependência
3284,2020105021,105,2021,2,1,2,Aprovado com dependência
3285,2020105021,105,2022,3,1,4,Retido
3286,2020105021,105,2023,3,2,0,Aprovado
3287,2020105022,105,2020,1,1,0,Aprovado
3288,2020105022,105,2021,2,1,0,Aprovado
3289,2020105022,105,2022,3,1,0,Aprovado
3290,2020105023,105,2020,1,1,0,Aprovado
3291,2020105023,105,2021,2,1,0,Aprovado
3292,2020105023,105,2022,3,1,1,Retido
3293,2020105023,105,2023,3,2,0,Aprovado
3294,2020105024,105,2020,1,1,1,Aprovado com dependência
3295,2020105024,105,2021,2,1,0,Aprovado
3296,2020105024,105,2022,3,1,0,Aprovado
3297,2020105025,105,2020,1,1,0,Aprovado
3298,2020105025,105,2021,2,1,0,Aprovado
3299,2020105025,105,2022,3,1,0,Aprovado
3300,2020105026,105,2020,1,1,0,Aprovado
3301,2020105026,105,2021,2,1,0,Aprovado
3302,2020105026,105,2022,3,1,0,Aprovado
3303,2020105027,105,2020,1,1,0,Aprovado
3304,2020105027,105,2021,2,1,0,Aprovado
3305,2020105027,105,2022,3,1,4,Retido
3306,2020105027,105,2023,3,2,1,Retido
3307,2020105028,105,2020,1,1,4,Retido
3308,2020105028,105,2021,1,2,7,Retido
3309,2020105029,105,2020,1,1,0,Aprovado
3310,2020105029,105,2021,2,1,1,Aprovado com dependência
3311,2020105029,105,2022,3,1,0,Aprovado
3312,2020105030,105,2020,1,1,1,Aprovado com dependência
3313,2020105030,105,2021,2,1,3,Retido
3314,2020105030,105,2022,2,2,0,Aprovado
3315,2020105030,105,2023,3,1,0,Aprovado
3316,2020105031,105,2020,1,1,1,Aprovado com dependência
3317,2020105031,105,2021,2,1,0,Aprovado
3318,2020105031,105,2022,3,1,1,Retido
3319,2020105031,105,2023,3,2,0,Aprovado
3320,2020105032,105,2020,1,1,0,Aprovado
3321,2020105032,105,2021,2,1,0,Aprovado
3322,2020105032,105,2022,3,1,1,Retido
3323,2020105032,105,2023,3,2,0,Aprovado
3324,2020105033,105,2020,1,1,0,Aprovado
3325,2020105033,105,2021,2,1,0,Aprovado
3326,2020105033,105,2022,3,1,0,Aprovado
3327,2020105034,105,2020,1,1,0,Aprovado
3328,2020105034,105,2021,2,1,2,Aprovado com dependência
3329,2020105034,105,2022,3,1,1,Retido
3330,2020105034,105,2023,3,2,0,Aprovado
3331,2020105035,105,2020,1,1,0,Aprovado
3332,2020105035,105,2021,2,1,0,Aprovado
3333,2020105035,105,2022,3,1,0,Aprovado
3334,2020105036,105,2020,1,1,3,Retido
3335,2020105036,105,2021,1,2,0,Aprovado
3336,2020105037,105,2020,1,1,0,Aprovado
3337,2020105037,105,2021,2,1,0,Aprovado
3338,2020105037,105,2022,3,1,0,Aprovado
3339,2020105038,105,2020,1,1,7,Retido
3340,2020105038,105,2021,1,2,0,Aprovado
3341,2020105038,105,2022,2,1,5,Retido
3342,2020105038,105,2023,2,2,0,Aprovado
3343,2020105038,105,2024,3,1,0,Aprovado
3344,2020105039,105,2020,1,1,5,Retido
3345,2020105039,105,2021,1,2,2,Aprovado com dependência
3346,2020105039,105,2022,2,1,2,Aprovado com dependência
3347,2020105039,105,2023,3,1,4,Retido
3348,2020105039,105,2024,3,2,3,Retido
3349,2020105039,105,2025,3,3,0,Aprovado
3350,2020105040,105,2020,1,1,0,Aprovado
3351,2020105040,105,2021,2,1,0,Aprovado
3352,2020105040,105,2022,3,1,0,Aprovado
3353,2020106001,106,2020,1,1,0,Aprovado
3354,2020106002,106,2020,1,1,4,Retido
3355,2020106002,106,2021,1,2,4,Retido
3356,2020106002,106,2022,1,3,3,Retido
3357,2020106003,106,2020,1,1,5,Retido
3358,2020106003,106,2021,1,2,11,Retido
3359,2020106003,106,2022,1,3,1,Aprovado com dependência
3360,2020106003,106,2023,2,1,0,Aprovado
3361,2020106003,106,2024,3,1,0,Aprovado
3362,2020106004,106,2020,1,1,0,Aprovado
3363,2020106004,106,2021,2,1,0,Aprovado
3364,2020106004,106,2022,3,1,0,Aprovado
3365,2020106005,106,2020,1,1,0,Aprovado
3366,2020106005,106,2021,2,1,0,Aprovado
3367,2020106005,106,2022,3,1,0,Aprovado
3368,2020106006,106,2020,1,1,0,Aprovado
3369,2020106006,106,2021,2,1,0,Aprovado
3370,2020106006,106,2022,3,1,4,Retido
3371,2020106006,106,2023,3,2,0,Aprovado
3372,2020106007,106,2020,1,1,0,Aprovado
3373,2020106007,106,2021,2,1,0,Aprovado
3374,2020106007,106,2022,3,1,0,Aprovado
3375,2020106008,106,2020,1,1,1,Aprovado com dependência
3376,2020106008,106,2021,2,1,0,Aprovado
3377,2020106008,106,2022,3,1,1,Retido
3378,2020106008,106,2023,3,2,0,Aprovado
3379,2020106009,106,2020,1,1,0,Aprovado
3380,2020106009,106,2021,2,1,7,Retido
3381,2020106009,106,2022,2,2,0,Aprovado
3382,2020106009,106,2023,3,1,0,Aprovado
3383,2020106010,106,2020,1,1,1,Aprovado com dependência
3384,2020106010,106,2021,2,1,0,Aprovado
3385,2020106010,106,2022,3,1,2,Retido
3386,2020106010,106,2023,3,2,0,Aprovado
3387,2020106011,106,2020,1,1,0,Aprovado
3388,2020106011,106,2021,2,1,2,Aprovado com dependência
3389,2020106011,106,2022,3,1,1,Retido
3390,2020106011,106,2023,3,2,4,Retido
3391,2020106011,106,2024,3,3,0,Aprovado
3392,2020106012,106,2020,1,1,0,Aprovado
3393,2020106012,106,2021,2,1,0,Aprovado
3394,2020106013,106,2020,1,1,13,Retido
3395,2020106013,106,2021,1,2,1,Aprovado com dependência
3396,2020106013,106,2022,2,1,3,Retido
3397,2020106014,106,2020,1,1,0,Aprovado
3398,2020106014,106,2021,2,1,0,Aprovado
3399,2020106014,106,2022,3,1,0,Aprovado
3400,2020106015,106,2020,1,1,0,Aprovado
3401,2020106015,106,2021,2,1,0,Aprovado
3402,2020106015,106,2022,3,1,2,Retido
3403,2020106015,106,2023,3,2,4,Retido
3404,2020106016,106,2020,1,1,0,Aprovado
3405,2020106016,106,2021,2,1,0,Aprovado
3406,2020106016,106,2022,3,1,0,Aprovado
3407,2020106017,106,2020,1,1,1,Aprovado com dependência
3408,2020106017,106,2021,2,1,1,Aprovado com dependência
3409,2020106017,106,2022,3,1,0,Aprovado
3410,2020106018,106,2020,1,1,0,Aprovado
3411,2020106018,106,2021,2,1,0,Aprovado
3412,2020106018,106,2022,3,1,0,Aprovado
3413,2020106019,106,2020,1,1,0,Aprovado
3414,2020106019,106,2021,2,1,1,Aprovado com dependência
3415,2020106019,106,2022,3,1,1,Retido
3416,2020106019,106,2023,3,2,0,Aprovado
3417,2020106020,106,2020,1,1,0,Aprovado
3418,2020106020,106,2021,2,1,0,Aprovado
3419,2020106020,106,2022,3,1,0,Aprovado
3420,2020106021,106,2020,1,1,0,Aprovado
3421,2020106021,106,2021,2,1,1,Aprovado com dependência
3422,2020106021,106,2022,3,1,11,Retido
3423,2020106021,106,2023,3,2,1,Retido
3424,2020106021,106,2024,3,3,0,Aprovado
3425,2020106022,106,2020,1,1,1,Aprovado com dependência
3426,2020106022,106,2021,2,1,0,Aprovado
3427,2020106022,106,2022,3,1,0,Aprovado
3428,2020106023,106,2020,1,1,2,Aprovado com dependência
3429,2020106023,106,2021,2,1,0,Aprovado
3430,2020106023,106,2022,3,1,0,Aprovado
3431,2020106024,106,2020,1,1,0,Aprovado
3432,2020106024,106,2021,2,1,0,Aprovado
3433,2020106024,106,2022,3,1,0,Aprovado
3434,2020106025,106,2020,1,1,0,Aprovado
3435,2020106025,106,2021,2,1,2,Aprovado com dependência
3436,2020106025,106,2022,3,1,0,Aprovado
3437,2020106026,106,2020,1,1,0,Aprovado
3438,2020106026,106,2021,2,1,0,Aprovado
3439,2020106026,106,2022,3,1,0,Aprovado
3440,2020106027,106,2020,1,1,0,Aprovado
3441,2020106027,106,2021,2,1,0,Aprovado
3442,2020106027,106,2022,3,1,0,Aprovado
3443,2020106028,106,2020,1,1,2,Aprovado com dependência
3444,2020106028,106,2021,2,1,0,Aprovado
3445,2020106028,106,2022,3,1,0,Aprovado
3446,2020106029,106,2020,1,1,0,Aprovado
3447,2020106029,106,2021,2,1,0,Aprovado
3448,2020106029,106,2022,3,1,0,Aprovado
3449,2020106030,106,2020,1,1,0,Aprovado
3450,2020106030,106,2021,2,1,1,Aprovado com dependência
3451,2020106030,106,2022,3,1,1,Retido
3452,2020106030,106,2023,3,2,0,Aprovado
3453,2020106031,106,2020,1,1,2,Aprovado com dependência
3454,2020106031,106,2021,2,1,0,Aprovado
3455,2020106031,106,2022,3,1,3,Retido
3456,2020106031,106,2023,3,2,4,Retido
3457,2020106031,106,2024,3,3,0,Aprovado
3458,2020106032,106,2020,1,1,0,Aprovado
3459,2020106032,106,2021,2,1,0,Aprovado
3460,2020106032,106,2022,3,1,0,Aprovado
3461,2020106033,106,2020,1,1,1,Aprovado com dependência
3462,2020106033,106,2021,2,1,2,Aprovado com dependência
3463,2020106033,106,2022,3,1,1,Retido
3464,2020106033,106,2023,3,2,3,Retido
3465,2020106033,106,2024,3,3,1,Retido
3466,2020106034,106,2020,1,1,6,Retido
3467,2020106034,106,2021,1,2,0,Aprovado
3468,2020106034,106,2022,2,1,0,Aprovado
3469,2020106034,106,2023,3,1,8,Retido
3470,2020106035,106,2020,1,1,2,Aprovado com dependência
3471,2020106035,106,2021,2,1,3,Retido
3472,2020106035,106,2022,2,2,5,Retido
3473,2020106035,106,2023,2,3,0,Aprovado
3474,2020106035,106,2024,3,1,0,Aprovado
3475,2020106036,106,2020,1,1,0,Aprovado
3476,2020106037,106,2020,1,1,0,Aprovado
3477,2020106037,106,2021,2,1,0,Aprovado
3478,2020106037,106,2022,3,1,0,Aprovado
3479,2020106038,106,2020,1,1,1,Aprovado com dependência
3480,2020106038,106,2021,2,1,4,Retido
3481,2020106038,106,2022,2,2,0,Aprovado
3482,2020106038,106,2023,3,1,2,Retido
3483,2020106039,106,2020,1,1,0,Aprovado
3484,2020106039,106,2021,2,1,0,Aprovado
3485,2020106039,106,2022,3,1,0,Aprovado
3486,2021101001,101,2021,1,1,2,Aprovado com dependência
3487,2021101001,101,2022,2,1,1,Aprovado com dependência
3488,2021101001,101,2023,3,1,0,Aprovado
3489,2021101002,101,2021,1,1,3,Retido
3490,2021101002,101,2022,1,2,3,Retido
3491,2021101002,101,2023,1,3,1,Aprovado com dependência
3492,2021101002,101,2024,2,1,1,Aprovado com dependência
3493,2021101002,101,2025,3,1,2,Retido
3494,2021101003,101,2021,1,1,2,Aprovado com dependência
3495,2021101003,101,2022,2,1,0,Aprovado
3496,2021101003,101,2023,3,1,1,Retido
3497,2021101003,101,2024,3,2,1,Retido
3498,2021101003,101,2025,3,3,0,Aprovado
3499,2021101004,101,2021,1,1,7,Retido
3500,2021101004,101,2022,1,2,6,Retido
3501,2021101004,101,2023,1,3,5,Retido
3502,2021101005,101,2021,1,1,8,Retido
3503,2021101005,101,2022,1,2,7,Retido
3504,2021101005,101,2023,1,3,8,Retido
3505,2021101006,101,2021,1,1,1,Aprovado com dependência
3506,2021101006,101,2022,2,1,0,Aprovado
3507,2021101006,101,2023,3,1,0,Aprovado
3508,2021101007,101,2021,1,1,2,Aprovado com dependência
3509,2021101007,101,2022,2,1,5,Retido
3510,2021101008,101,2021,1,1,10,Retido
3511,2021101008,101,2022,1,2,4,Retido
3512,2021101008,101,2023,1,3,5,Retido
3513,2021101009,101,2021,1,1,3,Retido
3514,2021101009,101,2022,1,2,3,Retido
3515,2021101010,101,2021,1,1,1,Aprovado com dependência
3516,2021101011,101,2021,1,1,3,Retido
3517,2021101011,101,2022,1,2,2,Aprovado com dependência
3518,2021101011,101,2023,2,1,4,Retido
3519,2021101012,101,2021,1,1,0,Aprovado
3520,2021101012,101,2022,2,1,0,Aprovado
3521,2021101012,101,2023,3,1,0,Aprovado
3522,2021101013,101,2021,1,1,0,Aprovado
3523,2021101013,101,2022,2,1,1,Aprovado com dependência
3524,2021101013,101,2023,3,1,0,Aprovado
3525,2021101014,101,2021,1,1,5,Retido
3526,2021101014,101,2022,1,2,3,Retido
3527,2021101014,101,2023,1,3,2,Aprovado com dependência
3528,2021101014,101,2024,2,1,2,Aprovado com dependência
3529,2021101014,101,2025,3,1,1,Retido
3530,2021101015,101,2021,1,1,2,Aprovado com dependência
3531,2021101015,101,2022,2,1,0,Aprovado
3532,2021101015,101,2023,3,1,0,Aprovado
3533,2021101016,101,2021,1,1,0,Aprovado
3534,2021101016,101,2022,2,1,13,Retido
3535,2021101017,101,2021,1,1,3,Retido
3536,2021101017,101,2022,1,2,2,Aprovado com dependência
3537,2021101017,101,2023,2,1,5,Retido
3538,2021101018,101,2021,1,1,2,Aprovado com dependência
3539,2021101018,101,2022,2,1,0,Aprovado
3540,2021101018,101,2023,3,1,3,Retido
3541,2021101018,101,2024,3,2,0,Aprovado
3542,2021101019,101,2021,1,1,4,Retido
3543,2021101019,101,2022,1,2,2,Aprovado com dependência
3544,2021101019,101,2023,2,1,3,Retido
3545,2021101019,101,2024,2,2,3,Retido
3546,2021101019,101,2025,2,3,0,Aprovado
3547,2021101019,101,2026,3,1,,Em curso
3548,2021101020,101,2021,1,1,0,Aprovado
3549,2021101020,101,2022,2,1,0,Aprovado
3550,2021101020,101,2023,3,1,0,Aprovado
3551,2021101021,101,2021,1,1,2,Aprovado com dependência
3552,2021101021,101,2022,2,1,0,Aprovado
3553,2021101021,101,2023,3,1,2,Retido
3554,2021101022,101,2021,1,1,0,Aprovado
3555,2021101022,101,2022,2,1,1,Aprovado com dependência
3556,2021101022,101,2023,3,1,0,Aprovado
3557,2021101023,101,2021,1,1,0,Aprovado
3558,2021101024,101,2021,1,1,0,Aprovado
3559,2021101024,101,2022,2,1,,Evadido
3560,2021101025,101,2021,1,1,0,Aprovado
3561,2021101025,101,2022,2,1,0,Aprovado
3562,2021101025,101,2023,3,1,0,Aprovado
3563,2021101026,101,2021,1,1,6,Retido
3564,2021101026,101,2022,1,2,4,Retido
3565,2021101026,101,2023,1,3,4,Retido
3566,2021101027,101,2021,1,1,1,Aprovado com dependência
3567,2021101027,101,2022,2,1,1,Aprovado com dependência
3568,2021101027,101,2023,3,1,1,Retido
3569,2021101027,101,2024,3,2,0,Aprovado
3570,2021101028,101,2021,1,1,0,Aprovado
3571,2021101028,101,2022,2,1,1,Aprovado com dependência
3572,2021101028,101,2023,3,1,1,Retido
3573,2021101028,101,2024,3,2,0,Aprovado
3574,2021101029,101,2021,1,1,1,Aprovado com dependência
3575,2021101029,101,2022,2,1,,Evadido
3576,2021101030,101,2021,1,1,12,Retido
3577,2021101030,101,2022,1,2,5,Retido
3578,2021101030,101,2023,1,3,5,Retido
3579,2021101031,101,2021,1,1,1,Aprovado com dependência
3580,2021101031,101,2022,2,1,1,Aprovado com dependência
3581,2021101031,101,2023,3,1,1,Retido
3582,2021101032,101,2021,1,1,2,Aprovado com dependência
3583,2021101032,101,2022,2,1,2,Aprovado com dependência
3584,2021101032,101,2023,3,1,3,Retido
3585,2021101032,101,2024,3,2,2,Retido
3586,2021101033,101,2021,1,1,0,Aprovado
3587,2021101033,101,2022,2,1,0,Aprovado
3588,2021101033,101,2023,3,1,0,Aprovado
3589,2021101034,101,2021,1,1,1,Aprovado com dependência
3590,2021101034,101,2022,2,1,2,Aprovado com dependência
3591,2021101034,101,2023,3,1,8,Retido
3592,2021101034,101,2024,3,2,2,Retido
3593,2021101035,101,2021,1,1,7,Retido
3594,2021101035,101,2022,1,2,0,Aprovado
3595,2021101035,101,2023,2,1,0,Aprovado
3596,2021101035,101,2024,3,1,0,Aprovado
3597,2021101036,101,2021,1,1,3,Retido
3598,2021101036,101,2022,1,2,2,Aprovado com dependência
3599,2021101036,101,2023,2,1,4,Retido
3600,2021101036,101,2024,2,2,0,Aprovado
3601,2021101036,101,2025,3,1,0,Aprovado
3602,2021101037,101,2021,1,1,9,Retido
3603,2021101038,101,2021,1,1,6,Retido
3604,2021101038,101,2022,1,2,0,Aprovado
3605,2021101038,101,2023,2,1,6,Retido
3606,2021101038,101,2024,2,2,0,Aprovado
3607,2021101038,101,2025,3,1,3,Retido
3608,2021101038,101,2026,3,2,,Em curso
3609,2021101039,101,2021,1,1,2,Aprovado com dependência
3610,2021101039,101,2022,2,1,4,Retido
3611,2021101039,101,2023,2,2,1,Aprovado com dependência
3612,2021101040,101,2021,1,1,12,Retido
3613,2021101040,101,2022,1,2,10,Retido
3614,2021101040,101,2023,1,3,1,Aprovado com dependência
3615,2021101041,101,2021,1,1,2,Aprovado com dependência
3616,2021101041,101,2022,2,1,2,Aprovado com dependência
3617,2021101041,101,2023,3,1,2,Retido
3618,2021101042,101,2021,1,1,0,Aprovado
3619,2021101042,101,2022,2,1,0,Aprovado
3620,2021101042,101,2023,3,1,0,Aprovado
3621,2021101043,101,2021,1,1,3,Retido
3622,2021101044,101,2021,1,1,0,Aprovado
3623,2021101044,101,2022,2,1,0,Aprovado
3624,2021101044,101,2023,3,1,0,Aprovado
3625,2021101045,101,2021,1,1,2,Aprovado com dependência
3626,2021101045,101,2022,2,1,13,Retido
3627,2021101045,101,2023,2,2,1,Aprovado com dependência
3628,2021101045,101,2024,3,1,2,Retido
3629,2021101046,101,2021,1,1,0,Aprovado
3630,2021101046,101,2022,2,1,1,Aprovado com dependência
3631,2021101046,101,2023,3,1,0,Aprovado
3632,2021101047,101,2021,1,1,2,Aprovado com dependência
3633,2021101047,101,2022,2,1,5,Retido
3634,2021101047,101,2023,2,2,3,Retido
3635,2021101047,101,2024,2,3,5,Retido
3636,2021102001,102,2021,1,1,0,Aprovado
3637,2021102001,102,2022,2,1,0,Aprovado
3638,2021102001,102,2023,3,1,0,Aprovado
3639,2021102002,102,2021,1,1,3,Retido
3640,2021102002,102,2022,1,2,1,Aprovado com dependência
3641,2021102003,102,2021,1,1,3,Retido
3642,2021102003,102,2022,1,2,3,Retido
3643,2021102003,102,2023,1,3,4,Retido
3644,2021102004,102,2021,1,1,0,Aprovado
3645,2021102004,102,2022,2,1,0,Aprovado
3646,2021102004,102,2023,3,1,0,Aprovado
3647,2021102005,102,2021,1,1,0,Aprovado
3648,2021102005,102,2022,2,1,0,Aprovado
3649,2021102005,102,2023,3,1,0,Aprovado
3650,2021102006,102,2021,1,1,4,Retido
3651,2021102006,102,2022,1,2,4,Retido
3652,2021102007,102,2021,1,1,4,Retido
3653,2021102007,102,2022,1,2,4,Retido
3654,2021102007,102,2023,1,3,1,Aprovado com dependência
3655,2021102007,102,2024,2,1,1,Aprovado com dependência
3656,2021102007,102,2025,3,1,0,Aprovado
3657,2021102008,102,2021,1,1,1,Aprovado com dependência
3658,2021102008,102,2022,2,1,1,Aprovado com dependência
3659,2021102008,102,2023,3,1,0,Aprovado
3660,2021102009,102,2021,1,1,0,Aprovado
3661,2021102009,102,2022,2,1,0,Aprovado
3662,2021102009,102,2023,3,1,0,Aprovado
3663,2021102010,102,2021,1,1,0,Aprovado
3664,2021102010,102,2022,2,1,0,Aprovado
3665,2021102010,102,2023,3,1,0,Aprovado
3666,2021102011,102,2021,1,1,0,Aprovado
3667,2021102011,102,2022,2,1,0,Aprovado
3668,2021102011,102,2023,3,1,0,Aprovado
3669,2021102012,102,2021,1,1,1,Aprovado com dependência
3670,2021102012,102,2022,2,1,4,Retido
3671,2021102012,102,2023,2,2,8,Retido
3672,2021102012,102,2024,2,3,,Evadido
3673,2021102013,102,2021,1,1,,Evadido
3674,2021102014,102,2021,1,1,1,Aprovado com dependência
3675,2021102014,102,2022,2,1,0,Aprovado
3676,2021102014,102,2023,3,1,1,Retido
3677,2021102014,102,2024,3,2,0,Aprovado
3678,2021102015,102,2021,1,1,0,Aprovado
3679,2021102015,102,2022,2,1,0,Aprovado
3680,2021102015,102,2023,3,1,0,Aprovado
3681,2021102016,102,2021,1,1,2,Aprovado com dependência
3682,2021102016,102,2022,2,1,3,Retido
3683,2021102016,102,2023,2,2,1,Aprovado com dependência
3684,2021102016,102,2024,3,1,2,Retido
3685,2021102016,102,2025,3,2,0,Aprovado
3686,2021102017,102,2021,1,1,0,Aprovado
3687,2021102017,102,2022,2,1,0,Aprovado
3688,2021102017,102,2023,3,1,0,Aprovado
3689,2021102018,102,2021,1,1,1,Aprovado com dependência
3690,2021102018,102,2022,2,1,2,Aprovado com dependência
3691,2021102018,102,2023,3,1,1,Retido
3692,2021102018,102,2024,3,2,0,Aprovado
3693,2021102019,102,2021,1,1,0,Aprovado
3694,2021102019,102,2022,2,1,0,Aprovado
3695,2021102019,102,2023,3,1,2,Retido
3696,2021102019,102,2024,3,2,0,Aprovado
3697,2021102020,102,2021,1,1,0,Aprovado
3698,2021102020,102,2022,2,1,0,Aprovado
3699,2021102020,102,2023,3,1,0,Aprovado
3700,2021102021,102,2021,1,1,7,Retido
3701,2021102021,102,2022,1,2,0,Aprovado
3702,2021102021,102,2023,2,1,1,Aprovado com dependência
3703,2021102021,102,2024,3,1,12,Retido
3704,2021102021,102,2025,3,2,2,Retido
3705,2021102022,102,2021,1,1,1,Aprovado com dependência
3706,2021102022,102,2022,2,1,0,Aprovado
3707,2021102022,102,2023,3,1,0,Aprovado
3708,2021102023,102,2021,1,1,0,Aprovado
3709,2021102023,102,2022,2,1,1,Aprovado com dependência
3710,2021102023,102,2023,3,1,3,Retido
3711,2021102024,102,2021,1,1,1,Aprovado com dependência
3712,2021102024,102,2022,2,1,0,Aprovado
3713,2021102024,102,2023,3,1,0,Aprovado
3714,2021102025,102,2021,1,1,6,Retido
3715,2021102025,102,2022,1,2,5,Retido
3716,2021102025,102,2023,1,3,4,Retido
3717,2021102026,102,2021,1,1,0,Aprovado
3718,2021102026,102,2022,2,1,0,Aprovado
3719,2021102026,102,2023,3,1,0,Aprovado
3720,2021102027,102,2021,1,1,3,Retido
3721,2021102027,102,2022,1,2,2,Aprovado com dependência
3722,2021102027,102,2023,2,1,1,Aprovado com dependência
3723,2021102027,102,2024,3,1,1,Retido
3724,2021102028,102,2021,1,1,1,Aprovado com dependência
3725,2021102028,102,2022,2,1,1,Aprovado com dependência
3726,2021102028,102,2023,3,1,2,Retido
3727,2021102028,102,2024,3,2,0,Aprovado
3728,2021102029,102,2021,1,1,0,Aprovado
3729,2021102029,102,2022,2,1,0,Aprovado
3730,2021102029,102,2023,3,1,0,Aprovado
3731,2021102030,102,2021,1,1,2,Aprovado com dependência
3732,2021102030,102,2022,2,1,1,Aprovado com dependência
3733,2021102030,102,2023,3,1,0,Aprovado
3734,2021102031,102,2021,1,1,7,Retido
3735,2021102031,102,2022,1,2,7,Retido
3736,2021102031,102,2023,1,3,3,Retido
3737,2021102032,102,2021,1,1,0,Aprovado
3738,2021102032,102,2022,2,1,0,Aprovado
3739,2021102032,102,2023,3,1,0,Aprovado
3740,2021102033,102,2021,1,1,3,Retido
3741,2021102033,102,2022,1,2,4,Retido
3742,2021102033,102,2023,1,3,2,Aprovado com dependência
3743,2021102033,102,2024,2,1,2,Aprovado com dependência
3744,2021102033,102,2025,3,1,4,Retido
3745,2021102034,102,2021,1,1,4,Retido
3746,2021102034,102,2022,1,2,4,Retido
3747,2021102034,102,2023,1,3,2,Aprovado com dependência
3748,2021102034,102,2024,2,1,6,Retido
3749,2021102034,102,2025,2,2,2,Aprovado com dependência
3750,2021102034,102,2026,3,1,,Em curso
3751,2021102035,102,2021,1,1,2,Aprovado com dependência
3752,2021102035,102,2022,2,1,0,Aprovado
3753,2021102035,102,2023,3,1,1,Retido
3754,2021102035,102,2024,3,2,0,Aprovado
3755,2021102036,102,2021,1,1,,Evadido
3756,2021102037,102,2021,1,1,1,Aprovado com dependência
3757,2021102037,102,2022,2,1,0,Aprovado
3758,2021102037,102,2023,3,1,0,Aprovado
3759,2021102038,102,2021,1,1,1,Aprovado com dependência
3760,2021102038,102,2022,2,1,2,Aprovado com dependência
3761,2021102038,102,2023,3,1,4,Retido
3762,2021102038,102,2024,3,2,9,Retido
3763,2021102038,102,2025,3,3,0,Aprovado
3764,2021102039,102,2021,1,1,0,Aprovado
3765,2021102039,102,2022,2,1,2,Aprovado com dependência
3766,2021102040,102,2021,1,1,3,Retido
3767,2021102040,102,2022,1,2,7,Retido
3768,2021102041,102,2021,1,1,0,Aprovado
3769,2021102041,102,2022,2,1,1,Aprovado com dependência
3770,2021102041,102,2023,3,1,3,Retido
3771,2021102041,102,2024,3,2,0,Aprovado
3772,2021102042,102,2021,1,1,0,Aprovado
3773,2021102042,102,2022,2,1,3,Retido
3774,2021102042,102,2023,2,2,0,Aprovado
3775,2021102042,102,2024,3,1,0,Aprovado
3776,2021102043,102,2021,1,1,4,Retido
3777,2021102043,102,2022,1,2,3,Retido
3778,2021102043,102,2023,1,3,1,Aprovado com dependência
3779,2021102043,102,2024,2,1,2,Aprovado com dependência
3780,2021102043,102,2025,3,1,4,Retido
3781,2021102043,102,2026,3,2,,Em curso
3782,2021102044,102,2021,1,1,1,Aprovado com dependência
3783,2021102044,102,2022,2,1,4,Retido
3784,2021102045,102,2021,1,1,3,Retido
3785,2021102046,102,2021,1,1,4,Retido
3786,2021102046,102,2022,1,2,3,Retido
3787,2021102047,102,2021,1,1,9,Retido
3788,2021102047,102,2022,1,2,2,Aprovado com dependência
3789,2021102047,102,2023,2,1,4,Retido
3790,2021103001,103,2021,1,1,0,Aprovado
3791,2021103001,103,2022,2,1,0,Aprovado
3792,2021103001,103,2023,3,1,0,Aprovado
3793,2021103002,103,2021,1,1,0,Aprovado
3794,2021103002,103,2022,2,1,6,Retido
3795,2021103002,103,2023,2,2,0,Aprovado
3796,2021103002,103,2024,3,1,0,Aprovado
3797,2021103003,103,2021,1,1,3,Retido
3798,2021103003,103,2022,1,2,1,Aprovado com dependência
3799,2021103003,103,2023,2,1,1,Aprovado com dependência
3800,2021103003,103,2024,3,1,0,Aprovado
3801,2021103004,103,2021,1,1,0,Aprovado
3802,2021103004,103,2022,2,1,0,Aprovado
3803,2021103004,103,2023,3,1,8,Retido
3804,2021103004,103,2024,3,2,1,Retido
3805,2021103004,103,2025,3,3,0,Aprovado
3806,2021103005,103,2021,1,1,0,Aprovado
3807,2021103005,103,2022,2,1,0,Aprovado
3808,2021103005,103,2023,3,1,0,Aprovado
3809,2021103006,103,2021,1,1,3,Retido
3810,2021103006,103,2022,1,2,3,Retido
3811,2021103006,103,2023,1,3,1,Aprovado com dependência
3812,2021103006,103,2024,2,1,3,Retido
3813,2021103006,103,2025,2,2,2,Aprovado com dependência
3814,2021103006,103,2026,3,1,,Em curso
3815,2021103007,103,2021,1,1,2,Aprovado com dependência
3816,2021103007,103,2022,2,1,3,Retido
3817,2021103007,103,2023,2,2,4,Retido
3818,2021103008,103,2021,1,1,0,Aprovado
3819,2021103008,103,2022,2,1,0,Aprovado
3820,2021103008,103,2023,3,1,0,Aprovado
3821,2021103009,103,2021,1,1,0,Aprovado
3822,2021103009,103,2022,2,1,3,Retido
3823,2021103009,103,2023,2,2,2,Aprovado com dependência
3824,2021103009,103,2024,3,1,1,Retido
3825,2021103009,103,2025,3,2,4,Retido
3826,2021103010,103,2021,1,1,0,Aprovado
3827,2021103010,103,2022,2,1,0,Aprovado
3828,2021103010,103,2023,3,1,0,Aprovado
3829,2021103011,103,2021,1,1,1,Aprovado com dependência
3830,2021103011,103,2022,2,1,8,Retido
3831,2021103012,103,2021,1,1,0,Aprovado
3832,2021103012,103,2022,2,1,0,Aprovado
3833,2021103012,103,2023,3,1,3,Retido
3834,2021103012,103,2024,3,2,0,Aprovado
3835,2021103013,103,2021,1,1,0,Aprovado
3836,2021103013,103,2022,2,1,5,Retido
3837,2021103013,103,2023,2,2,0,Aprovado
3838,2021103014,103,2021,1,1,0,Aprovado
3839,2021103014,103,2022,2,1,0,Aprovado
3840,2021103014,103,2023,3,1,0,Aprovado
3841,2021103015,103,2021,1,1,0,Aprovado
3842,2021103015,103,2022,2,1,0,Aprovado
3843,2021103015,103,2023,3,1,0,Aprovado
3844,2021103016,103,2021,1,1,,Evadido
3845,2021103017,103,2021,1,1,0,Aprovado
3846,2021103017,103,2022,2,1,0,Aprovado
3847,2021103017,103,2023,3,1,0,Aprovado
3848,2021103018,103,2021,1,1,0,Aprovado
3849,2021103018,103,2022,2,1,0,Aprovado
3850,2021103018,103,2023,3,1,2,Retido
3851,2021103018,103,2024,3,2,0,Aprovado
3852,2021103019,103,2021,1,1,0,Aprovado
3853,2021103019,103,2022,2,1,0,Aprovado
3854,2021103019,103,2023,3,1,0,Aprovado
3855,2021103020,103,2021,1,1,0,Aprovado
3856,2021103021,103,2021,1,1,7,Retido
3857,2021103021,103,2022,1,2,0,Aprovado
3858,2021103021,103,2023,2,1,4,Retido
3859,2021103022,103,2021,1,1,4,Retido
3860,2021103022,103,2022,1,2,0,Aprovado
3861,2021103023,103,2021,1,1,0,Aprovado
3862,2021103023,103,2022,2,1,0,Aprovado
3863,2021103023,103,2023,3,1,0,Aprovado
3864,2021103024,103,2021,1,1,0,Aprovado
3865,2021103024,103,2022,2,1,0,Aprovado
3866,2021103024,103,2023,3,1,0,Aprovado
3867,2021103025,103,2021,1,1,0,Aprovado
3868,2021103025,103,2022,2,1,0,Aprovado
3869,2021103025,103,2023,3,1,0,Aprovado
3870,2021103026,103,2021,1,1,0,Aprovado
3871,2021103026,103,2022,2,1,0,Aprovado
3872,2021103026,103,2023,3,1,0,Aprovado
3873,2021103027,103,2021,1,1,0,Aprovado
3874,2021103027,103,2022,2,1,0,Aprovado
3875,2021103027,103,2023,3,1,1,Retido
3876,2021103027,103,2024,3,2,0,Aprovado
3877,2021103028,103,2021,1,1,2,Aprovado com dependência
3878,2021103028,103,2022,2,1,3,Retido
3879,2021103028,103,2023,2,2,1,Aprovado com dependência
3880,2021103028,103,2024,3,1,3,Retido
3881,2021103028,103,2025,3,2,0,Aprovado
3882,2021103029,103,2021,1,1,0,Aprovado
3883,2021103029,103,2022,2,1,,Evadido
3884,2021103030,103,2021,1,1,0,Aprovado
3885,2021103030,103,2022,2,1,2,Aprovado com dependência
3886,2021103030,103,2023,3,1,1,Retido
3887,2021103030,103,2024,3,2,1,Retido
3888,2021103030,103,2025,3,3,0,Aprovado
3889,2021103031,103,2021,1,1,1,Aprovado com dependência
3890,2021103031,103,2022,2,1,1,Aprovado com dependência
3891,2021103031,103,2023,3,1,0,Aprovado
3892,2021103032,103,2021,1,1,2,Aprovado com dependência
3893,2021103032,103,2022,2,1,1,Aprovado com dependência
3894,2021103032,103,2023,3,1,1,Retido
3895,2021103032,103,2024,3,2,1,Retido
3896,2021103032,103,2025,3,3,0,Aprovado
3897,2021103033,103,2021,1,1,0,Aprovado
3898,2021103033,103,2022,2,1,0,Aprovado
3899,2021103033,103,2023,3,1,0,Aprovado
3900,2021103034,103,2021,1,1,2,Aprovado com dependência
3901,2021103034,103,2022,2,1,3,Retido
3902,2021103034,103,2023,2,2,4,Retido
3903,2021103034,103,2024,2,3,9,Retido
3904,2021103035,103,2021,1,1,1,Aprovado com dependência
3905,2021103035,103,2022,2,1,3,Retido
3906,2021103035,103,2023,2,2,0,Aprovado
3907,2021103035,103,2024,3,1,3,Retido
3908,2021103036,103,2021,1,1,2,Aprovado com dependência
3909,2021103036,103,2022,2,1,0,Aprovado
3910,2021103036,103,2023,3,1,2,Retido
3911,2021103036,103,2024,3,2,0,Aprovado
3912,2021103037,103,2021,1,1,0,Aprovado
3913,2021103037,103,2022,2,1,0,Aprovado
3914,2021103037,103,2023,3,1,0,Aprovado
3915,2021103038,103,2021,1,1,1,Aprovado com dependência
3916,2021103038,103,2022,2,1,0,Aprovado
3917,2021103038,103,2023,3,1,1,Retido
3918,2021103038,103,2024,3,2,8,Retido
3919,2021103038,103,2025,3,3,0,Aprovado
3920,2021103039,103,2021,1,1,1,Aprovado com dependência
3921,2021103039,103,2022,2,1,0,Aprovado
3922,2021103039,103,2023,3,1,0,Aprovado
3923,2021103040,103,2021,1,1,0,Aprovado
3924,2021103040,103,2022,2,1,0,Aprovado
3925,2021103040,103,2023,3,1,0,Aprovado
3926,2021103041,103,2021,1,1,0,Aprovado
3927,2021103041,103,2022,2,1,0,Aprovado
3928,2021103041,103,2023,3,1,0,Aprovado
3929,2021103042,103,2021,1,1,0,Aprovado
3930,2021103042,103,2022,2,1,0,Aprovado
3931,2021103042,103,2023,3,1,0,Aprovado
3932,2021103043,103,2021,1,1,5,Retido
3933,2021103043,103,2022,1,2,5,Retido
3934,2021103044,103,2021,1,1,0,Aprovado
3935,2021103044,103,2022,2,1,0,Aprovado
3936,2021103044,103,2023,3,1,5,Retido
3937,2021103044,103,2024,3,2,2,Retido
3938,2021103045,103,2021,1,1,0,Aprovado
3939,2021103045,103,2022,2,1,0,Aprovado
3940,2021103045,103,2023,3,1,0,Aprovado
3941,2021103046,103,2021,1,1,3,Retido
3942,2021103046,103,2022,1,2,2,Aprovado com dependência
3943,2021103046,103,2023,2,1,1,Aprovado com dependência
3944,2021103046,103,2024,3,1,1,Retido
3945,2021103047,103,2021,1,1,0,Aprovado
3946,2021103047,103,2022,2,1,1,Aprovado com dependência
3947,2021103047,103,2023,3,1,0,Aprovado
3948,2021104001,104,2021,1,1,3,Retido
3949,2021104001,104,2022,1,2,5,Retido
3950,2021104001,104,2023,1,3,3,Retido
3951,2021104002,104,2021,1,1,5,Retido
3952,2021104002,104,2022,1,2,12,Retido
3953,2021104002,104,2023,1,3,1,Aprovado com dependência
3954,2021104002,104,2024,2,1,1,Aprovado com dependência
3955,2021104002,104,2025,3,1,7,Retido
3956,2021104003,104,2021,1,1,0,Aprovado
3957,2021104003,104,2022,2,1,5,Retido
3958,2021104003,104,2023,2,2,2,Aprovado com dependência
3959,2021104003,104,2024,3,1,1,Retido
3960,2021104004,104,2021,1,1,1,Aprovado com dependência
3961,2021104004,104,2022,2,1,0,Aprovado
3962,2021104004,104,2023,3,1,0,Aprovado
3963,2021104005,104,2021,1,1,0,Aprovado
3964,2021104005,104,2022,2,1,,Evadido
3965,2021104006,104,2021,1,1,1,Aprovado com dependência
3966,2021104006,104,2022,2,1,2,Aprovado com dependência
3967,2021104006,104,2023,3,1,0,Aprovado
3968,2021104007,104,2021,1,1,0,Aprovado
3969,2021104007,104,2022,2,1,0,Aprovado
3970,2021104007,104,2023,3,1,0,Aprovado
3971,2021104008,104,2021,1,1,0,Aprovado
3972,2021104008,104,2022,2,1,0,Aprovado
3973,2021104009,104,2021,1,1,0,Aprovado
3974,2021104010,104,2021,1,1,0,Aprovado
3975,2021104010,104,2022,2,1,0,Aprovado
3976,2021104010,104,2023,3,1,1,Retido
3977,2021104010,104,2024,3,2,0,Aprovado
3978,2021104011,104,2021,1,1,0,Aprovado
3979,2021104011,104,2022,2,1,0,Aprovado
3980,2021104011,104,2023,3,1,6,Retido
3981,2021104011,104,2024,3,2,0,Aprovado
3982,2021104012,104,2021,1,1,0,Aprovado
3983,2021104012,104,2022,2,1,0,Aprovado
3984,2021104012,104,2023,3,1,0,Aprovado
3985,2021104013,104,2021,1,1,3,Retido
3986,2021104013,104,2022,1,2,2,Aprovado com dependência
3987,2021104013,104,2023,2,1,0,Aprovado
3988,2021104013,104,2024,3,1,1,Retido
3989,2021104013,104,2025,3,2,0,Aprovado
3990,2021104014,104,2021,1,1,0,Aprovado
3991,2021104014,104,2022,2,1,0,Aprovado
3992,2021104014,104,2023,3,1,0,Aprovado
3993,2021104015,104,2021,1,1,1,Aprovado com dependência
3994,2021104015,104,2022,2,1,0,Aprovado
3995,2021104015,104,2023,3,1,1,Retido
3996,2021104015,104,2024,3,2,1,Retido
3997,2021104015,104,2025,3,3,1,Retido
3998,2021104016,104,2021,1,1,1,Aprovado com dependência
3999,2021104016,104,2022,2,1,0,Aprovado
4000,2021104016,104,2023,3,1,1,Retido
4001,2021104016,104,2024,3,2,0,Aprovado
4002,2021104017,104,2021,1,1,0,Aprovado
4003,2021104017,104,2022,2,1,0,Aprovado
4004,2021104017,104,2023,3,1,0,Aprovado
4005,2021104018,104,2021,1,1,1,Aprovado com dependência
4006,2021104018,104,2022,2,1,0,Aprovado
4007,2021104018,104,2023,3,1,0,Aprovado
4008,2021104019,104,2021,1,1,0,Aprovado
4009,2021104019,104,2022,2,1,7,Retido
4010,2021104019,104,2023,2,2,4,Retido
4011,2021104020,104,2021,1,1,3,Retido
4012,2021104020,104,2022,1,2,0,Aprovado
4013,2021104020,104,2023,2,1,0,Aprovado
4014,2021104020,104,2024,3,1,0,Aprovado
4015,2021104021,104,2021,1,1,2,Aprovado com dependência
4016,2021104021,104,2022,2,1,0,Aprovado
4017,2021104021,104,2023,3,1,1,Retido
4018,2021104021,104,2024,3,2,9,Retido
4019,2021104022,104,2021,1,1,0,Aprovado
4020,2021104022,104,2022,2,1,0,Aprovado
4021,2021104022,104,2023,3,1,0,Aprovado
4022,2021104023,104,2021,1,1,0,Aprovado
4023,2021104023,104,2022,2,1,0,Aprovado
4024,2021104023,104,2023,3,1,0,Aprovado
4025,2021104024,104,2021,1,1,1,Aprovado com dependência
4026,2021104024,104,2022,2,1,0,Aprovado
4027,2021104024,104,2023,3,1,1,Retido
4028,2021104024,104,2024,3,2,2,Retido
4029,2021104024,104,2025,3,3,0,Aprovado
4030,2021104025,104,2021,1,1,7,Retido
4031,2021104025,104,2022,1,2,10,Retido
4032,2021104026,104,2021,1,1,1,Aprovado com dependência
4033,2021104026,104,2022,2,1,5,Retido
4034,2021104026,104,2023,2,2,0,Aprovado
4035,2021104026,104,2024,3,1,0,Aprovado
4036,2021104027,104,2021,1,1,1,Aprovado com dependência
4037,2021104027,104,2022,2,1,3,Retido
4038,2021104027,104,2023,2,2,1,Aprovado com dependência
4039,2021104027,104,2024,3,1,6,Retido
4040,2021104027,104,2025,3,2,0,Aprovado
4041,2021104028,104,2021,1,1,4,Retido
4042,2021104028,104,2022,1,2,5,Retido
4043,2021104028,104,2023,1,3,3,Retido
4044,2021104028,104,2024,1,4,1,Aprovado com dependência
4045,2021104028,104,2025,2,1,0,Aprovado
4046,2021104028,104,2026,3,1,,Em curso
4047,2021104029,104,2021,1,1,0,Aprovado
4048,2021104029,104,2022,2,1,0,Aprovado
4049,2021104029,104,2023,3,1,0,Aprovado
4050,2021104030,104,2021,1,1,0,Aprovado
4051,2021104030,104,2022,2,1,0,Aprovado
4052,2021104030,104,2023,3,1,3,Retido
4053,2021104030,104,2024,3,2,4,Retido
4054,2021104030,104,2025,3,3,0,Aprovado
4055,2021104031,104,2021,1,1,0,Aprovado
4056,2021104031,104,2022,2,1,0,Aprovado
4057,2021104031,104,2023,3,1,0,Aprovado
4058,2021104032,104,2021,1,1,0,Aprovado
4059,2021104032,104,2022,2,1,,Evadido
4060,2021104033,104,2021,1,1,2,Aprovado com dependência
4061,2021104033,104,2022,2,1,0,Aprovado
4062,2021104033,104,2023,3,1,1,Retido
4063,2021104033,104,2024,3,2,0,Aprovado
4064,2021104034,104,2021,1,1,1,Aprovado com dependência
4065,2021104034,104,2022,2,1,0,Aprovado
4066,2021104034,104,2023,3,1,1,Retido
4067,2021104034,104,2024,3,2,2,Retido
4068,2021104034,104,2025,3,3,0,Aprovado
4069,2021104035,104,2021,1,1,0,Aprovado
4070,2021104035,104,2022,2,1,0,Aprovado
4071,2021104035,104,2023,3,1,0,Aprovado
4072,2021104036,104,2021,1,1,0,Aprovado
4073,2021104036,104,2022,2,1,0,Aprovado
4074,2021104036,104,2023,3,1,0,Aprovado
4075,2021104037,104,2021,1,1,0,Aprovado
4076,2021104037,104,2022,2,1,9,Retido
4077,2021104037,104,2023,2,2,0,Aprovado
4078,2021104037,104,2024,3,1,0,Aprovado
4079,2021104038,104,2021,1,1,1,Aprovado com dependência
4080,2021104038,104,2022,2,1,1,Aprovado com dependência
4081,2021104038,104,2023,3,1,0,Aprovado
4082,2021104039,104,2021,1,1,6,Retido
4083,2021104039,104,2022,1,2,2,Aprovado com dependência
4084,2021104039,104,2023,2,1,4,Retido
4085,2021104039,104,2024,2,2,1,Aprovado com dependência
4086,2021104039,104,2025,3,1,2,Retido
4087,2021104040,104,2021,1,1,1,Aprovado com dependência
4088,2021104040,104,2022,2,1,0,Aprovado
4089,2021104040,104,2023,3,1,2,Retido
4090,2021104040,104,2024,3,2,0,Aprovado
4091,2021104041,104,2021,1,1,7,Retido
4092,2021104041,104,2022,1,2,3,Retido
4093,2021104041,104,2023,1,3,0,Aprovado
4094,2021104041,104,2024,2,1,0,Aprovado
4095,2021104041,104,2025,3,1,1,Retido
4096,2021104041,104,2026,3,2,,Em curso
4097,2021104042,104,2021,1,1,0,Aprovado
4098,2021104042,104,2022,2,1,2,Aprovado com dependência
4099,2021104042,104,2023,3,1,0,Aprovado
4100,2021104043,104,2021,1,1,1,Aprovado com dependência
4101,2021104043,104,2022,2,1,1,Aprovado com dependência
4102,2021104043,104,2023,3,1,2,Retido
4103,2021104043,104,2024,3,2,1,Retido
4104,2021104043,104,2025,3,3,0,Aprovado
4105,2021104044,104,2021,1,1,5,Retido
4106,2021104044,104,2022,1,2,1,Aprovado com dependência
4107,2021104044,104,2023,2,1,2,Aprovado com dependência
4108,2021104044,104,2024,3,1,5,Retido
4109,2021104044,104,2025,3,2,1,Retido
4110,2021104044,104,2026,3,3,,Em curso
4111,2021105001,105,2021,1,1,5,Retido
4112,2021105001,105,2022,1,2,13,Retido
4113,2021105002,105,2021,1,1,0,Aprovado
4114,2021105002,105,2022,2,1,0,Aprovado
4115,2021105002,105,2023,3,1,0,Aprovado
4116,2021105003,105,2021,1,1,0,Aprovado
4117,2021105003,105,2022,2,1,0,Aprovado
4118,2021105003,105,2023,3,1,0,Aprovado
4119,2021105004,105,2021,1,1,0,Aprovado
4120,2021105004,105,2022,2,1,3,Retido
4121,2021105004,105,2023,2,2,3,Retido
4122,2021105004,105,2024,2,3,7,Retido
4123,2021105005,105,2021,1,1,0,Aprovado
4124,2021105005,105,2022,2,1,0,Aprovado
4125,2021105005,105,2023,3,1,0,Aprovado
4126,2021105006,105,2021,1,1,1,Aprovado com dependência
4127,2021105006,105,2022,2,1,0,Aprovado
4128,2021105006,105,2023,3,1,2,Retido
4129,2021105006,105,2024,3,2,0,Aprovado
4130,2021105007,105,2021,1,1,1,Aprovado com dependência
4131,2021105007,105,2022,2,1,0,Aprovado
4132,2021105007,105,2023,3,1,1,Retido
4133,2021105007,105,2024,3,2,0,Aprovado
4134,2021105008,105,2021,1,1,1,Aprovado com dependência
4135,2021105008,105,2022,2,1,1,Aprovado com dependência
4136,2021105008,105,2023,3,1,0,Aprovado
4137,2021105009,105,2021,1,1,6,Retido
4138,2021105009,105,2022,1,2,9,Retido
4139,2021105009,105,2023,1,3,4,Retido
4140,2021105009,105,2024,1,4,1,Aprovado com dependência
4141,2021105009,105,2025,2,1,2,Aprovado com dependência
4142,2021105009,105,2026,3,1,,Em curso
4143,2021105010,105,2021,1,1,0,Aprovado
4144,2021105010,105,2022,2,1,2,Aprovado com dependência
4145,2021105010,105,2023,3,1,0,Aprovado
4146,2021105011,105,2021,1,1,2,Aprovado com dependência
4147,2021105011,105,2022,2,1,2,Aprovado com dependência
4148,2021105011,105,2023,3,1,4,Retido
4149,2021105011,105,2024,3,2,3,Retido
4150,2021105011,105,2025,3,3,3,Retido
4151,2021105012,105,2021,1,1,0,Aprovado
4152,2021105012,105,2022,2,1,1,Aprovado com dependência
4153,2021105012,105,2023,3,1,8,Retido
4154,2021105012,105,2024,3,2,0,Aprovado
4155,2021105013,105,2021,1,1,0,Aprovado
4156,2021105013,105,2022,2,1,5,Retido
4157,2021105014,105,2021,1,1,0,Aprovado
4158,2021105014,105,2022,2,1,1,Aprovado com dependência
4159,2021105014,105,2023,3,1,0,Aprovado
4160,2021105015,105,2021,1,1,6,Retido
4161,2021105015,105,2022,1,2,8,Retido
4162,2021105016,105,2021,1,1,0,Aprovado
4163,2021105016,105,2022,2,1,0,Aprovado
4164,2021105016,105,2023,3,1,4,Retido
4165,2021105016,105,2024,3,2,0,Aprovado
4166,2021105017,105,2021,1,1,0,Aprovado
4167,2021105017,105,2022,2,1,0,Aprovado
4168,2021105017,105,2023,3,1,0,Aprovado
4169,2021105018,105,2021,1,1,0,Aprovado
4170,2021105018,105,2022,2,1,0,Aprovado
4171,2021105018,105,2023,3,1,0,Aprovado
4172,2021105019,105,2021,1,1,2,Aprovado com dependência
4173,2021105019,105,2022,2,1,2,Aprovado com dependência
4174,2021105019,105,2023,3,1,2,Retido
4175,2021105019,105,2024,3,2,1,Retido
4176,2021105019,105,2025,3,3,0,Aprovado
4177,2021105020,105,2021,1,1,0,Aprovado
4178,2021105020,105,2022,2,1,0,Aprovado
4179,2021105020,105,2023,3,1,0,Aprovado
4180,2021105021,105,2021,1,1,0,Aprovado
4181,2021105021,105,2022,2,1,0,Aprovado
4182,2021105021,105,2023,3,1,0,Aprovado
4183,2021105022,105,2021,1,1,5,Retido
4184,2021105022,105,2022,1,2,3,Retido
4185,2021105022,105,2023,1,3,1,Aprovado com dependência
4186,2021105022,105,2024,2,1,2,Aprovado com dependência
4187,2021105022,105,2025,3,1,0,Aprovado
4188,2021105023,105,2021,1,1,0,Aprovado
4189,2021105023,105,2022,2,1,0,Aprovado
4190,2021105023,105,2023,3,1,0,Aprovado
4191,2021105024,105,2021,1,1,5,Retido
4192,2021105024,105,2022,1,2,,Evadido
4193,2021105025,105,2021,1,1,1,Aprovado com dependência
4194,2021105025,105,2022,2,1,1,Aprovado com dependência
4195,2021105025,105,2023,3,1,0,Aprovado
4196,2021105026,105,2021,1,1,0,Aprovado
4197,2021105026,105,2022,2,1,1,Aprovado com dependência
4198,2021105026,105,2023,3,1,0,Aprovado
4199,2021105027,105,2021,1,1,1,Aprovado com dependência
4200,2021105027,105,2022,2,1,1,Aprovado com dependência
4201,2021105027,105,2023,3,1,1,Retido
4202,2021105027,105,2024,3,2,0,Aprovado
4203,2021105028,105,2021,1,1,2,Aprovado com dependência
4204,2021105028,105,2022,2,1,2,Aprovado com dependência
4205,2021105028,105,2023,3,1,3,Retido
4206,2021105028,105,2024,3,2,1,Retido
4207,2021105028,105,2025,3,3,3,Retido
4208,2021105028,105,2026,3,4,,Evadido
4209,2021105029,105,2021,1,1,0,Aprovado
4210,2021105029,105,2022,2,1,0,Aprovado
4211,2021105029,105,2023,3,1,0,Aprovado
4212,2021105030,105,2021,1,1,7,Retido
4213,2021105030,105,2022,1,2,6,Retido
4214,2021105030,105,2023,1,3,0,Aprovado
4215,2021105030,105,2024,2,1,,Evadido
4216,2021105031,105,2021,1,1,0,Aprovado
4217,2021105031,105,2022,2,1,0,Aprovado
4218,2021105032,105,2021,1,1,2,Aprovado com dependência
4219,2021105033,105,2021,1,1,7,Retido
4220,2021105033,105,2022,1,2,0,Aprovado
4221,2021105033,105,2023,2,1,0,Aprovado
4222,2021105033,105,2024,3,1,0,Aprovado
4223,2021105034,105,2021,1,1,0,Aprovado
4224,2021105034,105,2022,2,1,0,Aprovado
4225,2021105034,105,2023,3,1,0,Aprovado
4226,2021105035,105,2021,1,1,0,Aprovado
4227,2021105035,105,2022,2,1,1,Aprovado com dependência
4228,2021105035,105,2023,3,1,0,Aprovado
4229,2021105036,105,2021,1,1,0,Aprovado
4230,2021105036,105,2022,2,1,6,Retido
4231,2021105036,105,2023,2,2,0,Aprovado
4232,2021105036,105,2024,3,1,0,Aprovado
4233,2021105037,105,2021,1,1,1,Aprovado com dependência
4234,2021105037,105,2022,2,1,0,Aprovado
4235,2021105037,105,2023,3,1,0,Aprovado
4236,2021105038,105,2021,1,1,0,Aprovado
4237,2021105038,105,2022,2,1,0,Aprovado
4238,2021105038,105,2023,3,1,0,Aprovado
4239,2021105039,105,2021,1,1,1,Aprovado com dependência
4240,2021105039,105,2022,2,1,0,Aprovado
4241,2021105039,105,2023,3,1,0,Aprovado
4242,2021105040,105,2021,1,1,0,Aprovado
4243,2021105040,105,2022,2,1,4,Retido
4244,2021105040,105,2023,2,2,6,Retido
4245,2021105040,105,2024,2,3,2,Aprovado com dependência
4246,2021105040,105,2025,3,1,0,Aprovado
4247,2021106001,106,2021,1,1,0,Aprovado
4248,2021106001,106,2022,2,1,2,Aprovado com dependência
4249,2021106001,106,2023,3,1,0,Aprovado
4250,2021106002,106,2021,1,1,0,Aprovado
4251,2021106002,106,2022,2,1,1,Aprovado com dependência
4252,2021106003,106,2021,1,1,0,Aprovado
4253,2021106003,106,2022,2,1,0,Aprovado
4254,2021106003,106,2023,3,1,0,Aprovado
4255,2021106004,106,2021,1,1,1,Aprovado com dependência
4256,2021106004,106,2022,2,1,0,Aprovado
4257,2021106004,106,2023,3,1,0,Aprovado
4258,2021106005,106,2021,1,1,0,Aprovado
4259,2021106005,106,2022,2,1,0,Aprovado
4260,2021106005,106,2023,3,1,0,Aprovado
4261,2021106006,106,2021,1,1,1,Aprovado com dependência
4262,2021106006,106,2022,2,1,1,Aprovado com dependência
4263,2021106006,106,2023,3,1,0,Aprovado
4264,2021106007,106,2021,1,1,0,Aprovado
4265,2021106007,106,2022,2,1,0,Aprovado
4266,2021106007,106,2023,3,1,0,Aprovado
4267,2021106008,106,2021,1,1,2,Aprovado com dependência
4268,2021106008,106,2022,2,1,1,Aprovado com dependência
4269,2021106008,106,2023,3,1,0,Aprovado
4270,2021106009,106,2021,1,1,1,Aprovado com dependência
4271,2021106009,106,2022,2,1,11,Retido
4272,2021106009,106,2023,2,2,2,Aprovado com dependência
4273,2021106009,106,2024,3,1,9,Retido
4274,2021106010,106,2021,1,1,2,Aprovado com dependência
4275,2021106010,106,2022,2,1,1,Aprovado com dependência
4276,2021106010,106,2023,3,1,1,Retido
4277,2021106010,106,2024,3,2,0,Aprovado
4278,2021106011,106,2021,1,1,0,Aprovado
4279,2021106011,106,2022,2,1,0,Aprovado
4280,2021106011,106,2023,3,1,0,Aprovado
4281,2021106012,106,2021,1,1,0,Aprovado
4282,2021106012,106,2022,2,1,0,Aprovado
4283,2021106012,106,2023,3,1,2,Retido
4284,2021106012,106,2024,3,2,0,Aprovado
4285,2021106013,106,2021,1,1,0,Aprovado
4286,2021106013,106,2022,2,1,0,Aprovado
4287,2021106013,106,2023,3,1,1,Retido
4288,2021106013,106,2024,3,2,0,Aprovado
4289,2021106014,106,2021,1,1,0,Aprovado
4290,2021106014,106,2022,2,1,3,Retido
4291,2021106014,106,2023,2,2,0,Aprovado
4292,2021106014,106,2024,3,1,0,Aprovado
4293,2021106015,106,2021,1,1,12,Retido
4294,2021106015,106,2022,1,2,13,Retido
4295,2021106016,106,2021,1,1,1,Aprovado com dependência
4296,2021106016,106,2022,2,1,0,Aprovado
4297,2021106016,106,2023,3,1,1,Retido
4298,2021106016,106,2024,3,2,0,Aprovado
4299,2021106017,106,2021,1,1,0,Aprovado
4300,2021106017,106,2022,2,1,0,Aprovado
4301,2021106017,106,2023,3,1,0,Aprovado
4302,2021106018,106,2021,1,1,0,Aprovado
4303,2021106018,106,2022,2,1,0,Aprovado
4304,2021106018,106,2023,3,1,0,Aprovado
4305,2021106019,106,2021,1,1,0,Aprovado
4306,2021106019,106,2022,2,1,0,Aprovado
4307,2021106019,106,2023,3,1,0,Aprovado
4308,2021106020,106,2021,1,1,0,Aprovado
4309,2021106020,106,2022,2,1,0,Aprovado
4310,2021106020,106,2023,3,1,0,Aprovado
4311,2021106021,106,2021,1,1,0,Aprovado
4312,2021106021,106,2022,2,1,0,Aprovado
4313,2021106021,106,2023,3,1,0,Aprovado
4314,2021106022,106,2021,1,1,2,Aprovado com dependência
4315,2021106022,106,2022,2,1,1,Aprovado com dependência
4316,2021106022,106,2023,3,1,4,Retido
4317,2021106022,106,2024,3,2,1,Retido
4318,2021106023,106,2021,1,1,0,Aprovado
4319,2021106023,106,2022,2,1,0,Aprovado
4320,2021106023,106,2023,3,1,0,Aprovado
4321,2021106024,106,2021,1,1,7,Retido
4322,2021106025,106,2021,1,1,1,Aprovado com dependência
4323,2021106025,106,2022,2,1,4,Retido
4324,2021106025,106,2023,2,2,1,Aprovado com dependência
4325,2021106025,106,2024,3,1,,Evadido
4326,2021106026,106,2021,1,1,0,Aprovado
4327,2021106026,106,2022,2,1,0,Aprovado
4328,2021106026,106,2023,3,1,0,Aprovado
4329,2021106027,106,2021,1,1,0,Aprovado
4330,2021106027,106,2022,2,1,4,Retido
4331,2021106027,106,2023,2,2,0,Aprovado
4332,2021106027,106,2024,3,1,0,Aprovado
4333,2021106028,106,2021,1,1,0,Aprovado
4334,2021106028,106,2022,2,1,0,Aprovado
4335,2021106028,106,2023,3,1,0,Aprovado
4336,2021106029,106,2021,1,1,0,Aprovado
4337,2021106029,106,2022,2,1,0,Aprovado
4338,2021106029,106,2023,3,1,0,Aprovado
4339,2021106030,106,2021,1,1,0,Aprovado
4340,2021106030,106,2022,2,1,0,Aprovado
4341,2021106030,106,2023,3,1,0,Aprovado
4342,2021106031,106,2021,1,1,,Evadido
4343,2021106032,106,2021,1,1,0,Aprovado
4344,2021106032,106,2022,2,1,0,Aprovado
4345,2021106032,106,2023,3,1,0,Aprovado
4346,2021106033,106,2021,1,1,1,Aprovado com dependência
4347,2021106033,106,2022,2,1,0,Aprovado
4348,2021106033,106,2023,3,1,6,Retido
4349,2021106033,106,2024,3,2,1,Retido
4350,2021106033,106,2025,3,3,10,Retido
4351,2021106033,106,2026,3,4,,Em curso
4352,2021106034,106,2021,1,1,0,Aprovado
4353,2021106034,106,2022,2,1,0,Aprovado
4354,2021106034,106,2023,3,1,0,Aprovado
4355,2021106035,106,2021,1,1,1,Aprovado com dependência
4356,2021106035,106,2022,2,1,0,Aprovado
4357,2021106035,106,2023,3,1,1,Retido
4358,2021106035,106,2024,3,2,0,Aprovado
4359,2021106036,106,2021,1,1,1,Aprovado com dependência
4360,2021106036,106,2022,2,1,1,Aprovado com dependência
4361,2021106036,106,2023,3,1,3,Retido
4362,2021106036,106,2024,3,2,3,Retido
4363,2021106036,106,2025,3,3,0,Aprovado
4364,2021106037,106,2021,1,1,8,Retido
4365,2021106037,106,2022,1,2,2,Aprovado com dependência
4366,2021106037,106,2023,2,1,3,Retido
4367,2021106037,106,2024,2,2,2,Aprovado com dependência
4368,2021106037,106,2025,3,1,1,Retido
4369,2021106037,106,2026,3,2,,Em curso
4370,2021106038,106,2021,1,1,0,Aprovado
4371,2021106038,106,2022,2,1,0,Aprovado
4372,2021106038,106,2023,3,1,0,Aprovado
4373,2021106039,106,2021,1,1,0,Aprovado
4374,2021106039,106,2022,2,1,0,Aprovado
4375,2021106039,106,2023,3,1,0,Aprovado
4376,2021106040,106,2021,1,1,,Evadido
4377,2022101001,101,2022,1,1,0,Aprovado
4378,2022101001,101,2023,2,1,0,Aprovado
4379,2022101001,101,2024,3,1,0,Aprovado
4380,2022101002,101,2022,1,1,5,Retido
4381,2022101002,101,2023,1,2,2,Aprovado com dependência
4382,2022101002,101,2024,2,1,2,Aprovado com dependência
4383,2022101002,101,2025,3,1,3,Retido
4384,2022101002,101,2026,3,2,,Em curso
4385,2022101003,101,2022,1,1,0,Aprovado
4386,2022101003,101,2023,2,1,2,Aprovado com dependência
4387,2022101003,101,2024,3,1,2,Retido
4388,2022101003,101,2025,3,2,0,Aprovado
4389,2022101004,101,2022,1,1,12,Retido
4390,2022101004,101,2023,1,2,0,Aprovado
4391,2022101004,101,2024,2,1,2,Aprovado com dependência
4392,2022101004,101,2025,3,1,1,Retido
4393,2022101004,101,2026,3,2,,Em curso
4394,2022101005,101,2022,1,1,0,Aprovado
4395,2022101005,101,2023,2,1,0,Aprovado
4396,2022101005,101,2024,3,1,0,Aprovado
4397,2022101006,101,2022,1,1,3,Retido
4398,2022101007,101,2022,1,1,0,Aprovado
4399,2022101007,101,2023,2,1,0,Aprovado
4400,2022101007,101,2024,3,1,0,Aprovado
4401,2022101008,101,2022,1,1,4,Retido
4402,2022101008,101,2023,1,2,0,Aprovado
4403,2022101008,101,2024,2,1,0,Aprovado
4404,2022101008,101,2025,3,1,0,Aprovado
4405,2022101009,101,2022,1,1,0,Aprovado
4406,2022101009,101,2023,2,1,0,Aprovado
4407,2022101009,101,2024,3,1,0,Aprovado
4408,2022101010,101,2022,1,1,3,Retido
4409,2022101010,101,2023,1,2,2,Aprovado com dependência
4410,2022101010,101,2024,2,1,0,Aprovado
4411,2022101010,101,2025,3,1,3,Retido
4412,2022101010,101,2026,3,2,,Em curso
4413,2022101011,101,2022,1,1,0,Aprovado
4414,2022101011,101,2023,2,1,0,Aprovado
4415,2022101011,101,2024,3,1,5,Retido
4416,2022101011,101,2025,3,2,0,Aprovado
4417,2022101012,101,2022,1,1,4,Retido
4418,2022101012,101,2023,1,2,3,Retido
4419,2022101012,101,2024,1,3,2,Aprovado com dependência
4420,2022101012,101,2025,2,1,1,Aprovado com dependência
4421,2022101012,101,2026,3,1,,Em curso
4422,2022101013,101,2022,1,1,4,Retido
4423,2022101013,101,2023,1,2,3,Retido
4424,2022101013,101,2024,1,3,2,Aprovado com dependência
4425,2022101013,101,2025,2,1,2,Aprovado com dependência
4426,2022101013,101,2026,3,1,,Em curso
4427,2022101014,101,2022,1,1,0,Aprovado
4428,2022101014,101,2023,2,1,0,Aprovado
4429,2022101014,101,2024,3,1,0,Aprovado
4430,2022101015,101,2022,1,1,0,Aprovado
4431,2022101015,101,2023,2,1,1,Aprovado com dependência
4432,2022101015,101,2024,3,1,0,Aprovado
4433,2022101016,101,2022,1,1,0,Aprovado
4434,2022101016,101,2023,2,1,0,Aprovado
4435,2022101016,101,2024,3,1,0,Aprovado
4436,2022101017,101,2022,1,1,0,Aprovado
4437,2022101017,101,2023,2,1,0,Aprovado
4438,2022101017,101,2024,3,1,0,Aprovado
4439,2022101018,101,2022,1,1,0,Aprovado
4440,2022101018,101,2023,2,1,0,Aprovado
4441,2022101018,101,2024,3,1,1,Retido
4442,2022101018,101,2025,3,2,0,Aprovado
4443,2022101019,101,2022,1,1,13,Retido
4444,2022101019,101,2023,1,2,7,Retido
4445,2022101020,101,2022,1,1,0,Aprovado
4446,2022101020,101,2023,2,1,0,Aprovado
4447,2022101020,101,2024,3,1,0,Aprovado
4448,2022101021,101,2022,1,1,1,Aprovado com dependência
4449,2022101021,101,2023,2,1,0,Aprovado
4450,2022101021,101,2024,3,1,0,Aprovado
4451,2022101022,101,2022,1,1,5,Retido
4452,2022101022,101,2023,1,2,2,Aprovado com dependência
4453,2022101022,101,2024,2,1,1,Aprovado com dependência
4454,2022101022,101,2025,3,1,3,Retido
4455,2022101022,101,2026,3,2,,Em curso
4456,2022101023,101,2022,1,1,4,Retido
4457,2022101023,101,2023,1,2,2,Aprovado com dependência
4458,2022101023,101,2024,2,1,0,Aprovado
4459,2022101023,101,2025,3,1,13,Retido
4460,2022101024,101,2022,1,1,1,Aprovado com dependência
4461,2022101024,101,2023,2,1,3,Retido
4462,2022101024,101,2024,2,2,2,Aprovado com dependência
4463,2022101024,101,2025,3,1,2,Retido
4464,2022101024,101,2026,3,2,,Em curso
4465,2022101025,101,2022,1,1,0,Aprovado
4466,2022101025,101,2023,2,1,1,Aprovado com dependência
4467,2022101025,101,2024,3,1,0,Aprovado
4468,2022101026,101,2022,1,1,0,Aprovado
4469,2022101026,101,2023,2,1,1,Aprovado com dependência
4470,2022101026,101,2024,3,1,0,Aprovado
4471,2022101027,101,2022,1,1,0,Aprovado
4472,2022101027,101,2023,2,1,0,Aprovado
4473,2022101027,101,2024,3,1,0,Aprovado
4474,2022101028,101,2022,1,1,0,Aprovado
4475,2022101029,101,2022,1,1,0,Aprovado
4476,2022101029,101,2023,2,1,0,Aprovado
4477,2022101029,101,2024,3,1,0,Aprovado
4478,2022101030,101,2022,1,1,0,Aprovado
4479,2022101030,101,2023,2,1,0,Aprovado
4480,2022101030,101,2024,3,1,0,Aprovado
4481,2022101031,101,2022,1,1,2,Aprovado com dependência
4482,2022101031,101,2023,2,1,2,Aprovado com dependência
4483,2022101031,101,2024,3,1,3,Retido
4484,2022101031,101,2025,3,2,2,Retido
4485,2022101031,101,2026,3,3,,Em curso
4486,2022101032,101,2022,1,1,0,Aprovado
4487,2022101032,101,2023,2,1,11,Retido
4488,2022101032,101,2024,2,2,0,Aprovado
4489,2022101032,101,2025,3,1,0,Aprovado
4490,2022101033,101,2022,1,1,13,Retido
4491,2022101033,101,2023,1,2,0,Aprovado
4492,2022101034,101,2022,1,1,0,Aprovado
4493,2022101034,101,2023,2,1,0,Aprovado
4494,2022101034,101,2024,3,1,0,Aprovado
4495,2022101035,101,2022,1,1,1,Aprovado com dependência
4496,2022101035,101,2023,2,1,0,Aprovado
4497,2022101035,101,2024,3,1,0,Aprovado
4498,2022101036,101,2022,1,1,1,Aprovado com dependência
4499,2022101036,101,2023,2,1,4,Retido
4500,2022101036,101,2024,2,2,1,Aprovado com dependência
4501,2022101036,101,2025,3,1,1,Retido
4502,2022101036,101,2026,3,2,,Em curso
4503,2022101037,101,2022,1,1,0,Aprovado
4504,2022101037,101,2023,2,1,0,Aprovado
4505,2022101037,101,2024,3,1,0,Aprovado
4506,2022101038,101,2022,1,1,0,Aprovado
4507,2022101038,101,2023,2,1,0,Aprovado
4508,2022101038,101,2024,3,1,0,Aprovado
4509,2022101039,101,2022,1,1,0,Aprovado
4510,2022101039,101,2023,2,1,0,Aprovado
4511,2022101039,101,2024,3,1,0,Aprovado
4512,2022101040,101,2022,1,1,0,Aprovado
4513,2022101040,101,2023,2,1,0,Aprovado
4514,2022101040,101,2024,3,1,0,Aprovado
4515,2022101041,101,2022,1,1,3,Retido
4516,2022101041,101,2023,1,2,3,Retido
4517,2022101042,101,2022,1,1,1,Aprovado com dependência
4518,2022101042,101,2023,2,1,0,Aprovado
4519,2022101042,101,2024,3,1,0,Aprovado
4520,2022101043,101,2022,1,1,0,Aprovado
4521,2022101043,101,2023,2,1,1,Aprovado com dependência
4522,2022101043,101,2024,3,1,3,Retido
4523,2022101043,101,2025,3,2,0,Aprovado
4524,2022101044,101,2022,1,1,2,Aprovado com dependência
4525,2022101044,101,2023,2,1,3,Retido
4526,2022101044,101,2024,2,2,0,Aprovado
4527,2022101044,101,2025,3,1,1,Retido
4528,2022101045,101,2022,1,1,12,Retido
4529,2022101046,101,2022,1,1,,Evadido
4530,2022101047,101,2022,1,1,0,Aprovado
4531,2022101047,101,2023,2,1,0,Aprovado
4532,2022101047,101,2024,3,1,0,Aprovado
4533,2022102001,102,2022,1,1,1,Aprovado com dependência
4534,2022102001,102,2023,2,1,2,Aprovado com dependência
4535,2022102001,102,2024,3,1,0,Aprovado
4536,2022102002,102,2022,1,1,7,Retido
4537,2022102003,102,2022,1,1,3,Retido
4538,2022102003,102,2023,1,2,3,Retido
4539,2022102003,102,2024,1,3,2,Aprovado com dependência
4540,2022102003,102,2025,2,1,1,Aprovado com dependência
4541,2022102003,102,2026,3,1,,Em curso
4542,2022102004,102,2022,1,1,4,Retido
4543,2022102004,102,2023,1,2,4,Retido
4544,2022102004,102,2024,1,3,3,Retido
4545,2022102005,102,2022,1,1,0,Aprovado
4546,2022102005,102,2023,2,1,0,Aprovado
4547,2022102005,102,2024,3,1,1,Retido
4548,2022102005,102,2025,3,2,0,Aprovado
4549,2022102006,102,2022,1,1,4,Retido
4550,2022102006,102,2023,1,2,2,Aprovado com dependência
4551,2022102006,102,2024,2,1,2,Aprovado com dependência
4552,2022102006,102,2025,3,1,5,Retido
4553,2022102006,102,2026,3,2,,Em curso
4554,2022102007,102,2022,1,1,5,Retido
4555,2022102007,102,2023,1,2,4,Retido
4556,2022102007,102,2024,1,3,,Evadido
4557,2022102008,102,2022,1,1,0,Aprovado
4558,2022102008,102,2023,2,1,1,Aprovado com dependência
4559,2022102008,102,2024,3,1,1,Retido
4560,2022102008,102,2025,3,2,0,Aprovado
4561,2022102009,102,2022,1,1,2,Aprovado com dependência
4562,2022102009,102,2023,2,1,3,Retido
4563,2022102009,102,2024,2,2,2,Aprovado com dependência
4564,2022102009,102,2025,3,1,0,Aprovado
4565,2022102010,102,2022,1,1,0,Aprovado
4566,2022102010,102,2023,2,1,0,Aprovado
4567,2022102010,102,2024,3,1,0,Aprovado
4568,2022102011,102,2022,1,1,12,Retido
4569,2022102011,102,2023,1,2,,Evadido
4570,2022102012,102,2022,1,1,4,Retido
4571,2022102012,102,2023,1,2,2,Aprovado com dependência
4572,2022102012,102,2024,2,1,3,Retido
4573,2022102012,102,2025,2,2,0,Aprovado
4574,2022102012,102,2026,3,1,,Em curso
4575,2022102013,102,2022,1,1,2,Aprovado com dependência
4576,2022102013,102,2023,2,1,1,Aprovado com dependência
4577,2022102013,102,2024,3,1,5,Retido
4578,2022102013,102,2025,3,2,1,Retido
4579,2022102013,102,2026,3,3,,Em curso
4580,2022102014,102,2022,1,1,,Evadido
4581,2022102015,102,2022,1,1,0,Aprovado
4582,2022102015,102,2023,2,1,0,Aprovado
4583,2022102015,102,2024,3,1,1,Retido
4584,2022102015,102,2025,3,2,0,Aprovado
4585,2022102016,102,2022,1,1,0,Aprovado
4586,2022102016,102,2023,2,1,0,Aprovado
4587,2022102016,102,2024,3,1,0,Aprovado
4588,2022102017,102,2022,1,1,0,Aprovado
4589,2022102017,102,2023,2,1,0,Aprovado
4590,2022102017,102,2024,3,1,0,Aprovado
4591,2022102018,102,2022,1,1,3,Retido
4592,2022102018,102,2023,1,2,6,Retido
4593,2022102018,102,2024,1,3,3,Retido
4594,2022102019,102,2022,1,1,0,Aprovado
4595,2022102019,102,2023,2,1,4,Retido
4596,2022102019,102,2024,2,2,0,Aprovado
4597,2022102019,102,2025,3,1,6,Retido
4598,2022102019,102,2026,3,2,,Em curso
4599,2022102020,102,2022,1,1,0,Aprovado
4600,2022102020,102,2023,2,1,0,Aprovado
4601,2022102020,102,2024,3,1,0,Aprovado
4602,2022102021,102,2022,1,1,0,Aprovado
4603,2022102021,102,2023,2,1,1,Aprovado com dependência
4604,2022102022,102,2022,1,1,0,Aprovado
4605,2022102022,102,2023,2,1,4,Retido
4606,2022102022,102,2024,2,2,10,Retido
4607,2022102023,102,2022,1,1,0,Aprovado
4608,2022102023,102,2023,2,1,0,Aprovado
4609,2022102023,102,2024,3,1,1,Retido
4610,2022102024,102,2022,1,1,2,Aprovado com dependência
4611,2022102024,102,2023,2,1,2,Aprovado com dependência
4612,2022102024,102,2024,3,1,4,Retido
4613,2022102024,102,2025,3,2,3,Retido
4614,2022102024,102,2026,3,3,,Em curso
4615,2022102025,102,2022,1,1,0,Aprovado
4616,2022102025,102,2023,2,1,0,Aprovado
4617,2022102025,102,2024,3,1,0,Aprovado
4618,2022102026,102,2022,1,1,0,Aprovado
4619,2022102026,102,2023,2,1,0,Aprovado
4620,2022102026,102,2024,3,1,0,Aprovado
4621,2022102027,102,2022,1,1,0,Aprovado
4622,2022102027,102,2023,2,1,0,Aprovado
4623,2022102027,102,2024,3,1,2,Retido
4624,2022102027,102,2025,3,2,1,Retido
4625,2022102027,102,2026,3,3,,Em curso
4626,2022102028,102,2022,1,1,3,Retido
4627,2022102028,102,2023,1,2,4,Retido
4628,2022102028,102,2024,1,3,1,Aprovado com dependência
4629,2022102029,102,2022,1,1,4,Retido
4630,2022102029,102,2023,1,2,9,Retido
4631,2022102029,102,2024,1,3,11,Retido
4632,2022102030,102,2022,1,1,5,Retido
4633,2022102031,102,2022,1,1,2,Aprovado com dependência
4634,2022102031,102,2023,2,1,1,Aprovado com dependência
4635,2022102031,102,2024,3,1,4,Retido
4636,2022102032,102,2022,1,1,,Evadido
4637,2022102033,102,2022,1,1,0,Aprovado
4638,2022102033,102,2023,2,1,1,Aprovado com dependência
4639,2022102033,102,2024,3,1,0,Aprovado
4640,2022102034,102,2022,1,1,2,Aprovado com dependência
4641,2022102034,102,2023,2,1,0,Aprovado
4642,2022102035,102,2022,1,1,0,Aprovado
4643,2022102035,102,2023,2,1,0,Aprovado
4644,2022102035,102,2024,3,1,0,Aprovado
4645,2022102036,102,2022,1,1,1,Aprovado com dependência
4646,2022102036,102,2023,2,1,3,Retido
4647,2022102036,102,2024,2,2,2,Aprovado com dependência
4648,2022102036,102,2025,3,1,4,Retido
4649,2022102037,102,2022,1,1,0,Aprovado
4650,2022102037,102,2023,2,1,0,Aprovado
4651,2022102037,102,2024,3,1,0,Aprovado
4652,2022102038,102,2022,1,1,5,Retido
4653,2022102039,102,2022,1,1,0,Aprovado
4654,2022102039,102,2023,2,1,0,Aprovado
4655,2022102039,102,2024,3,1,0,Aprovado
4656,2022102040,102,2022,1,1,7,Retido
4657,2022102040,102,2023,1,2,5,Retido
4658,2022102040,102,2024,1,3,3,Retido
4659,2022102040,102,2025,1,4,5,Retido
4660,2022102040,102,2026,1,5,,Em curso
4661,2022102041,102,2022,1,1,0,Aprovado
4662,2022102041,102,2023,2,1,0,Aprovado
4663,2022102041,102,2024,3,1,0,Aprovado
4664,2022102042,102,2022,1,1,3,Retido
4665,2022102042,102,2023,1,2,1,Aprovado com dependência
4666,2022102042,102,2024,2,1,12,Retido
4667,2022102043,102,2022,1,1,0,Aprovado
4668,2022102043,102,2023,2,1,0,Aprovado
4669,2022102043,102,2024,3,1,1,Retido
4670,2022102043,102,2025,3,2,1,Retido
4671,2022102044,102,2022,1,1,2,Aprovado com dependência
4672,2022102044,102,2023,2,1,1,Aprovado com dependência
4673,2022102044,102,2024,3,1,1,Retido
4674,2022102044,102,2025,3,2,0,Aprovado
4675,2022102045,102,2022,1,1,0,Aprovado
4676,2022102045,102,2023,2,1,0,Aprovado
4677,2022102045,102,2024,3,1,0,Aprovado
4678,2022102046,102,2022,1,1,0,Aprovado
4679,2022102046,102,2023,2,1,1,Aprovado com dependência
4680,2022102046,102,2024,3,1,1,Retido
4681,2022102046,102,2025,3,2,0,Aprovado
4682,2022103001,103,2022,1,1,1,Aprovado com dependência
4683,2022103001,103,2023,2,1,1,Aprovado com dependência
4684,2022103001,103,2024,3,1,3,Retido
4685,2022103001,103,2025,3,2,0,Aprovado
4686,2022103002,103,2022,1,1,7,Retido
4687,2022103003,103,2022,1,1,0,Aprovado
4688,2022103003,103,2023,2,1,0,Aprovado
4689,2022103003,103,2024,3,1,0,Aprovado
4690,2022103004,103,2022,1,1,0,Aprovado
4691,2022103004,103,2023,2,1,0,Aprovado
4692,2022103004,103,2024,3,1,11,Retido
4693,2022103004,103,2025,3,2,1,Retido
4694,2022103005,103,2022,1,1,0,Aprovado
4695,2022103005,103,2023,2,1,6,Retido
4696,2022103005,103,2024,2,2,2,Aprovado com dependência
4697,2022103005,103,2025,3,1,0,Aprovado
4698,2022103006,103,2022,1,1,6,Retido
4699,2022103006,103,2023,1,2,8,Retido
4700,2022103007,103,2022,1,1,0,Aprovado
4701,2022103007,103,2023,2,1,0,Aprovado
4702,2022103007,103,2024,3,1,1,Retido
4703,2022103007,103,2025,3,2,5,Retido
4704,2022103007,103,2026,3,3,,Em curso
4705,2022103008,103,2022,1,1,1,Aprovado com dependência
4706,2022103008,103,2023,2,1,2,Aprovado com dependência
4707,2022103008,103,2024,3,1,2,Retido
4708,2022103008,103,2025,3,2,1,Retido
4709,2022103008,103,2026,3,3,,Em curso
4710,2022103009,103,2022,1,1,2,Aprovado com dependência
4711,2022103009,103,2023,2,1,7,Retido
4712,2022103009,103,2024,2,2,4,Retido
4713,2022103009,103,2025,2,3,2,Aprovado com dependência
4714,2022103009,103,2026,3,1,,Evadido
4715,2022103010,103,2022,1,1,0,Aprovado
4716,2022103010,103,2023,2,1,0,Aprovado
4717,2022103010,103,2024,3,1,0,Aprovado
4718,2022103011,103,2022,1,1,0,Aprovado
4719,2022103011,103,2023,2,1,1,Aprovado com dependência
4720,2022103012,103,2022,1,1,0,Aprovado
4721,2022103012,103,2023,2,1,0,Aprovado
4722,2022103012,103,2024,3,1,0,Aprovado
4723,2022103013,103,2022,1,1,0,Aprovado
4724,2022103013,103,2023,2,1,0,Aprovado
4725,2022103013,103,2024,3,1,1,Retido
4726,2022103013,103,2025,3,2,0,Aprovado
4727,2022103014,103,2022,1,1,0,Aprovado
4728,2022103014,103,2023,2,1,0,Aprovado
4729,2022103014,103,2024,3,1,0,Aprovado
4730,2022103015,103,2022,1,1,5,Retido
4731,2022103015,103,2023,1,2,1,Aprovado com dependência
4732,2022103015,103,2024,2,1,1,Aprovado com dependência
4733,2022103016,103,2022,1,1,0,Aprovado
4734,2022103016,103,2023,2,1,0,Aprovado
4735,2022103016,103,2024,3,1,1,Retido
4736,2022103016,103,2025,3,2,0,Aprovado
4737,2022103017,103,2022,1,1,0,Aprovado
4738,2022103017,103,2023,2,1,0,Aprovado
4739,2022103017,103,2024,3,1,0,Aprovado
4740,2022103018,103,2022,1,1,1,Aprovado com dependência
4741,2022103018,103,2023,2,1,0,Aprovado
4742,2022103018,103,2024,3,1,0,Aprovado
4743,2022103019,103,2022,1,1,7,Retido
4744,2022103019,103,2023,1,2,2,Aprovado com dependência
4745,2022103019,103,2024,2,1,5,Retido
4746,2022103019,103,2025,2,2,5,Retido
4747,2022103019,103,2026,2,3,,Em curso
4748,2022103020,103,2022,1,1,0,Aprovado
4749,2022103020,103,2023,2,1,0,Aprovado
4750,2022103020,103,2024,3,1,0,Aprovado
4751,2022103021,103,2022,1,1,0,Aprovado
4752,2022103021,103,2023,2,1,1,Aprovado com dependência
4753,2022103021,103,2024,3,1,0,Aprovado
4754,2022103022,103,2022,1,1,0,Aprovado
4755,2022103022,103,2023,2,1,0,Aprovado
4756,2022103022,103,2024,3,1,0,Aprovado
4757,2022103023,103,2022,1,1,0,Aprovado
4758,2022103023,103,2023,2,1,0,Aprovado
4759,2022103023,103,2024,3,1,3,Retido
4760,2022103023,103,2025,3,2,0,Aprovado
4761,2022103024,103,2022,1,1,0,Aprovado
4762,2022103024,103,2023,2,1,0,Aprovado
4763,2022103024,103,2024,3,1,1,Retido
4764,2022103024,103,2025,3,2,0,Aprovado
4765,2022103025,103,2022,1,1,7,Retido
4766,2022103025,103,2023,1,2,5,Retido
4767,2022103025,103,2024,1,3,1,Aprovado com dependência
4768,2022103025,103,2025,2,1,4,Retido
4769,2022103026,103,2022,1,1,0,Aprovado
4770,2022103026,103,2023,2,1,0,Aprovado
4771,2022103026,103,2024,3,1,0,Aprovado
4772,2022103027,103,2022,1,1,7,Retido
4773,2022103027,103,2023,1,2,2,Aprovado com dependência
4774,2022103027,103,2024,2,1,6,Retido
4775,2022103027,103,2025,2,2,5,Retido
4776,2022103028,103,2022,1,1,0,Aprovado
4777,2022103028,103,2023,2,1,1,Aprovado com dependência
4778,2022103028,103,2024,3,1,1,Retido
4779,2022103028,103,2025,3,2,0,Aprovado
4780,2022103029,103,2022,1,1,2,Aprovado com dependência
4781,2022103029,103,2023,2,1,5,Retido
4782,2022103030,103,2022,1,1,3,Retido
4783,2022103030,103,2023,1,2,,Evadido
4784,2022103031,103,2022,1,1,2,Aprovado com dependência
4785,2022103031,103,2023,2,1,1,Aprovado com dependência
4786,2022103031,103,2024,3,1,1,Retido
4787,2022103031,103,2025,3,2,0,Aprovado
4788,2022103032,103,2022,1,1,4,Retido
4789,2022103032,103,2023,1,2,3,Retido
4790,2022103032,103,2024,1,3,0,Aprovado
4791,2022103032,103,2025,2,1,1,Aprovado com dependência
4792,2022103032,103,2026,3,1,,Em curso
4793,2022103033,103,2022,1,1,2,Aprovado com dependência
4794,2022103033,103,2023,2,1,1,Aprovado com dependência
4795,2022103033,103,2024,3,1,1,Retido
4796,2022103033,103,2025,3,2,0,Aprovado
4797,2022103034,103,2022,1,1,0,Aprovado
4798,2022103034,103,2023,2,1,1,Aprovado com dependência
4799,2022103034,103,2024,3,1,1,Retido
4800,2022103034,103,2025,3,2,0,Aprovado
4801,2022103035,103,2022,1,1,3,Retido
4802,2022103036,103,2022,1,1,0,Aprovado
4803,2022103036,103,2023,2,1,0,Aprovado
4804,2022103036,103,2024,3,1,0,Aprovado
4805,2022103037,103,2022,1,1,0,Aprovado
4806,2022103037,103,2023,2,1,5,Retido
4807,2022103038,103,2022,1,1,12,Retido
4808,2022103038,103,2023,1,2,12,Retido
4809,2022103038,103,2024,1,3,5,Retido
4810,2022103039,103,2022,1,1,0,Aprovado
4811,2022103039,103,2023,2,1,0,Aprovado
4812,2022103039,103,2024,3,1,0,Aprovado
4813,2022103040,103,2022,1,1,2,Aprovado com dependência
4814,2022103040,103,2023,2,1,3,Retido
4815,2022103040,103,2024,2,2,1,Aprovado com dependência
4816,2022103040,103,2025,3,1,2,Retido
4817,2022103040,103,2026,3,2,,Em curso
4818,2022103041,103,2022,1,1,1,Aprovado com dependência
4819,2022103041,103,2023,2,1,3,Retido
4820,2022103041,103,2024,2,2,0,Aprovado
4821,2022103041,103,2025,3,1,3,Retido
4822,2022103041,103,2026,3,2,,Em curso
4823,2022103042,103,2022,1,1,4,Retido
4824,2022103043,103,2022,1,1,0,Aprovado
4825,2022103043,103,2023,2,1,0,Aprovado
4826,2022103043,103,2024,3,1,0,Aprovado
4827,2022103044,103,2022,1,1,0,Aprovado
4828,2022103044,103,2023,2,1,,Evadido
4829,2022103045,103,2022,1,1,1,Aprovado com dependência
4830,2022103045,103,2023,2,1,0,Aprovado
4831,2022103045,103,2024,3,1,,Evadido
4832,2022104001,104,2022,1,1,0,Aprovado
4833,2022104001,104,2023,2,1,0,Aprovado
4834,2022104001,104,2024,3,1,0,Aprovado
4835,2022104002,104,2022,1,1,1,Aprovado com dependência
4836,2022104002,104,2023,2,1,2,Aprovado com dependência
4837,2022104002,104,2024,3,1,1,Retido
4838,2022104002,104,2025,3,2,0,Aprovado
4839,2022104003,104,2022,1,1,0,Aprovado
4840,2022104003,104,2023,2,1,0,Aprovado
4841,2022104003,104,2024,3,1,0,Aprovado
4842,2022104004,104,2022,1,1,0,Aprovado
4843,2022104004,104,2023,2,1,0,Aprovado
4844,2022104004,104,2024,3,1,0,Aprovado
4845,2022104005,104,2022,1,1,0,Aprovado
4846,2022104005,104,2023,2,1,0,Aprovado
4847,2022104005,104,2024,3,1,1,Retido
4848,2022104005,104,2025,3,2,0,Aprovado
4849,2022104006,104,2022,1,1,6,Retido
4850,2022104006,104,2023,1,2,0,Aprovado
4851,2022104006,104,2024,2,1,0,Aprovado
4852,2022104006,104,2025,3,1,0,Aprovado
4853,2022104007,104,2022,1,1,3,Retido
4854,2022104007,104,2023,1,2,2,Aprovado com dependência
4855,2022104007,104,2024,2,1,3,Retido
4856,2022104007,104,2025,2,2,1,Aprovado com dependência
4857,2022104007,104,2026,3,1,,Em curso
4858,2022104008,104,2022,1,1,2,Aprovado com dependência
4859,2022104008,104,2023,2,1,0,Aprovado
4860,2022104008,104,2024,3,1,2,Retido
4861,2022104008,104,2025,3,2,1,Retido
4862,2022104008,104,2026,3,3,,Em curso
4863,2022104009,104,2022,1,1,3,Retido
4864,2022104009,104,2023,1,2,2,Aprovado com dependência
4865,2022104009,104,2024,2,1,2,Aprovado com dependência
4866,2022104009,104,2025,3,1,1,Retido
4867,2022104009,104,2026,3,2,,Em curso
4868,2022104010,104,2022,1,1,0,Aprovado
4869,2022104010,104,2023,2,1,0,Aprovado
4870,2022104010,104,2024,3,1,0,Aprovado
4871,2022104011,104,2022,1,1,7,Retido
4872,2022104012,104,2022,1,1,0,Aprovado
4873,2022104012,104,2023,2,1,0,Aprovado
4874,2022104012,104,2024,3,1,0,Aprovado
4875,2022104013,104,2022,1,1,2,Aprovado com dependência
4876,2022104014,104,2022,1,1,7,Retido
4877,2022104014,104,2023,1,2,0,Aprovado
4878,2022104014,104,2024,2,1,13,Retido
4879,2022104015,104,2022,1,1,0,Aprovado
4880,2022104015,104,2023,2,1,1,Aprovado com dependência
4881,2022104016,104,2022,1,1,1,Aprovado com dependência
4882,2022104016,104,2023,2,1,0,Aprovado
4883,2022104016,104,2024,3,1,0,Aprovado
4884,2022104017,104,2022,1,1,0,Aprovado
4885,2022104017,104,2023,2,1,0,Aprovado
4886,2022104017,104,2024,3,1,0,Aprovado
4887,2022104018,104,2022,1,1,0,Aprovado
4888,2022104018,104,2023,2,1,2,Aprovado com dependência
4889,2022104018,104,2024,3,1,0,Aprovado
4890,2022104019,104,2022,1,1,0,Aprovado
4891,2022104019,104,2023,2,1,0,Aprovado
4892,2022104019,104,2024,3,1,0,Aprovado
4893,2022104020,104,2022,1,1,2,Aprovado com dependência
4894,2022104020,104,2023,2,1,0,Aprovado
4895,2022104020,104,2024,3,1,6,Retido
4896,2022104020,104,2025,3,2,0,Aprovado
4897,2022104021,104,2022,1,1,0,Aprovado
4898,2022104021,104,2023,2,1,0,Aprovado
4899,2022104021,104,2024,3,1,0,Aprovado
4900,2022104022,104,2022,1,1,0,Aprovado
4901,2022104022,104,2023,2,1,1,Aprovado com dependência
4902,2022104022,104,2024,3,1,0,Aprovado
4903,2022104023,104,2022,1,1,1,Aprovado com dependência
4904,2022104023,104,2023,2,1,2,Aprovado com dependência
4905,2022104023,104,2024,3,1,2,Retido
4906,2022104023,104,2025,3,2,1,Retido
4907,2022104023,104,2026,3,3,,Em curso
4908,2022104024,104,2022,1,1,0,Aprovado
4909,2022104024,104,2023,2,1,0,Aprovado
4910,2022104024,104,2024,3,1,0,Aprovado
4911,2022104025,104,2022,1,1,0,Aprovado
4912,2022104025,104,2023,2,1,0,Aprovado
4913,2022104025,104,2024,3,1,0,Aprovado
4914,2022104026,104,2022,1,1,1,Aprovado com dependência
4915,2022104026,104,2023,2,1,0,Aprovado
4916,2022104026,104,2024,3,1,0,Aprovado
4917,2022104027,104,2022,1,1,0,Aprovado
4918,2022104027,104,2023,2,1,1,Aprovado com dependência
4919,2022104027,104,2024,3,1,0,Aprovado
4920,2022104028,104,2022,1,1,2,Aprovado com dependência
4921,2022104028,104,2023,2,1,0,Aprovado
4922,2022104028,104,2024,3,1,1,Retido
4923,2022104028,104,2025,3,2,1,Retido
4924,2022104028,104,2026,3,3,,Em curso
4925,2022104029,104,2022,1,1,5,Retido
4926,2022104029,104,2023,1,2,3,Retido
4927,2022104029,104,2024,1,3,3,Retido
4928,2022104029,104,2025,1,4,2,Aprovado com dependência
4929,2022104029,104,2026,2,1,,Em curso
4930,2022104030,104,2022,1,1,0,Aprovado
4931,2022104030,104,2023,2,1,0,Aprovado
4932,2022104030,104,2024,3,1,0,Aprovado
4933,2022104031,104,2022,1,1,0,Aprovado
4934,2022104031,104,2023,2,1,11,Retido
4935,2022104031,104,2024,2,2,0,Aprovado
4936,2022104031,104,2025,3,1,0,Aprovado
4937,2022104032,104,2022,1,1,0,Aprovado
4938,2022104032,104,2023,2,1,0,Aprovado
4939,2022104032,104,2024,3,1,0,Aprovado
4940,2022104033,104,2022,1,1,0,Aprovado
4941,2022104033,104,2023,2,1,0,Aprovado
4942,2022104033,104,2024,3,1,0,Aprovado
4943,2022104034,104,2022,1,1,2,Aprovado com dependência
4944,2022104034,104,2023,2,1,1,Aprovado com dependência
4945,2022104034,104,2024,3,1,0,Aprovado
4946,2022104035,104,2022,1,1,0,Aprovado
4947,2022104035,104,2023,2,1,0,Aprovado
4948,2022104035,104,2024,3,1,0,Aprovado
4949,2022104036,104,2022,1,1,0,Aprovado
4950,2022104036,104,2023,2,1,0,Aprovado
4951,2022104036,104,2024,3,1,2,Retido
4952,2022104036,104,2025,3,2,0,Aprovado
4953,2022104037,104,2022,1,1,3,Retido
4954,2022104037,104,2023,1,2,1,Aprovado com dependência
4955,2022104037,104,2024,2,1,0,Aprovado
4956,2022104037,104,2025,3,1,2,Retido
4957,2022104037,104,2026,3,2,,Em curso
4958,2022104038,104,2022,1,1,0,Aprovado
4959,2022104038,104,2023,2,1,0,Aprovado
4960,2022104038,104,2024,3,1,0,Aprovado
4961,2022104039,104,2022,1,1,0,Aprovado
4962,2022104039,104,2023,2,1,6,Retido
4963,2022104039,104,2024,2,2,0,Aprovado
4964,2022104039,104,2025,3,1,0,Aprovado
4965,2022104040,104,2022,1,1,1,Aprovado com dependência
4966,2022104040,104,2023,2,1,1,Aprovado com dependência
4967,2022104040,104,2024,3,1,0,Aprovado
4968,2022104041,104,2022,1,1,2,Aprovado com dependência
4969,2022104041,104,2023,2,1,0,Aprovado
4970,2022104041,104,2024,3,1,1,Retido
4971,2022104041,104,2025,3,2,0,Aprovado
4972,2022104042,104,2022,1,1,0,Aprovado
4973,2022104042,104,2023,2,1,0,Aprovado
4974,2022104042,104,2024,3,1,0,Aprovado
4975,2022104043,104,2022,1,1,4,Retido
4976,2022104043,104,2023,1,2,1,Aprovado com dependência
4977,2022104043,104,2024,2,1,0,Aprovado
4978,2022104043,104,2025,3,1,1,Retido
4979,2022104043,104,2026,3,2,,Em curso
4980,2022104044,104,2022,1,1,2,Aprovado com dependência
4981,2022104044,104,2023,2,1,1,Aprovado com dependência
4982,2022104044,104,2024,3,1,0,Aprovado
4983,2022104045,104,2022,1,1,1,Aprovado com dependência
4984,2022104045,104,2023,2,1,0,Aprovado
4985,2022104045,104,2024,3,1,0,Aprovado
4986,2022105001,105,2022,1,1,3,Retido
4987,2022105001,105,2023,1,2,0,Aprovado
4988,2022105001,105,2024,2,1,2,Aprovado com dependência
4989,2022105001,105,2025,3,1,0,Aprovado
4990,2022105002,105,2022,1,1,0,Aprovado
4991,2022105002,105,2023,2,1,0,Aprovado
4992,2022105002,105,2024,3,1,0,Aprovado
4993,2022105003,105,2022,1,1,0,Aprovado
4994,2022105003,105,2023,2,1,0,Aprovado
4995,2022105003,105,2024,3,1,0,Aprovado
4996,2022105004,105,2022,1,1,0,Aprovado
4997,2022105004,105,2023,2,1,0,Aprovado
4998,2022105004,105,2024,3,1,0,Aprovado
4999,2022105005,105,2022,1,1,0,Aprovado
5000,2022105005,105,2023,2,1,6,Retido
5001,2022105005,105,2024,2,2,11,Retido
5002,2022105005,105,2025,2,3,10,Retido
5003,2022105006,105,2022,1,1,0,Aprovado
5004,2022105006,105,2023,2,1,0,Aprovado
5005,2022105006,105,2024,3,1,0,Aprovado
5006,2022105007,105,2022,1,1,0,Aprovado
5007,2022105007,105,2023,2,1,1,Aprovado com dependência
5008,2022105007,105,2024,3,1,0,Aprovado
5009,2022105008,105,2022,1,1,0,Aprovado
5010,2022105008,105,2023,2,1,10,Retido
5011,2022105008,105,2024,2,2,1,Aprovado com dependência
5012,2022105008,105,2025,3,1,9,Retido
5013,2022105008,105,2026,3,2,,Em curso
5014,2022105009,105,2022,1,1,2,Aprovado com dependência
5015,2022105009,105,2023,2,1,1,Aprovado com dependência
5016,2022105009,105,2024,3,1,2,Retido
5017,2022105009,105,2025,3,2,2,Retido
5018,2022105009,105,2026,3,3,,Em curso
5019,2022105010,105,2022,1,1,9,Retido
5020,2022105010,105,2023,1,2,0,Aprovado
5021,2022105010,105,2024,2,1,0,Aprovado
5022,2022105010,105,2025,3,1,0,Aprovado
5023,2022105011,105,2022,1,1,1,Aprovado com dependência
5024,2022105011,105,2023,2,1,1,Aprovado com dependência
5025,2022105011,105,2024,3,1,1,Retido
5026,2022105011,105,2025,3,2,1,Retido
5027,2022105011,105,2026,3,3,,Em curso
5028,2022105012,105,2022,1,1,0,Aprovado
5029,2022105012,105,2023,2,1,0,Aprovado
5030,2022105012,105,2024,3,1,0,Aprovado
5031,2022105013,105,2022,1,1,0,Aprovado
5032,2022105013,105,2023,2,1,0,Aprovado
5033,2022105013,105,2024,3,1,0,Aprovado
5034,2022105014,105,2022,1,1,0,Aprovado
5035,2022105014,105,2023,2,1,0,Aprovado
5036,2022105014,105,2024,3,1,0,Aprovado
5037,2022105015,105,2022,1,1,10,Retido
5038,2022105015,105,2023,1,2,11,Retido
5039,2022105015,105,2024,1,3,1,Aprovado com dependência
5040,2022105015,105,2025,2,1,11,Retido
5041,2022105016,105,2022,1,1,0,Aprovado
5042,2022105016,105,2023,2,1,0,Aprovado
5043,2022105016,105,2024,3,1,1,Retido
5044,2022105016,105,2025,3,2,5,Retido
5045,2022105016,105,2026,3,3,,Em curso
5046,2022105017,105,2022,1,1,2,Aprovado com dependência
5047,2022105017,105,2023,2,1,0,Aprovado
5048,2022105017,105,2024,3,1,0,Aprovado
5049,2022105018,105,2022,1,1,0,Aprovado
5050,2022105018,105,2023,2,1,0,Aprovado
5051,2022105018,105,2024,3,1,0,Aprovado
5052,2022105019,105,2022,1,1,2,Aprovado com dependência
5053,2022105019,105,2023,2,1,2,Aprovado com dependência
5054,2022105019,105,2024,3,1,8,Retido
5055,2022105019,105,2025,3,2,0,Aprovado
5056,2022105020,105,2022,1,1,0,Aprovado
5057,2022105020,105,2023,2,1,0,Aprovado
5058,2022105020,105,2024,3,1,0,Aprovado
5059,2022105021,105,2022,1,1,0,Aprovado
5060,2022105021,105,2023,2,1,0,Aprovado
5061,2022105021,105,2024,3,1,0,Aprovado
5062,2022105022,105,2022,1,1,0,Aprovado
5063,2022105022,105,2023,2,1,0,Aprovado
5064,2022105022,105,2024,3,1,0,Aprovado
5065,2022105023,105,2022,1,1,1,Aprovado com dependência
5066,2022105023,105,2023,2,1,0,Aprovado
5067,2022105023,105,2024,3,1,0,Aprovado
5068,2022105024,105,2022,1,1,0,Aprovado
5069,2022105024,105,2023,2,1,0,Aprovado
5070,2022105024,105,2024,3,1,0,Aprovado
5071,2022105025,105,2022,1,1,0,Aprovado
5072,2022105025,105,2023,2,1,0,Aprovado
5073,2022105025,105,2024,3,1,0,Aprovado
5074,2022105026,105,2022,1,1,4,Retido
5075,2022105026,105,2023,1,2,0,Aprovado
5076,2022105026,105,2024,2,1,0,Aprovado
5077,2022105026,105,2025,3,1,0,Aprovado
5078,2022105027,105,2022,1,1,9,Retido
5079,2022105027,105,2023,1,2,13,Retido
5080,2022105028,105,2022,1,1,0,Aprovado
5081,2022105028,105,2023,2,1,0,Aprovado
5082,2022105028,105,2024,3,1,3,Retido
5083,2022105028,105,2025,3,2,0,Aprovado
5084,2022105029,105,2022,1,1,5,Retido
5085,2022105029,105,2023,1,2,1,Aprovado com dependência
5086,2022105029,105,2024,2,1,5,Retido
5087,2022105029,105,2025,2,2,8,Retido
5088,2022105029,105,2026,2,3,,Evadido
5089,2022105030,105,2022,1,1,3,Retido
5090,2022105030,105,2023,1,2,0,Aprovado
5091,2022105030,105,2024,2,1,2,Aprovado com dependência
5092,2022105030,105,2025,3,1,2,Retido
5093,2022105031,105,2022,1,1,0,Aprovado
5094,2022105031,105,2023,2,1,0,Aprovado
5095,2022105031,105,2024,3,1,0,Aprovado
5096,2022105032,105,2022,1,1,4,Retido
5097,2022105032,105,2023,1,2,12,Retido
5098,2022105032,105,2024,1,3,3,Retido
5099,2022105033,105,2022,1,1,0,Aprovado
5100,2022105033,105,2023,2,1,1,Aprovado com dependência
5101,2022105033,105,2024,3,1,4,Retido
5102,2022105034,105,2022,1,1,8,Retido
5103,2022105035,105,2022,1,1,5,Retido
5104,2022105035,105,2023,1,2,,Evadido
5105,2022105036,105,2022,1,1,0,Aprovado
5106,2022105036,105,2023,2,1,0,Aprovado
5107,2022105036,105,2024,3,1,0,Aprovado
5108,2022105037,105,2022,1,1,1,Aprovado com dependência
5109,2022105037,105,2023,2,1,2,Aprovado com dependência
5110,2022105037,105,2024,3,1,2,Retido
5111,2022105037,105,2025,3,2,0,Aprovado
5112,2022105038,105,2022,1,1,0,Aprovado
5113,2022105038,105,2023,2,1,0,Aprovado
5114,2022105038,105,2024,3,1,0,Aprovado
5115,2022105039,105,2022,1,1,0,Aprovado
5116,2022105039,105,2023,2,1,0,Aprovado
5117,2022105039,105,2024,3,1,2,Retido
5118,2022105039,105,2025,3,2,1,Retido
5119,2022105039,105,2026,3,3,,Em curso
5120,2022105040,105,2022,1,1,1,Aprovado com dependência
5121,2022105040,105,2023,2,1,1,Aprovado com dependência
5122,2022105040,105,2024,3,1,0,Aprovado
5123,2022105041,105,2022,1,1,2,Aprovado com dependência
5124,2022105041,105,2023,2,1,3,Retido
5125,2022105041,105,2024,2,2,1,Aprovado com dependência
5126,2022105041,105,2025,3,1,0,Aprovado
5127,2022106001,106,2022,1,1,0,Aprovado
5128,2022106001,106,2023,2,1,0,Aprovado
5129,2022106001,106,2024,3,1,0,Aprovado
5130,2022106002,106,2022,1,1,0,Aprovado
5131,2022106002,106,2023,2,1,0,Aprovado
5132,2022106002,106,2024,3,1,0,Aprovado
5133,2022106003,106,2022,1,1,6,Retido
5134,2022106003,106,2023,1,2,0,Aprovado
5135,2022106003,106,2024,2,1,1,Aprovado com dependência
5136,2022106003,106,2025,3,1,0,Aprovado
5137,2022106004,106,2022,1,1,11,Retido
5138,2022106004,106,2023,1,2,0,Aprovado
5139,2022106005,106,2022,1,1,0,Aprovado
5140,2022106005,106,2023,2,1,0,Aprovado
5141,2022106005,106,2024,3,1,0,Aprovado
5142,2022106006,106,2022,1,1,0,Aprovado
5143,2022106006,106,2023,2,1,0,Aprovado
5144,2022106006,106,2024,3,1,0,Aprovado
5145,2022106007,106,2022,1,1,0,Aprovado
5146,2022106007,106,2023,2,1,0,Aprovado
5147,2022106007,106,2024,3,1,0,Aprovado
5148,2022106008,106,2022,1,1,13,Retido
5149,2022106008,106,2023,1,2,1,Aprovado com dependência
5150,2022106008,106,2024,2,1,0,Aprovado
5151,2022106008,106,2025,3,1,3,Retido
5152,2022106008,106,2026,3,2,,Em curso
5153,2022106009,106,2022,1,1,0,Aprovado
5154,2022106009,106,2023,2,1,0,Aprovado
5155,2022106009,106,2024,3,1,0,Aprovado
5156,2022106010,106,2022,1,1,0,Aprovado
5157,2022106010,106,2023,2,1,0,Aprovado
5158,2022106010,106,2024,3,1,0,Aprovado
5159,2022106011,106,2022,1,1,0,Aprovado
5160,2022106011,106,2023,2,1,0,Aprovado
5161,2022106011,106,2024,3,1,0,Aprovado
5162,2022106012,106,2022,1,1,0,Aprovado
5163,2022106012,106,2023,2,1,0,Aprovado
5164,2022106012,106,2024,3,1,0,Aprovado
5165,2022106013,106,2022,1,1,0,Aprovado
5166,2022106013,106,2023,2,1,0,Aprovado
5167,2022106013,106,2024,3,1,0,Aprovado
5168,2022106014,106,2022,1,1,1,Aprovado com dependência
5169,2022106014,106,2023,2,1,1,Aprovado com dependência
5170,2022106014,106,2024,3,1,0,Aprovado
5171,2022106015,106,2022,1,1,5,Retido
5172,2022106015,106,2023,1,2,2,Aprovado com dependência
5173,2022106015,106,2024,2,1,4,Retido
5174,2022106015,106,2025,2,2,1,Aprovado com dependência
5175,2022106015,106,2026,3,1,,Em curso
5176,2022106016,106,2022,1,1,0,Aprovado
5177,2022106016,106,2023,2,1,1,Aprovado com dependência
5178,2022106016,106,2024,3,1,1,Retido
5179,2022106016,106,2025,3,2,0,Aprovado
5180,2022106017,106,2022,1,1,3,Retido
5181,2022106017,106,2023,1,2,1,Aprovado com dependência
5182,2022106017,106,2024,2,1,2,Aprovado com dependência
5183,2022106017,106,2025,3,1,3,Retido
5184,2022106017,106,2026,3,2,,Em curso
5185,2022106018,106,2022,1,1,2,Aprovado com dependência
5186,2022106018,106,2023,2,1,4,Retido
5187,2022106018,106,2024,2,2,1,Aprovado com dependência
5188,2022106018,106,2025,3,1,,Evadido
5189,2022106019,106,2022,1,1,1,Aprovado com dependência
5190,2022106019,106,2023,2,1,0,Aprovado
5191,2022106019,106,2024,3,1,0,Aprovado
5192,2022106020,106,2022,1,1,4,Retido
5193,2022106020,106,2023,1,2,0,Aprovado
5194,2022106020,106,2024,2,1,1,Aprovado com dependência
5195,2022106020,106,2025,3,1,3,Retido
5196,2022106020,106,2026,3,2,,Em curso
5197,2022106021,106,2022,1,1,6,Retido
5198,2022106021,106,2023,1,2,2,Aprovado com dependência
5199,2022106021,106,2024,2,1,5,Retido
5200,2022106021,106,2025,2,2,0,Aprovado
5201,2022106021,106,2026,3,1,,Em curso
5202,2022106022,106,2022,1,1,1,Aprovado com dependência
5203,2022106022,106,2023,2,1,0,Aprovado
5204,2022106022,106,2024,3,1,0,Aprovado
5205,2022106023,106,2022,1,1,11,Retido
5206,2022106023,106,2023,1,2,7,Retido
5207,2022106024,106,2022,1,1,1,Aprovado com dependência
5208,2022106024,106,2023,2,1,0,Aprovado
5209,2022106024,106,2024,3,1,0,Aprovado
5210,2022106025,106,2022,1,1,3,Retido
5211,2022106025,106,2023,1,2,0,Aprovado
5212,2022106025,106,2024,2,1,0,Aprovado
5213,2022106025,106,2025,3,1,0,Aprovado
5214,2022106026,106,2022,1,1,4,Retido
5215,2022106026,106,2023,1,2,3,Retido
5216,2022106027,106,2022,1,1,0,Aprovado
5217,2022106027,106,2023,2,1,0,Aprovado
5218,2022106027,106,2024,3,1,0,Aprovado
5219,2022106028,106,2022,1,1,0,Aprovado
5220,2022106028,106,2023,2,1,1,Aprovado com dependência
5221,2022106028,106,2024,3,1,0,Aprovado
5222,2022106029,106,2022,1,1,2,Aprovado com dependência
5223,2022106029,106,2023,2,1,2,Aprovado com dependência
5224,2022106029,106,2024,3,1,0,Aprovado
5225,2022106030,106,2022,1,1,0,Aprovado
5226,2022106030,106,2023,2,1,0,Aprovado
5227,2022106030,106,2024,3,1,0,Aprovado
5228,2022106031,106,2022,1,1,3,Retido
5229,2022106031,106,2023,1,2,13,Retido
5230,2022106031,106,2024,1,3,12,Retido
5231,2022106031,106,2025,1,4,1,Aprovado com dependência
5232,2022106032,106,2022,1,1,0,Aprovado
5233,2022106032,106,2023,2,1,0,Aprovado
5234,2022106032,106,2024,3,1,1,Retido
5235,2022106032,106,2025,3,2,0,Aprovado
5236,2022106033,106,2022,1,1,0,Aprovado
5237,2022106033,106,2023,2,1,2,Aprovado com dependência
5238,2022106033,106,2024,3,1,1,Retido
5239,2022106033,106,2025,3,2,0,Aprovado
5240,2022106034,106,2022,1,1,5,Retido
5241,2022106034,106,2023,1,2,1,Aprovado com dependência
5242,2022106034,106,2024,2,1,12,Retido
5243,2022106034,106,2025,2,2,12,Retido
5244,2022106034,106,2026,2,3,,Em curso
5245,2022106035,106,2022,1,1,12,Retido
5246,2022106035,106,2023,1,2,4,Retido
5247,2022106035,106,2024,1,3,0,Aprovado
5248,2022106035,106,2025,2,1,0,Aprovado
5249,2022106035,106,2026,3,1,,Em curso
5250,2022106036,106,2022,1,1,0,Aprovado
5251,2022106036,106,2023,2,1,0,Aprovado
5252,2022106036,106,2024,3,1,0,Aprovado
5253,2022106037,106,2022,1,1,0,Aprovado
5254,2022106037,106,2023,2,1,0,Aprovado
5255,2022106037,106,2024,3,1,0,Aprovado
5256,2022106038,106,2022,1,1,0,Aprovado
5257,2022106038,106,2023,2,1,3,Retido
5258,2022106038,106,2024,2,2,1,Aprovado com dependência
5259,2022106038,106,2025,3,1,1,Retido
5260,2022106038,106,2026,3,2,,Em curso
5261,2022106039,106,2022,1,1,1,Aprovado com dependência
5262,2022106039,106,2023,2,1,0,Aprovado
5263,2022106039,106,2024,3,1,0,Aprovado
5264,2023101001,101,2023,1,1,13,Retido
5265,2023101001,101,2024,1,2,4,Retido
5266,2023101001,101,2025,1,3,4,Retido
5267,2023101001,101,2026,1,4,,Em curso
5268,2023101002,101,2023,1,1,0,Aprovado
5269,2023101002,101,2024,2,1,0,Aprovado
5270,2023101002,101,2025,3,1,0,Aprovado
5271,2023101003,101,2023,1,1,1,Aprovado com dependência
5272,2023101003,101,2024,2,1,1,Aprovado com dependência
5273,2023101003,101,2025,3,1,1,Retido
5274,2023101003,101,2026,3,2,,Em curso
5275,2023101004,101,2023,1,1,11,Retido
5276,2023101004,101,2024,1,2,2,Aprovado com dependência
5277,2023101004,101,2025,2,1,1,Aprovado com dependência
5278,2023101004,101,2026,3,1,,Em curso
5279,2023101005,101,2023,1,1,0,Aprovado
5280,2023101005,101,2024,2,1,0,Aprovado
5281,2023101005,101,2025,3,1,0,Aprovado
5282,2023101006,101,2023,1,1,0,Aprovado
5283,2023101006,101,2024,2,1,0,Aprovado
5284,2023101006,101,2025,3,1,0,Aprovado
5285,2023101007,101,2023,1,1,3,Retido
5286,2023101007,101,2024,1,2,10,Retido
5287,2023101007,101,2025,1,3,0,Aprovado
5288,2023101007,101,2026,2,1,,Em curso
5289,2023101008,101,2023,1,1,,Evadido
5290,2023101009,101,2023,1,1,0,Aprovado
5291,2023101009,101,2024,2,1,0,Aprovado
5292,2023101009,101,2025,3,1,0,Aprovado
5293,2023101010,101,2023,1,1,1,Aprovado com dependência
5294,2023101010,101,2024,2,1,1,Aprovado com dependência
5295,2023101010,101,2025,3,1,1,Retido
5296,2023101010,101,2026,3,2,,Em curso
5297,2023101011,101,2023,1,1,0,Aprovado
5298,2023101011,101,2024,2,1,0,Aprovado
5299,2023101011,101,2025,3,1,1,Retido
5300,2023101011,101,2026,3,2,,Em curso
5301,2023101012,101,2023,1,1,2,Aprovado com dependência
5302,2023101013,101,2023,1,1,0,Aprovado
5303,2023101013,101,2024,2,1,0,Aprovado
5304,2023101013,101,2025,3,1,1,Retido
5305,2023101013,101,2026,3,2,,Em curso
5306,2023101014,101,2023,1,1,3,Retido
5307,2023101014,101,2024,1,2,3,Retido
5308,2023101014,101,2025,1,3,2,Aprovado com dependência
5309,2023101014,101,2026,2,1,,Em curso
5310,2023101015,101,2023,1,1,3,Retido
5311,2023101015,101,2024,1,2,1,Aprovado com dependência
5312,2023101015,101,2025,2,1,2,Aprovado com dependência
5313,2023101015,101,2026,3,1,,Em curso
5314,2023101016,101,2023,1,1,2,Aprovado com dependência
5315,2023101016,101,2024,2,1,11,Retido
5316,2023101016,101,2025,2,2,3,Retido
5317,2023101017,101,2023,1,1,4,Retido
5318,2023101018,101,2023,1,1,2,Aprovado com dependência
5319,2023101018,101,2024,2,1,5,Retido
5320,2023101019,101,2023,1,1,2,Aprovado com dependência
5321,2023101019,101,2024,2,1,0,Aprovado
5322,2023101019,101,2025,3,1,2,Retido
5323,2023101019,101,2026,3,2,,Em curso
5324,2023101020,101,2023,1,1,0,Aprovado
5325,2023101020,101,2024,2,1,0,Aprovado
5326,2023101020,101,2025,3,1,0,Aprovado
5327,2023101021,101,2023,1,1,4,Retido
5328,2023101021,101,2024,1,2,2,Aprovado com dependência
5329,2023101021,101,2025,2,1,4,Retido
5330,2023101021,101,2026,2,2,,Em curso
5331,2023101022,101,2023,1,1,0,Aprovado
5332,2023101022,101,2024,2,1,0,Aprovado
5333,2023101022,101,2025,3,1,0,Aprovado
5334,2023101023,101,2023,1,1,0,Aprovado
5335,2023101023,101,2024,2,1,0,Aprovado
5336,2023101023,101,2025,3,1,0,Aprovado
5337,2023101024,101,2023,1,1,0,Aprovado
5338,2023101025,101,2023,1,1,0,Aprovado
5339,2023101025,101,2024,2,1,0,Aprovado
5340,2023101025,101,2025,3,1,0,Aprovado
5341,2023101026,101,2023,1,1,2,Aprovado com dependência
5342,2023101026,101,2024,2,1,3,Retido
5343,2023101026,101,2025,2,2,0,Aprovado
5344,2023101026,101,2026,3,1,,Em curso
5345,2023101027,101,2023,1,1,0,Aprovado
5346,2023101027,101,2024,2,1,0,Aprovado
5347,2023101027,101,2025,3,1,0,Aprovado
5348,2023101028,101,2023,1,1,0,Aprovado
5349,2023101028,101,2024,2,1,0,Aprovado
5350,2023101028,101,2025,3,1,3,Retido
5351,2023101028,101,2026,3,2,,Em curso
5352,2023101029,101,2023,1,1,0,Aprovado
5353,2023101029,101,2024,2,1,3,Retido
5354,2023101029,101,2025,2,2,3,Retido
5355,2023101029,101,2026,2,3,,Em curso
5356,2023101030,101,2023,1,1,4,Retido
5357,2023101030,101,2024,1,2,2,Aprovado com dependência
5358,2023101030,101,2025,2,1,2,Aprovado com dependência
5359,2023101030,101,2026,3,1,,Em curso
5360,2023101031,101,2023,1,1,0,Aprovado
5361,2023101031,101,2024,2,1,0,Aprovado
5362,2023101031,101,2025,3,1,0,Aprovado
5363,2023101032,101,2023,1,1,,Evadido
5364,2023101033,101,2023,1,1,2,Aprovado com dependência
5365,2023101033,101,2024,2,1,0,Aprovado
5366,2023101033,101,2025,3,1,0,Aprovado
5367,2023101034,101,2023,1,1,6,Retido
5368,2023101034,101,2024,1,2,4,Retido
5369,2023101035,101,2023,1,1,4,Retido
5370,2023101035,101,2024,1,2,3,Retido
5371,2023101035,101,2025,1,3,0,Aprovado
5372,2023101035,101,2026,2,1,,Em curso
5373,2023101036,101,2023,1,1,,Evadido
5374,2023101037,101,2023,1,1,2,Aprovado com dependência
5375,2023101037,101,2024,2,1,2,Aprovado com dependência
5376,2023101037,101,2025,3,1,4,Retido
5377,2023101037,101,2026,3,2,,Em curso
5378,2023101038,101,2023,1,1,3,Retido
5379,2023101038,101,2024,1,2,3,Retido
5380,2023101039,101,2023,1,1,0,Aprovado
5381,2023101039,101,2024,2,1,0,Aprovado
5382,2023101039,101,2025,3,1,0,Aprovado
5383,2023101040,101,2023,1,1,0,Aprovado
5384,2023101040,101,2024,2,1,0,Aprovado
5385,2023101040,101,2025,3,1,0,Aprovado
5386,2023101041,101,2023,1,1,0,Aprovado
5387,2023101041,101,2024,2,1,0,Aprovado
5388,2023101041,101,2025,3,1,1,Retido
5389,2023101041,101,2026,3,2,,Em curso
5390,2023101042,101,2023,1,1,0,Aprovado
5391,2023101042,101,2024,2,1,0,Aprovado
5392,2023101042,101,2025,3,1,1,Retido
5393,2023101042,101,2026,3,2,,Em curso
5394,2023101043,101,2023,1,1,3,Retido
5395,2023101044,101,2023,1,1,2,Aprovado com dependência
5396,2023101044,101,2024,2,1,0,Aprovado
5397,2023101044,101,2025,3,1,0,Aprovado
5398,2023101045,101,2023,1,1,0,Aprovado
5399,2023101045,101,2024,2,1,0,Aprovado
5400,2023101045,101,2025,3,1,0,Aprovado
5401,2023101046,101,2023,1,1,0,Aprovado
5402,2023101046,101,2024,2,1,0,Aprovado
5403,2023101046,101,2025,3,1,0,Aprovado
5404,2023102001,102,2023,1,1,5,Retido
5405,2023102002,102,2023,1,1,0,Aprovado
5406,2023102002,102,2024,2,1,2,Aprovado com dependência
5407,2023102002,102,2025,3,1,,Evadido
5408,2023102003,102,2023,1,1,1,Aprovado com dependência
5409,2023102003,102,2024,2,1,1,Aprovado com dependência
5410,2023102003,102,2025,3,1,2,Retido
5411,2023102003,102,2026,3,2,,Em curso
5412,2023102004,102,2023,1,1,0,Aprovado
5413,2023102005,102,2023,1,1,0,Aprovado
5414,2023102006,102,2023,1,1,0,Aprovado
5415,2023102006,102,2024,2,1,0,Aprovado
5416,2023102006,102,2025,3,1,0,Aprovado
5417,2023102007,102,2023,1,1,2,Aprovado com dependência
5418,2023102007,102,2024,2,1,1,Aprovado com dependência
5419,2023102007,102,2025,3,1,0,Aprovado
5420,2023102008,102,2023,1,1,0,Aprovado
5421,2023102008,102,2024,2,1,1,Aprovado com dependência
5422,2023102008,102,2025,3,1,0,Aprovado
5423,2023102009,102,2023,1,1,0,Aprovado
5424,2023102009,102,2024,2,1,0,Aprovado
5425,2023102009,102,2025,3,1,0,Aprovado
5426,2023102010,102,2023,1,1,2,Aprovado com dependência
5427,2023102010,102,2024,2,1,1,Aprovado com dependência
5428,2023102010,102,2025,3,1,8,Retido
5429,2023102010,102,2026,3,2,,Em curso
5430,2023102011,102,2023,1,1,0,Aprovado
5431,2023102011,102,2024,2,1,0,Aprovado
5432,2023102011,102,2025,3,1,0,Aprovado
5433,2023102012,102,2023,1,1,2,Aprovado com dependência
5434,2023102012,102,2024,2,1,2,Aprovado com dependência
5435,2023102012,102,2025,3,1,0,Aprovado
5436,2023102013,102,2023,1,1,0,Aprovado
5437,2023102013,102,2024,2,1,0,Aprovado
5438,2023102013,102,2025,3,1,1,Retido
5439,2023102013,102,2026,3,2,,Em curso
5440,2023102014,102,2023,1,1,3,Retido
5441,2023102014,102,2024,1,2,2,Aprovado com dependência
5442,2023102014,102,2025,2,1,0,Aprovado
5443,2023102015,102,2023,1,1,0,Aprovado
5444,2023102015,102,2024,2,1,2,Aprovado com dependência
5445,2023102015,102,2025,3,1,1,Retido
5446,2023102015,102,2026,3,2,,Em curso
5447,2023102016,102,2023,1,1,0,Aprovado
5448,2023102016,102,2024,2,1,0,Aprovado
5449,2023102016,102,2025,3,1,1,Retido
5450,2023102016,102,2026,3,2,,Em curso
5451,2023102017,102,2023,1,1,0,Aprovado
5452,2023102017,102,2024,2,1,0,Aprovado
5453,2023102017,102,2025,3,1,0,Aprovado
5454,2023102018,102,2023,1,1,4,Retido
5455,2023102018,102,2024,1,2,2,Aprovado com dependência
5456,2023102018,102,2025,2,1,4,Retido
5457,2023102018,102,2026,2,2,,Em curso
5458,2023102019,102,2023,1,1,0,Aprovado
5459,2023102019,102,2024,2,1,1,Aprovado com dependência
5460,2023102019,102,2025,3,1,0,Aprovado
5461,2023102020,102,2023,1,1,0,Aprovado
5462,2023102020,102,2024,2,1,0,Aprovado
5463,2023102020,102,2025,3,1,0,Aprovado
5464,2023102021,102,2023,1,1,3,Retido
5465,2023102021,102,2024,1,2,3,Retido
5466,2023102021,102,2025,1,3,2,Aprovado com dependência
5467,2023102021,102,2026,2,1,,Em curso
5468,2023102022,102,2023,1,1,0,Aprovado
5469,2023102022,102,2024,2,1,0,Aprovado
5470,2023102022,102,2025,3,1,0,Aprovado
5471,2023102023,102,2023,1,1,0,Aprovado
5472,2023102023,102,2024,2,1,0,Aprovado
5473,2023102023,102,2025,3,1,0,Aprovado
5474,2023102024,102,2023,1,1,7,Retido
5475,2023102024,102,2024,1,2,1,Aprovado com dependência
5476,2023102024,102,2025,2,1,2,Aprovado com dependência
5477,2023102024,102,2026,3,1,,Em curso
5478,2023102025,102,2023,1,1,2,Aprovado com dependência
5479,2023102025,102,2024,2,1,0,Aprovado
5480,2023102025,102,2025,3,1,0,Aprovado
5481,2023102026,102,2023,1,1,0,Aprovado
5482,2023102026,102,2024,2,1,0,Aprovado
5483,2023102026,102,2025,3,1,1,Retido
5484,2023102026,102,2026,3,2,,Em curso
5485,2023102027,102,2023,1,1,,Evadido
5486,2023102028,102,2023,1,1,2,Aprovado com dependência
5487,2023102028,102,2024,2,1,4,Retido
5488,2023102029,102,2023,1,1,0,Aprovado
5489,2023102029,102,2024,2,1,13,Retido
5490,2023102029,102,2025,2,2,1,Aprovado com dependência
5491,2023102029,102,2026,3,1,,Em curso
5492,2023102030,102,2023,1,1,1,Aprovado com dependência
5493,2023102030,102,2024,2,1,0,Aprovado
5494,2023102030,102,2025,3,1,0,Aprovado
5495,2023102031,102,2023,1,1,,Evadido
5496,2023102032,102,2023,1,1,0,Aprovado
5497,2023102032,102,2024,2,1,0,Aprovado
5498,2023102032,102,2025,3,1,0,Aprovado
5499,2023102033,102,2023,1,1,0,Aprovado
5500,2023102033,102,2024,2,1,0,Aprovado
5501,2023102033,102,2025,3,1,0,Aprovado
5502,2023102034,102,2023,1,1,4,Retido
5503,2023102034,102,2024,1,2,3,Retido
5504,2023102034,102,2025,1,3,3,Retido
5505,2023102035,102,2023,1,1,5,Retido
5506,2023102035,102,2024,1,2,0,Aprovado
5507,2023102035,102,2025,2,1,13,Retido
5508,2023102035,102,2026,2,2,,Em curso
5509,2023102036,102,2023,1,1,5,Retido
5510,2023102036,102,2024,1,2,2,Aprovado com dependência
5511,2023102036,102,2025,2,1,12,Retido
5512,2023102037,102,2023,1,1,5,Retido
5513,2023102037,102,2024,1,2,2,Aprovado com dependência
5514,2023102037,102,2025,2,1,4,Retido
5515,2023102038,102,2023,1,1,1,Aprovado com dependência
5516,2023102038,102,2024,2,1,2,Aprovado com dependência
5517,2023102038,102,2025,3,1,1,Retido
5518,2023102038,102,2026,3,2,,Em curso
5519,2023102039,102,2023,1,1,2,Aprovado com dependência
5520,2023102039,102,2024,2,1,0,Aprovado
5521,2023102039,102,2025,3,1,1,Retido
5522,2023102039,102,2026,3,2,,Em curso
5523,2023102040,102,2023,1,1,0,Aprovado
5524,2023102040,102,2024,2,1,0,Aprovado
5525,2023102040,102,2025,3,1,2,Retido
5526,2023102040,102,2026,3,2,,Em curso
5527,2023102041,102,2023,1,1,0,Aprovado
5528,2023102041,102,2024,2,1,0,Aprovado
5529,2023102041,102,2025,3,1,0,Aprovado
5530,2023102042,102,2023,1,1,1,Aprovado com dependência
5531,2023102042,102,2024,2,1,8,Retido
5532,2023102042,102,2025,2,2,1,Aprovado com dependência
5533,2023102042,102,2026,3,1,,Em curso
5534,2023102043,102,2023,1,1,0,Aprovado
5535,2023102043,102,2024,2,1,0,Aprovado
5536,2023102043,102,2025,3,1,0,Aprovado
5537,2023102044,102,2023,1,1,0,Aprovado
5538,2023102044,102,2024,2,1,0,Aprovado
5539,2023102044,102,2025,3,1,0,Aprovado
5540,2023102045,102,2023,1,1,1,Aprovado com dependência
5541,2023102045,102,2024,2,1,0,Aprovado
5542,2023102045,102,2025,3,1,0,Aprovado
5543,2023102046,102,2023,1,1,0,Aprovado
5544,2023102046,102,2024,2,1,0,Aprovado
5545,2023102046,102,2025,3,1,0,Aprovado
5546,2023102047,102,2023,1,1,0,Aprovado
5547,2023102047,102,2024,2,1,0,Aprovado
5548,2023102047,102,2025,3,1,0,Aprovado
5549,2023103001,103,2023,1,1,0,Aprovado
5550,2023103001,103,2024,2,1,0,Aprovado
5551,2023103001,103,2025,3,1,0,Aprovado
5552,2023103002,103,2023,1,1,0,Aprovado
5553,2023103002,103,2024,2,1,0,Aprovado
5554,2023103002,103,2025,3,1,0,Aprovado
5555,2023103003,103,2023,1,1,2,Aprovado com dependência
5556,2023103003,103,2024,2,1,3,Retido
5557,2023103003,103,2025,2,2,0,Aprovado
5558,2023103003,103,2026,3,1,,Em curso
5559,2023103004,103,2023,1,1,2,Aprovado com dependência
5560,2023103004,103,2024,2,1,13,Retido
5561,2023103004,103,2025,2,2,2,Aprovado com dependência
5562,2023103004,103,2026,3,1,,Em curso
5563,2023103005,103,2023,1,1,0,Aprovado
5564,2023103005,103,2024,2,1,0,Aprovado
5565,2023103005,103,2025,3,1,0,Aprovado
5566,2023103006,103,2023,1,1,0,Aprovado
5567,2023103006,103,2024,2,1,0,Aprovado
5568,2023103006,103,2025,3,1,0,Aprovado
5569,2023103007,103,2023,1,1,4,Retido
5570,2023103007,103,2024,1,2,0,Aprovado
5571,2023103007,103,2025,2,1,0,Aprovado
5572,2023103007,103,2026,3,1,,Em curso
5573,2023103008,103,2023,1,1,0,Aprovado
5574,2023103008,103,2024,2,1,0,Aprovado
5575,2023103008,103,2025,3,1,0,Aprovado
5576,2023103009,103,2023,1,1,0,Aprovado
5577,2023103009,103,2024,2,1,2,Aprovado com dependência
5578,2023103009,103,2025,3,1,0,Aprovado
5579,2023103010,103,2023,1,1,0,Aprovado
5580,2023103010,103,2024,2,1,0,Aprovado
5581,2023103010,103,2025,3,1,0,Aprovado
5582,2023103011,103,2023,1,1,0,Aprovado
5583,2023103011,103,2024,2,1,5,Retido
5584,2023103011,103,2025,2,2,4,Retido
5585,2023103011,103,2026,2,3,,Em curso
5586,2023103012,103,2023,1,1,3,Retido
5587,2023103012,103,2024,1,2,6,Retido
5588,2023103013,103,2023,1,1,1,Aprovado com dependência
5589,2023103013,103,2024,2,1,1,Aprovado com dependência
5590,2023103013,103,2025,3,1,1,Retido
5591,2023103013,103,2026,3,2,,Em curso
5592,2023103014,103,2023,1,1,0,Aprovado
5593,2023103014,103,2024,2,1,0,Aprovado
5594,2023103014,103,2025,3,1,0,Aprovado
5595,2023103015,103,2023,1,1,1,Aprovado com dependência
5596,2023103015,103,2024,2,1,2,Aprovado com dependência
5597,2023103015,103,2025,3,1,0,Aprovado
5598,2023103016,103,2023,1,1,2,Aprovado com dependência
5599,2023103016,103,2024,2,1,3,Retido
5600,2023103016,103,2025,2,2,2,Aprovado com dependência
5601,2023103016,103,2026,3,1,,Em curso
5602,2023103017,103,2023,1,1,1,Aprovado com dependência
5603,2023103017,103,2024,2,1,0,Aprovado
5604,2023103017,103,2025,3,1,1,Retido
5605,2023103017,103,2026,3,2,,Em curso
5606,2023103018,103,2023,1,1,0,Aprovado
5607,2023103018,103,2024,2,1,1,Aprovado com dependência
5608,2023103018,103,2025,3,1,2,Retido
5609,2023103018,103,2026,3,2,,Em curso
5610,2023103019,103,2023,1,1,6,Retido
5611,2023103019,103,2024,1,2,2,Aprovado com dependência
5612,2023103019,103,2025,2,1,6,Retido
5613,2023103019,103,2026,2,2,,Em curso
5614,2023103020,103,2023,1,1,0,Aprovado
5615,2023103020,103,2024,2,1,0,Aprovado
5616,2023103020,103,2025,3,1,0,Aprovado
5617,2023103021,103,2023,1,1,3,Retido
5618,2023103021,103,2024,1,2,0,Aprovado
5619,2023103021,103,2025,2,1,1,Aprovado com dependência
5620,2023103021,103,2026,3,1,,Em curso
5621,2023103022,103,2023,1,1,0,Aprovado
5622,2023103022,103,2024,2,1,0,Aprovado
5623,2023103022,103,2025,3,1,0,Aprovado
5624,2023103023,103,2023,1,1,2,Aprovado com dependência
5625,2023103023,103,2024,2,1,3,Retido
5626,2023103023,103,2025,2,2,4,Retido
5627,2023103023,103,2026,2,3,,Em curso
5628,2023103024,103,2023,1,1,0,Aprovado
5629,2023103024,103,2024,2,1,0,Aprovado
5630,2023103024,103,2025,3,1,1,Retido
5631,2023103024,103,2026,3,2,,Em curso
5632,2023103025,103,2023,1,1,0,Aprovado
5633,2023103025,103,2024,2,1,0,Aprovado
5634,2023103025,103,2025,3,1,0,Aprovado
5635,2023103026,103,2023,1,1,0,Aprovado
5636,2023103026,103,2024,2,1,5,Retido
5637,2023103026,103,2025,2,2,0,Aprovado
5638,2023103026,103,2026,3,1,,Em curso
5639,2023103027,103,2023,1,1,0,Aprovado
5640,2023103027,103,2024,2,1,1,Aprovado com dependência
5641,2023103027,103,2025,3,1,9,Retido
5642,2023103028,103,2023,1,1,0,Aprovado
5643,2023103028,103,2024,2,1,0,Aprovado
5644,2023103028,103,2025,3,1,0,Aprovado
5645,2023103029,103,2023,1,1,0,Aprovado
5646,2023103029,103,2024,2,1,2,Aprovado com dependência
5647,2023103029,103,2025,3,1,0,Aprovado
5648,2023103030,103,2023,1,1,0,Aprovado
5649,2023103030,103,2024,2,1,0,Aprovado
5650,2023103030,103,2025,3,1,0,Aprovado
5651,2023103031,103,2023,1,1,0,Aprovado
5652,2023103032,103,2023,1,1,0,Aprovado
5653,2023103032,103,2024,2,1,0,Aprovado
5654,2023103032,103,2025,3,1,0,Aprovado
5655,2023103033,103,2023,1,1,0,Aprovado
5656,2023103033,103,2024,2,1,0,Aprovado
5657,2023103033,103,2025,3,1,0,Aprovado
5658,2023103034,103,2023,1,1,4,Retido
5659,2023103034,103,2024,1,2,0,Aprovado
5660,2023103034,103,2025,2,1,0,Aprovado
5661,2023103034,103,2026,3,1,,Em curso
5662,2023103035,103,2023,1,1,0,Aprovado
5663,2023103035,103,2024,2,1,5,Retido
5664,2023103035,103,2025,2,2,0,Aprovado
5665,2023103035,103,2026,3,1,,Em curso
5666,2023103036,103,2023,1,1,8,Retido
5667,2023103036,103,2024,1,2,6,Retido
5668,2023103036,103,2025,1,3,7,Retido
5669,2023103037,103,2023,1,1,0,Aprovado
5670,2023103037,103,2024,2,1,6,Retido
5671,2023103037,103,2025,2,2,0,Aprovado
5672,2023103037,103,2026,3,1,,Em curso
5673,2023103038,103,2023,1,1,0,Aprovado
5674,2023103038,103,2024,2,1,0,Aprovado
5675,2023103038,103,2025,3,1,0,Aprovado
5676,2023103039,103,2023,1,1,11,Retido
5677,2023103039,103,2024,1,2,1,Aprovado com dependência
5678,2023103039,103,2025,2,1,1,Aprovado com dependência
5679,2023103039,103,2026,3,1,,Em curso
5680,2023103040,103,2023,1,1,0,Aprovado
5681,2023103040,103,2024,2,1,0,Aprovado
5682,2023103040,103,2025,3,1,0,Aprovado
5683,2023103041,103,2023,1,1,0,Aprovado
5684,2023103041,103,2024,2,1,0,Aprovado
5685,2023103041,103,2025,3,1,0,Aprovado
5686,2023103042,103,2023,1,1,2,Aprovado com dependência
5687,2023103042,103,2024,2,1,0,Aprovado
5688,2023103042,103,2025,3,1,1,Retido
5689,2023103042,103,2026,3,2,,Em curso
5690,2023103043,103,2023,1,1,0,Aprovado
5691,2023103043,103,2024,2,1,0,Aprovado
5692,2023103043,103,2025,3,1,0,Aprovado
5693,2023103044,103,2023,1,1,3,Retido
5694,2023103044,103,2024,1,2,1,Aprovado com dependência
5695,2023103044,103,2025,2,1,1,Aprovado com dependência
5696,2023103044,103,2026,3,1,,Em curso
5697,2023103045,103,2023,1,1,2,Aprovado com dependência
5698,2023103045,103,2024,2,1,0,Aprovado
5699,2023103045,103,2025,3,1,2,Retido
5700,2023103046,103,2023,1,1,0,Aprovado
5701,2023103046,103,2024,2,1,0,Aprovado
5702,2023103046,103,2025,3,1,0,Aprovado
5703,2023103047,103,2023,1,1,0,Aprovado
5704,2023103047,103,2024,2,1,0,Aprovado
5705,2023103047,103,2025,3,1,2,Retido
5706,2023103047,103,2026,3,2,,Em curso
5707,2023104001,104,2023,1,1,0,Aprovado
5708,2023104001,104,2024,2,1,5,Retido
5709,2023104002,104,2023,1,1,0,Aprovado
5710,2023104002,104,2024,2,1,0,Aprovado
5711,2023104002,104,2025,3,1,0,Aprovado
5712,2023104003,104,2023,1,1,0,Aprovado
5713,2023104003,104,2024,2,1,0,Aprovado
5714,2023104003,104,2025,3,1,0,Aprovado
5715,2023104004,104,2023,1,1,0,Aprovado
5716,2023104004,104,2024,2,1,0,Aprovado
5717,2023104004,104,2025,3,1,0,Aprovado
5718,2023104005,104,2023,1,1,0,Aprovado
5719,2023104005,104,2024,2,1,0,Aprovado
5720,2023104005,104,2025,3,1,8,Retido
5721,2023104005,104,2026,3,2,,Em curso
5722,2023104006,104,2023,1,1,0,Aprovado
5723,2023104006,104,2024,2,1,0,Aprovado
5724,2023104006,104,2025,3,1,1,Retido
5725,2023104007,104,2023,1,1,0,Aprovado
5726,2023104007,104,2024,2,1,0,Aprovado
5727,2023104007,104,2025,3,1,0,Aprovado
5728,2023104008,104,2023,1,1,0,Aprovado
5729,2023104008,104,2024,2,1,0,Aprovado
5730,2023104008,104,2025,3,1,0,Aprovado
5731,2023104009,104,2023,1,1,2,Aprovado com dependência
5732,2023104009,104,2024,2,1,2,Aprovado com dependência
5733,2023104009,104,2025,3,1,2,Retido
5734,2023104009,104,2026,3,2,,Em curso
5735,2023104010,104,2023,1,1,0,Aprovado
5736,2023104010,104,2024,2,1,0,Aprovado
5737,2023104010,104,2025,3,1,0,Aprovado
5738,2023104011,104,2023,1,1,1,Aprovado com dependência
5739,2023104011,104,2024,2,1,1,Aprovado com dependência
5740,2023104011,104,2025,3,1,5,Retido
5741,2023104011,104,2026,3,2,,Em curso
5742,2023104012,104,2023,1,1,6,Retido
5743,2023104012,104,2024,1,2,5,Retido
5744,2023104012,104,2025,1,3,2,Aprovado com dependência
5745,2023104012,104,2026,2,1,,Em curso
5746,2023104013,104,2023,1,1,9,Retido
5747,2023104013,104,2024,1,2,9,Retido
5748,2023104013,104,2025,1,3,9,Retido
5749,2023104014,104,2023,1,1,12,Retido
5750,2023104014,104,2024,1,2,7,Retido
5751,2023104015,104,2023,1,1,0,Aprovado
5752,2023104015,104,2024,2,1,4,Retido
5753,2023104015,104,2025,2,2,0,Aprovado
5754,2023104015,104,2026,3,1,,Em curso
5755,2023104016,104,2023,1,1,0,Aprovado
5756,2023104016,104,2024,2,1,0,Aprovado
5757,2023104016,104,2025,3,1,0,Aprovado
5758,2023104017,104,2023,1,1,0,Aprovado
5759,2023104017,104,2024,2,1,0,Aprovado
5760,2023104017,104,2025,3,1,3,Retido
5761,2023104017,104,2026,3,2,,Em curso
5762,2023104018,104,2023,1,1,0,Aprovado
5763,2023104018,104,2024,2,1,0,Aprovado
5764,2023104018,104,2025,3,1,0,Aprovado
5765,2023104019,104,2023,1,1,2,Aprovado com dependência
5766,2023104019,104,2024,2,1,2,Aprovado com dependência
5767,2023104019,104,2025,3,1,1,Retido
5768,2023104019,104,2026,3,2,,Em curso
5769,2023104020,104,2023,1,1,0,Aprovado
5770,2023104020,104,2024,2,1,0,Aprovado
5771,2023104020,104,2025,3,1,0,Aprovado
5772,2023104021,104,2023,1,1,0,Aprovado
5773,2023104021,104,2024,2,1,0,Aprovado
5774,2023104021,104,2025,3,1,0,Aprovado
5775,2023104022,104,2023,1,1,2,Aprovado com dependência
5776,2023104022,104,2024,2,1,0,Aprovado
5777,2023104022,104,2025,3,1,5,Retido
5778,2023104022,104,2026,3,2,,Em curso
5779,2023104023,104,2023,1,1,0,Aprovado
5780,2023104023,104,2024,2,1,0,Aprovado
5781,2023104023,104,2025,3,1,0,Aprovado
5782,2023104024,104,2023,1,1,0,Aprovado
5783,2023104024,104,2024,2,1,0,Aprovado
5784,2023104024,104,2025,3,1,0,Aprovado
5785,2023104025,104,2023,1,1,0,Aprovado
5786,2023104025,104,2024,2,1,0,Aprovado
5787,2023104025,104,2025,3,1,0,Aprovado
5788,2023104026,104,2023,1,1,0,Aprovado
5789,2023104026,104,2024,2,1,0,Aprovado
5790,2023104026,104,2025,3,1,1,Retido
5791,2023104026,104,2026,3,2,,Em curso
5792,2023104027,104,2023,1,1,3,Retido
5793,2023104027,104,2024,1,2,2,Aprovado com dependência
5794,2023104027,104,2025,2,1,0,Aprovado
5795,2023104027,104,2026,3,1,,Em curso
5796,2023104028,104,2023,1,1,7,Retido
5797,2023104028,104,2024,1,2,0,Aprovado
5798,2023104029,104,2023,1,1,2,Aprovado com dependência
5799,2023104029,104,2024,2,1,2,Aprovado com dependência
5800,2023104029,104,2025,3,1,0,Aprovado
5801,2023104030,104,2023,1,1,2,Aprovado com dependência
5802,2023104030,104,2024,2,1,0,Aprovado
5803,2023104030,104,2025,3,1,1,Retido
5804,2023104030,104,2026,3,2,,Em curso
5805,2023104031,104,2023,1,1,2,Aprovado com dependência
5806,2023104031,104,2024,2,1,0,Aprovado
5807,2023104031,104,2025,3,1,1,Retido
5808,2023104031,104,2026,3,2,,Em curso
5809,2023104032,104,2023,1,1,0,Aprovado
5810,2023104032,104,2024,2,1,0,Aprovado
5811,2023104032,104,2025,3,1,0,Aprovado
5812,2023104033,104,2023,1,1,1,Aprovado com dependência
5813,2023104033,104,2024,2,1,0,Aprovado
5814,2023104033,104,2025,3,1,0,Aprovado
5815,2023104034,104,2023,1,1,13,Retido
5816,2023104034,104,2024,1,2,7,Retido
5817,2023104034,104,2025,1,3,10,Retido
5818,2023104035,104,2023,1,1,1,Aprovado com dependência
5819,2023104035,104,2024,2,1,1,Aprovado com dependência
5820,2023104035,104,2025,3,1,0,Aprovado
5821,2023104036,104,2023,1,1,1,Aprovado com dependência
5822,2023104036,104,2024,2,1,0,Aprovado
5823,2023104036,104,2025,3,1,0,Aprovado
5824,2023104037,104,2023,1,1,0,Aprovado
5825,2023104037,104,2024,2,1,0,Aprovado
5826,2023104037,104,2025,3,1,0,Aprovado
5827,2023104038,104,2023,1,1,0,Aprovado
5828,2023104038,104,2024,2,1,0,Aprovado
5829,2023104038,104,2025,3,1,1,Retido
5830,2023104038,104,2026,3,2,,Em curso
5831,2023104039,104,2023,1,1,7,Retido
5832,2023104039,104,2024,1,2,10,Retido
5833,2023104039,104,2025,1,3,2,Aprovado com dependência
5834,2023104040,104,2023,1,1,,Evadido
5835,2023104041,104,2023,1,1,6,Retido
5836,2023104041,104,2024,1,2,1,Aprovado com dependência
5837,2023104041,104,2025,2,1,10,Retido
5838,2023104042,104,2023,1,1,11,Retido
5839,2023104042,104,2024,1,2,5,Retido
5840,2023104042,104,2025,1,3,5,Retido
5841,2023104042,104,2026,1,4,,Em curso
5842,2023104043,104,2023,1,1,1,Aprovado com dependência
5843,2023104043,104,2024,2,1,0,Aprovado
5844,2023104043,104,2025,3,1,2,Retido
5845,2023104043,104,2026,3,2,,Em curso
5846,2023104044,104,2023,1,1,0,Aprovado
5847,2023104044,104,2024,2,1,0,Aprovado
5848,2023104044,104,2025,3,1,0,Aprovado
5849,2023104045,104,2023,1,1,0,Aprovado
5850,2023104045,104,2024,2,1,,Evadido
5851,2023104046,104,2023,1,1,2,Aprovado com dependência
5852,2023105001,105,2023,1,1,1,Aprovado com dependência
5853,2023105001,105,2024,2,1,0,Aprovado
5854,2023105001,105,2025,3,1,0,Aprovado
5855,2023105002,105,2023,1,1,0,Aprovado
5856,2023105002,105,2024,2,1,0,Aprovado
5857,2023105002,105,2025,3,1,0,Aprovado
5858,2023105003,105,2023,1,1,0,Aprovado
5859,2023105003,105,2024,2,1,0,Aprovado
5860,2023105003,105,2025,3,1,0,Aprovado
5861,2023105004,105,2023,1,1,7,Retido
5862,2023105004,105,2024,1,2,9,Retido
5863,2023105005,105,2023,1,1,4,Retido
5864,2023105005,105,2024,1,2,5,Retido
5865,2023105005,105,2025,1,3,4,Retido
5866,2023105006,105,2023,1,1,0,Aprovado
5867,2023105006,105,2024,2,1,1,Aprovado com dependência
5868,2023105006,105,2025,3,1,0,Aprovado
5869,2023105007,105,2023,1,1,1,Aprovado com dependência
5870,2023105007,105,2024,2,1,0,Aprovado
5871,2023105007,105,2025,3,1,2,Retido
5872,2023105007,105,2026,3,2,,Em curso
5873,2023105008,105,2023,1,1,1,Aprovado com dependência
5874,2023105008,105,2024,2,1,2,Aprovado com dependência
5875,2023105008,105,2025,3,1,0,Aprovado
5876,2023105009,105,2023,1,1,0,Aprovado
5877,2023105009,105,2024,2,1,0,Aprovado
5878,2023105009,105,2025,3,1,0,Aprovado
5879,2023105010,105,2023,1,1,2,Aprovado com dependência
5880,2023105010,105,2024,2,1,0,Aprovado
5881,2023105010,105,2025,3,1,0,Aprovado
5882,2023105011,105,2023,1,1,0,Aprovado
5883,2023105011,105,2024,2,1,0,Aprovado
5884,2023105012,105,2023,1,1,2,Aprovado com dependência
5885,2023105012,105,2024,2,1,3,Retido
5886,2023105012,105,2025,2,2,3,Retido
5887,2023105012,105,2026,2,3,,Em curso
5888,2023105013,105,2023,1,1,0,Aprovado
5889,2023105013,105,2024,2,1,0,Aprovado
5890,2023105013,105,2025,3,1,0,Aprovado
5891,2023105014,105,2023,1,1,0,Aprovado
5892,2023105014,105,2024,2,1,0,Aprovado
5893,2023105014,105,2025,3,1,0,Aprovado
5894,2023105015,105,2023,1,1,1,Aprovado com dependência
5895,2023105015,105,2024,2,1,0,Aprovado
5896,2023105015,105,2025,3,1,0,Aprovado
5897,2023105016,105,2023,1,1,0,Aprovado
5898,2023105016,105,2024,2,1,0,Aprovado
5899,2023105016,105,2025,3,1,0,Aprovado
5900,2023105017,105,2023,1,1,11,Retido
5901,2023105017,105,2024,1,2,,Evadido
5902,2023105018,105,2023,1,1,0,Aprovado
5903,2023105018,105,2024,2,1,5,Retido
5904,2023105019,105,2023,1,1,0,Aprovado
5905,2023105019,105,2024,2,1,0,Aprovado
5906,2023105019,105,2025,3,1,0,Aprovado
5907,2023105020,105,2023,1,1,0,Aprovado
5908,2023105020,105,2024,2,1,0,Aprovado
5909,2023105020,105,2025,3,1,0,Aprovado
5910,2023105021,105,2023,1,1,0,Aprovado
5911,2023105021,105,2024,2,1,0,Aprovado
5912,2023105021,105,2025,3,1,0,Aprovado
5913,2023105022,105,2023,1,1,4,Retido
5914,2023105022,105,2024,1,2,1,Aprovado com dependência
5915,2023105022,105,2025,2,1,1,Aprovado com dependência
5916,2023105022,105,2026,3,1,,Em curso
5917,2023105023,105,2023,1,1,0,Aprovado
5918,2023105023,105,2024,2,1,0,Aprovado
5919,2023105023,105,2025,3,1,0,Aprovado
5920,2023105024,105,2023,1,1,3,Retido
5921,2023105024,105,2024,1,2,4,Retido
5922,2023105024,105,2025,1,3,1,Aprovado com dependência
5923,2023105024,105,2026,2,1,,Em curso
5924,2023105025,105,2023,1,1,2,Aprovado com dependência
5925,2023105025,105,2024,2,1,0,Aprovado
5926,2023105025,105,2025,3,1,2,Retido
5927,2023105025,105,2026,3,2,,Em curso
5928,2023105026,105,2023,1,1,0,Aprovado
5929,2023105026,105,2024,2,1,0,Aprovado
5930,2023105026,105,2025,3,1,0,Aprovado
5931,2023105027,105,2023,1,1,0,Aprovado
5932,2023105027,105,2024,2,1,0,Aprovado
5933,2023105027,105,2025,3,1,10,Retido
5934,2023105028,105,2023,1,1,0,Aprovado
5935,2023105028,105,2024,2,1,7,Retido
5936,2023105028,105,2025,2,2,0,Aprovado
5937,2023105029,105,2023,1,1,3,Retido
5938,2023105029,105,2024,1,2,1,Aprovado com dependência
5939,2023105029,105,2025,2,1,0,Aprovado
5940,2023105029,105,2026,3,1,,Em curso
5941,2023105030,105,2023,1,1,2,Aprovado com dependência
5942,2023105030,105,2024,2,1,5,Retido
5943,2023105030,105,2025,2,2,1,Aprovado com dependência
5944,2023105030,105,2026,3,1,,Em curso
5945,2023105031,105,2023,1,1,0,Aprovado
5946,2023105031,105,2024,2,1,0,Aprovado
5947,2023105031,105,2025,3,1,0,Aprovado
5948,2023105032,105,2023,1,1,0,Aprovado
5949,2023105032,105,2024,2,1,0,Aprovado
5950,2023105032,105,2025,3,1,3,Retido
5951,2023105032,105,2026,3,2,,Em curso
5952,2023105033,105,2023,1,1,1,Aprovado com dependência
5953,2023105033,105,2024,2,1,1,Aprovado com dependência
5954,2023105033,105,2025,3,1,0,Aprovado
5955,2023105034,105,2023,1,1,0,Aprovado
5956,2023105034,105,2024,2,1,0,Aprovado
5957,2023105034,105,2025,3,1,0,Aprovado
5958,2023105035,105,2023,1,1,0,Aprovado
5959,2023105035,105,2024,2,1,0,Aprovado
5960,2023105035,105,2025,3,1,0,Aprovado
5961,2023105036,105,2023,1,1,0,Aprovado
5962,2023105036,105,2024,2,1,0,Aprovado
5963,2023105036,105,2025,3,1,0,Aprovado
5964,2023105037,105,2023,1,1,1,Aprovado com dependência
5965,2023105037,105,2024,2,1,2,Aprovado com dependência
5966,2023105037,105,2025,3,1,2,Retido
5967,2023105038,105,2023,1,1,2,Aprovado com dependência
5968,2023105038,105,2024,2,1,2,Aprovado com dependência
5969,2023105038,105,2025,3,1,0,Aprovado
5970,2023105039,105,2023,1,1,0,Aprovado
5971,2023105039,105,2024,2,1,0,Aprovado
5972,2023105039,105,2025,3,1,0,Aprovado
5973,2023105040,105,2023,1,1,0,Aprovado
5974,2023105040,105,2024,2,1,0,Aprovado
5975,2023105040,105,2025,3,1,0,Aprovado
5976,2023105041,105,2023,1,1,0,Aprovado
5977,2023105041,105,2024,2,1,0,Aprovado
5978,2023106001,106,2023,1,1,0,Aprovado
5979,2023106001,106,2024,2,1,2,Aprovado com dependência
5980,2023106001,106,2025,3,1,0,Aprovado
5981,2023106002,106,2023,1,1,5,Retido
5982,2023106002,106,2024,1,2,0,Aprovado
5983,2023106002,106,2025,2,1,2,Aprovado com dependência
5984,2023106002,106,2026,3,1,,Em curso
5985,2023106003,106,2023,1,1,0,Aprovado
5986,2023106003,106,2024,2,1,0,Aprovado
5987,2023106003,106,2025,3,1,0,Aprovado
5988,2023106004,106,2023,1,1,2,Aprovado com dependência
5989,2023106004,106,2024,2,1,2,Aprovado com dependência
5990,2023106005,106,2023,1,1,0,Aprovado
5991,2023106005,106,2024,2,1,0,Aprovado
5992,2023106005,106,2025,3,1,0,Aprovado
5993,2023106006,106,2023,1,1,0,Aprovado
5994,2023106006,106,2024,2,1,0,Aprovado
5995,2023106006,106,2025,3,1,0,Aprovado
5996,2023106007,106,2023,1,1,3,Retido
5997,2023106007,106,2024,1,2,2,Aprovado com dependência
5998,2023106007,106,2025,2,1,0,Aprovado
5999,2023106007,106,2026,3,1,,Em curso
6000,2023106008,106,2023,1,1,0,Aprovado
6001,2023106008,106,2024,2,1,0,Aprovado
6002,2023106008,106,2025,3,1,0,Aprovado
6003,2023106009,106,2023,1,1,0,Aprovado
6004,2023106009,106,2024,2,1,0,Aprovado
6005,2023106009,106,2025,3,1,0,Aprovado
6006,2023106010,106,2023,1,1,0,Aprovado
6007,2023106010,106,2024,2,1,3,Retido
6008,2023106010,106,2025,2,2,0,Aprovado
6009,2023106010,106,2026,3,1,,Em curso
6010,2023106011,106,2023,1,1,2,Aprovado com dependência
6011,2023106011,106,2024,2,1,2,Aprovado com dependência
6012,2023106011,106,2025,3,1,3,Retido
6013,2023106011,106,2026,3,2,,Em curso
6014,2023106012,106,2023,1,1,0,Aprovado
6015,2023106012,106,2024,2,1,3,Retido
6016,2023106012,106,2025,2,2,0,Aprovado
6017,2023106012,106,2026,3,1,,Em curso
6018,2023106013,106,2023,1,1,0,Aprovado
6019,2023106013,106,2024,2,1,5,Retido
6020,2023106013,106,2025,2,2,4,Retido
6021,2023106014,106,2023,1,1,0,Aprovado
6022,2023106014,106,2024,2,1,1,Aprovado com dependência
6023,2023106014,106,2025,3,1,0,Aprovado
6024,2023106015,106,2023,1,1,4,Retido
6025,2023106015,106,2024,1,2,,Evadido
6026,2023106016,106,2023,1,1,2,Aprovado com dependência
6027,2023106016,106,2024,2,1,1,Aprovado com dependência
6028,2023106016,106,2025,3,1,1,Retido
6029,2023106016,106,2026,3,2,,Em curso
6030,2023106017,106,2023,1,1,0,Aprovado
6031,2023106017,106,2024,2,1,0,Aprovado
6032,2023106017,106,2025,3,1,0,Aprovado
6033,2023106018,106,2023,1,1,1,Aprovado com dependência
6034,2023106018,106,2024,2,1,0,Aprovado
6035,2023106018,106,2025,3,1,0,Aprovado
6036,2023106019,106,2023,1,1,4,Retido
6037,2023106019,106,2024,1,2,4,Retido
6038,2023106019,106,2025,1,3,2,Aprovado com dependência
6039,2023106019,106,2026,2,1,,Em curso
6040,2023106020,106,2023,1,1,0,Aprovado
6041,2023106020,106,2024,2,1,0,Aprovado
6042,2023106020,106,2025,3,1,0,Aprovado
6043,2023106021,106,2023,1,1,0,Aprovado
6044,2023106021,106,2024,2,1,0,Aprovado
6045,2023106021,106,2025,3,1,0,Aprovado
6046,2023106022,106,2023,1,1,0,Aprovado
6047,2023106022,106,2024,2,1,0,Aprovado
6048,2023106022,106,2025,3,1,0,Aprovado
6049,2023106023,106,2023,1,1,6,Retido
6050,2023106023,106,2024,1,2,7,Retido
6051,2023106024,106,2023,1,1,0,Aprovado
6052,2023106024,106,2024,2,1,0,Aprovado
6053,2023106024,106,2025,3,1,0,Aprovado
6054,2023106025,106,2023,1,1,0,Aprovado
6055,2023106025,106,2024,2,1,0,Aprovado
6056,2023106025,106,2025,3,1,0,Aprovado
6057,2023106026,106,2023,1,1,2,Aprovado com dependência
6058,2023106026,106,2024,2,1,3,Retido
6059,2023106026,106,2025,2,2,0,Aprovado
6060,2023106026,106,2026,3,1,,Em curso
6061,2023106027,106,2023,1,1,1,Aprovado com dependência
6062,2023106028,106,2023,1,1,0,Aprovado
6063,2023106028,106,2024,2,1,0,Aprovado
6064,2023106028,106,2025,3,1,0,Aprovado
6065,2023106029,106,2023,1,1,0,Aprovado
6066,2023106029,106,2024,2,1,0,Aprovado
6067,2023106029,106,2025,3,1,0,Aprovado
6068,2023106030,106,2023,1,1,0,Aprovado
6069,2023106030,106,2024,2,1,0,Aprovado
6070,2023106030,106,2025,3,1,0,Aprovado
6071,2023106031,106,2023,1,1,0,Aprovado
6072,2023106031,106,2024,2,1,0,Aprovado
6073,2023106031,106,2025,3,1,0,Aprovado
6074,2023106032,106,2023,1,1,0,Aprovado
6075,2023106032,106,2024,2,1,0,Aprovado
6076,2023106032,106,2025,3,1,0,Aprovado
6077,2023106033,106,2023,1,1,1,Aprovado com dependência
6078,2023106033,106,2024,2,1,5,Retido
6079,2023106033,106,2025,2,2,2,Aprovado com dependência
6080,2023106033,106,2026,3,1,,Em curso
6081,2023106034,106,2023,1,1,0,Aprovado
6082,2023106034,106,2024,2,1,0,Aprovado
6083,2023106034,106,2025,3,1,0,Aprovado
6084,2023106035,106,2023,1,1,0,Aprovado
6085,2023106035,106,2024,2,1,0,Aprovado
6086,2023106035,106,2025,3,1,0,Aprovado
6087,2023106036,106,2023,1,1,1,Aprovado com dependência
6088,2023106036,106,2024,2,1,4,Retido
6089,2023106036,106,2025,2,2,0,Aprovado
6090,2023106036,106,2026,3,1,,Em curso
6091,2023106037,106,2023,1,1,0,Aprovado
6092,2023106037,106,2024,2,1,0,Aprovado
6093,2023106037,106,2025,3,1,2,Retido
6094,2023106037,106,2026,3,2,,Em curso
6095,2023106038,106,2023,1,1,1,Aprovado com dependência
6096,2023106038,106,2024,2,1,0,Aprovado
6097,2023106038,106,2025,3,1,1,Retido
6098,2023106038,106,2026,3,2,,Em curso
6099,2023106039,106,2023,1,1,0,Aprovado
6100,2023106039,106,2024,2,1,1,Aprovado com dependência
6101,2023106039,106,2025,3,1,0,Aprovado
6102,2024101001,101,2024,1,1,0,Aprovado
6103,2024101001,101,2025,2,1,0,Aprovado
6104,2024101001,101,2026,3,1,,Em curso
6105,2024101002,101,2024,1,1,,Evadido
6106,2024101003,101,2024,1,1,2,Aprovado com dependência
6107,2024101003,101,2025,2,1,9,Retido
6108,2024101003,101,2026,2,2,,Em curso
6109,2024101004,101,2024,1,1,1,Aprovado com dependência
6110,2024101004,101,2025,2,1,0,Aprovado
6111,2024101004,101,2026,3,1,,Em curso
6112,2024101005,101,2024,1,1,3,Retido
6113,2024101005,101,2025,1,2,4,Retido
6114,2024101005,101,2026,1,3,,Em curso
6115,2024101006,101,2024,1,1,2,Aprovado com dependência
6116,2024101006,101,2025,2,1,2,Aprovado com dependência
6117,2024101006,101,2026,3,1,,Em curso
6118,2024101007,101,2024,1,1,0,Aprovado
6119,2024101007,101,2025,2,1,0,Aprovado
6120,2024101007,101,2026,3,1,,Em curso
6121,2024101008,101,2024,1,1,0,Aprovado
6122,2024101008,101,2025,2,1,0,Aprovado
6123,2024101008,101,2026,3,1,,Em curso
6124,2024101009,101,2024,1,1,0,Aprovado
6125,2024101009,101,2025,2,1,0,Aprovado
6126,2024101009,101,2026,3,1,,Em curso
6127,2024101010,101,2024,1,1,3,Retido
6128,2024101011,101,2024,1,1,0,Aprovado
6129,2024101011,101,2025,2,1,0,Aprovado
6130,2024101011,101,2026,3,1,,Em curso
6131,2024101012,101,2024,1,1,0,Aprovado
6132,2024101012,101,2025,2,1,0,Aprovado
6133,2024101012,101,2026,3,1,,Em curso
6134,2024101013,101,2024,1,1,3,Retido
6135,2024101014,101,2024,1,1,1,Aprovado com dependência
6136,2024101014,101,2025,2,1,3,Retido
6137,2024101014,101,2026,2,2,,Em curso
6138,2024101015,101,2024,1,1,3,Retido
6139,2024101015,101,2025,1,2,2,Aprovado com dependência
6140,2024101015,101,2026,2,1,,Evadido
6141,2024101016,101,2024,1,1,4,Retido
6142,2024101017,101,2024,1,1,0,Aprovado
6143,2024101017,101,2025,2,1,0,Aprovado
6144,2024101017,101,2026,3,1,,Em curso
6145,2024101018,101,2024,1,1,2,Aprovado com dependência
6146,2024101018,101,2025,2,1,6,Retido
6147,2024101019,101,2024,1,1,3,Retido
6148,2024101019,101,2025,1,2,1,Aprovado com dependência
6149,2024101019,101,2026,2,1,,Em curso
6150,2024101020,101,2024,1,1,4,Retido
6151,2024101020,101,2025,1,2,0,Aprovado
6152,2024101020,101,2026,2,1,,Em curso
6153,2024101021,101,2024,1,1,0,Aprovado
6154,2024101021,101,2025,2,1,0,Aprovado
6155,2024101021,101,2026,3,1,,Em curso
6156,2024101022,101,2024,1,1,2,Aprovado com dependência
6157,2024101022,101,2025,2,1,0,Aprovado
6158,2024101022,101,2026,3,1,,Em curso
6159,2024101023,101,2024,1,1,0,Aprovado
6160,2024101023,101,2025,2,1,0,Aprovado
6161,2024101023,101,2026,3,1,,Em curso
6162,2024101024,101,2024,1,1,0,Aprovado
6163,2024101024,101,2025,2,1,1,Aprovado com dependência
6164,2024101024,101,2026,3,1,,Em curso
6165,2024101025,101,2024,1,1,0,Aprovado
6166,2024101025,101,2025,2,1,0,Aprovado
6167,2024101025,101,2026,3,1,,Em curso
6168,2024101026,101,2024,1,1,3,Retido
6169,2024101026,101,2025,1,2,2,Aprovado com dependência
6170,2024101026,101,2026,2,1,,Evadido
6171,2024101027,101,2024,1,1,2,Aprovado com dependência
6172,2024101027,101,2025,2,1,6,Retido
6173,2024101028,101,2024,1,1,1,Aprovado com dependência
6174,2024101028,101,2025,2,1,4,Retido
6175,2024101029,101,2024,1,1,0,Aprovado
6176,2024101029,101,2025,2,1,0,Aprovado
6177,2024101029,101,2026,3,1,,Em curso
6178,2024101030,101,2024,1,1,9,Retido
6179,2024101030,101,2025,1,2,3,Retido
6180,2024101030,101,2026,1,3,,Em curso
6181,2024101031,101,2024,1,1,0,Aprovado
6182,2024101031,101,2025,2,1,0,Aprovado
6183,2024101031,101,2026,3,1,,Em curso
6184,2024101032,101,2024,1,1,5,Retido
6185,2024101032,101,2025,1,2,3,Retido
6186,2024101032,101,2026,1,3,,Em curso
6187,2024101033,101,2024,1,1,1,Aprovado com dependência
6188,2024101034,101,2024,1,1,3,Retido
6189,2024101034,101,2025,1,2,1,Aprovado com dependência
6190,2024101034,101,2026,2,1,,Em curso
6191,2024101035,101,2024,1,1,4,Retido
6192,2024101035,101,2025,1,2,0,Aprovado
6193,2024101035,101,2026,2,1,,Em curso
6194,2024101036,101,2024,1,1,4,Retido
6195,2024101036,101,2025,1,2,0,Aprovado
6196,2024101036,101,2026,2,1,,Em curso
6197,2024101037,101,2024,1,1,1,Aprovado com dependência
6198,2024101037,101,2025,2,1,13,Retido
6199,2024101037,101,2026,2,2,,Em curso
6200,2024101038,101,2024,1,1,0,Aprovado
6201,2024101038,101,2025,2,1,,Evadido
6202,2024101039,101,2024,1,1,0,Aprovado
6203,2024101039,101,2025,2,1,1,Aprovado com dependência
6204,2024101039,101,2026,3,1,,Em curso
6205,2024101040,101,2024,1,1,2,Aprovado com dependência
6206,2024101040,101,2025,2,1,0,Aprovado
6207,2024101041,101,2024,1,1,1,Aprovado com dependência
6208,2024101041,101,2025,2,1,0,Aprovado
6209,2024101041,101,2026,3,1,,Em curso
6210,2024101042,101,2024,1,1,13,Retido
6211,2024101043,101,2024,1,1,0,Aprovado
6212,2024101043,101,2025,2,1,0,Aprovado
6213,2024101043,101,2026,3,1,,Em curso
6214,2024101044,101,2024,1,1,4,Retido
6215,2024101044,101,2025,1,2,2,Aprovado com dependência
6216,2024101044,101,2026,2,1,,Em curso
6217,2024101045,101,2024,1,1,3,Retido
6218,2024101045,101,2025,1,2,1,Aprovado com dependência
6219,2024101045,101,2026,2,1,,Em curso
6220,2024101046,101,2024,1,1,0,Aprovado
6221,2024101047,101,2024,1,1,4,Retido
6222,2024102001,102,2024,1,1,4,Retido
6223,2024102002,102,2024,1,1,4,Retido
6224,2024102002,102,2025,1,2,0,Aprovado
6225,2024102002,102,2026,2,1,,Em curso
6226,2024102003,102,2024,1,1,0,Aprovado
6227,2024102003,102,2025,2,1,7,Retido
6228,2024102004,102,2024,1,1,,Evadido
6229,2024102005,102,2024,1,1,5,Retido
6230,2024102005,102,2025,1,2,3,Retido
6231,2024102005,102,2026,1,3,,Em curso
6232,2024102006,102,2024,1,1,0,Aprovado
6233,2024102006,102,2025,2,1,4,Retido
6234,2024102006,102,2026,2,2,,Em curso
6235,2024102007,102,2024,1,1,2,Aprovado com dependência
6236,2024102007,102,2025,2,1,2,Aprovado com dependência
6237,2024102007,102,2026,3,1,,Em curso
6238,2024102008,102,2024,1,1,0,Aprovado
6239,2024102008,102,2025,2,1,0,Aprovado
6240,2024102008,102,2026,3,1,,Em curso
6241,2024102009,102,2024,1,1,0,Aprovado
6242,2024102009,102,2025,2,1,0,Aprovado
6243,2024102009,102,2026,3,1,,Em curso
6244,2024102010,102,2024,1,1,2,Aprovado com dependência
6245,2024102010,102,2025,2,1,4,Retido
6246,2024102010,102,2026,2,2,,Em curso
6247,2024102011,102,2024,1,1,0,Aprovado
6248,2024102011,102,2025,2,1,0,Aprovado
6249,2024102011,102,2026,3,1,,Em curso
6250,2024102012,102,2024,1,1,3,Retido
6251,2024102012,102,2025,1,2,1,Aprovado com dependência
6252,2024102012,102,2026,2,1,,Em curso
6253,2024102013,102,2024,1,1,6,Retido
6254,2024102013,102,2025,1,2,4,Retido
6255,2024102013,102,2026,1,3,,Em curso
6256,2024102014,102,2024,1,1,1,Aprovado com dependência
6257,2024102014,102,2025,2,1,2,Aprovado com dependência
6258,2024102014,102,2026,3,1,,Em curso
6259,2024102015,102,2024,1,1,6,Retido
6260,2024102015,102,2025,1,2,2,Aprovado com dependência
6261,2024102015,102,2026,2,1,,Em curso
6262,2024102016,102,2024,1,1,3,Retido
6263,2024102017,102,2024,1,1,0,Aprovado
6264,2024102017,102,2025,2,1,0,Aprovado
6265,2024102017,102,2026,3,1,,Em curso
6266,2024102018,102,2024,1,1,3,Retido
6267,2024102018,102,2025,1,2,2,Aprovado com dependência
6268,2024102018,102,2026,2,1,,Em curso
6269,2024102019,102,2024,1,1,3,Retido
6270,2024102020,102,2024,1,1,1,Aprovado com dependência
6271,2024102020,102,2025,2,1,0,Aprovado
6272,2024102020,102,2026,3,1,,Em curso
6273,2024102021,102,2024,1,1,4,Retido
6274,2024102021,102,2025,1,2,4,Retido
6275,2024102021,102,2026,1,3,,Em curso
6276,2024102022,102,2024,1,1,1,Aprovado com dependência
6277,2024102022,102,2025,2,1,1,Aprovado com dependência
6278,2024102022,102,2026,3,1,,Em curso
6279,2024102023,102,2024,1,1,0,Aprovado
6280,2024102023,102,2025,2,1,0,Aprovado
6281,2024102023,102,2026,3,1,,Em curso
6282,2024102024,102,2024,1,1,0,Aprovado
6283,2024102024,102,2025,2,1,0,Aprovado
6284,2024102024,102,2026,3,1,,Em curso
6285,2024102025,102,2024,1,1,0,Aprovado
6286,2024102025,102,2025,2,1,0,Aprovado
6287,2024102025,102,2026,3,1,,Em curso
6288,2024102026,102,2024,1,1,0,Aprovado
6289,2024102026,102,2025,2,1,1,Aprovado com dependência
6290,2024102026,102,2026,3,1,,Em curso
6291,2024102027,102,2024,1,1,4,Retido
6292,2024102027,102,2025,1,2,2,Aprovado com dependência
6293,2024102027,102,2026,2,1,,Em curso
6294,2024102028,102,2024,1,1,0,Aprovado
6295,2024102028,102,2025,2,1,0,Aprovado
6296,2024102028,102,2026,3,1,,Em curso
6297,2024102029,102,2024,1,1,0,Aprovado
6298,2024102029,102,2025,2,1,0,Aprovado
6299,2024102029,102,2026,3,1,,Em curso
6300,2024102030,102,2024,1,1,1,Aprovado com dependência
6301,2024102030,102,2025,2,1,0,Aprovado
6302,2024102030,102,2026,3,1,,Em curso
6303,2024102031,102,2024,1,1,1,Aprovado com dependência
6304,2024102031,102,2025,2,1,1,Aprovado com dependência
6305,2024102031,102,2026,3,1,,Em curso
6306,2024102032,102,2024,1,1,1,Aprovado com dependência
6307,2024102032,102,2025,2,1,0,Aprovado
6308,2024102032,102,2026,3,1,,Em curso
6309,2024102033,102,2024,1,1,0,Aprovado
6310,2024102033,102,2025,2,1,0,Aprovado
6311,2024102033,102,2026,3,1,,Em curso
6312,2024102034,102,2024,1,1,1,Aprovado com dependência
6313,2024102034,102,2025,2,1,0,Aprovado
6314,2024102034,102,2026,3,1,,Em curso
6315,2024102035,102,2024,1,1,0,Aprovado
6316,2024102035,102,2025,2,1,0,Aprovado
6317,2024102035,102,2026,3,1,,Em curso
6318,2024102036,102,2024,1,1,4,Retido
6319,2024102036,102,2025,1,2,3,Retido
6320,2024102036,102,2026,1,3,,Em curso
6321,2024102037,102,2024,1,1,0,Aprovado
6322,2024102037,102,2025,2,1,0,Aprovado
6323,2024102037,102,2026,3,1,,Em curso
6324,2024102038,102,2024,1,1,0,Aprovado
6325,2024102038,102,2025,2,1,0,Aprovado
6326,2024102038,102,2026,3,1,,Em curso
6327,2024102039,102,2024,1,1,4,Retido
6328,2024102039,102,2025,1,2,0,Aprovado
6329,2024102039,102,2026,2,1,,Em curso
6330,2024102040,102,2024,1,1,14,Retido
6331,2024102040,102,2025,1,2,11,Retido
6332,2024102041,102,2024,1,1,2,Aprovado com dependência
6333,2024102041,102,2025,2,1,0,Aprovado
6334,2024102041,102,2026,3,1,,Em curso
6335,2024102042,102,2024,1,1,7,Retido
6336,2024102042,102,2025,1,2,10,Retido
6337,2024102042,102,2026,1,3,,Em curso
6338,2024102043,102,2024,1,1,3,Retido
6339,2024102043,102,2025,1,2,1,Aprovado com dependência
6340,2024102043,102,2026,2,1,,Em curso
6341,2024102044,102,2024,1,1,6,Retido
6342,2024102044,102,2025,1,2,11,Retido
6343,2024102044,102,2026,1,3,,Em curso
6344,2024102045,102,2024,1,1,0,Aprovado
6345,2024102045,102,2025,2,1,1,Aprovado com dependência
6346,2024102045,102,2026,3,1,,Em curso
6347,2024102046,102,2024,1,1,0,Aprovado
6348,2024102046,102,2025,2,1,0,Aprovado
6349,2024102046,102,2026,3,1,,Em curso
6350,2024103001,103,2024,1,1,0,Aprovado
6351,2024103001,103,2025,2,1,0,Aprovado
6352,2024103001,103,2026,3,1,,Em curso
6353,2024103002,103,2024,1,1,0,Aprovado
6354,2024103002,103,2025,2,1,0,Aprovado
6355,2024103002,103,2026,3,1,,Em curso
6356,2024103003,103,2024,1,1,0,Aprovado
6357,2024103003,103,2025,2,1,0,Aprovado
6358,2024103003,103,2026,3,1,,Em curso
6359,2024103004,103,2024,1,1,5,Retido
6360,2024103005,103,2024,1,1,0,Aprovado
6361,2024103005,103,2025,2,1,0,Aprovado
6362,2024103005,103,2026,3,1,,Em curso
6363,2024103006,103,2024,1,1,0,Aprovado
6364,2024103006,103,2025,2,1,0,Aprovado
6365,2024103006,103,2026,3,1,,Em curso
6366,2024103007,103,2024,1,1,1,Aprovado com dependência
6367,2024103007,103,2025,2,1,0,Aprovado
6368,2024103007,103,2026,3,1,,Em curso
6369,2024103008,103,2024,1,1,0,Aprovado
6370,2024103008,103,2025,2,1,6,Retido
6371,2024103008,103,2026,2,2,,Em curso
6372,2024103009,103,2024,1,1,0,Aprovado
6373,2024103009,103,2025,2,1,0,Aprovado
6374,2024103009,103,2026,3,1,,Em curso
6375,2024103010,103,2024,1,1,0,Aprovado
6376,2024103010,103,2025,2,1,0,Aprovado
6377,2024103010,103,2026,3,1,,Em curso
6378,2024103011,103,2024,1,1,2,Aprovado com dependência
6379,2024103011,103,2025,2,1,3,Retido
6380,2024103011,103,2026,2,2,,Em curso
6381,2024103012,103,2024,1,1,0,Aprovado
6382,2024103012,103,2025,2,1,0,Aprovado
6383,2024103012,103,2026,3,1,,Em curso
6384,2024103013,103,2024,1,1,0,Aprovado
6385,2024103013,103,2025,2,1,0,Aprovado
6386,2024103013,103,2026,3,1,,Em curso
6387,2024103014,103,2024,1,1,0,Aprovado
6388,2024103014,103,2025,2,1,0,Aprovado
6389,2024103014,103,2026,3,1,,Em curso
6390,2024103015,103,2024,1,1,0,Aprovado
6391,2024103015,103,2025,2,1,2,Aprovado com dependência
6392,2024103015,103,2026,3,1,,Em curso
6393,2024103016,103,2024,1,1,0,Aprovado
6394,2024103016,103,2025,2,1,13,Retido
6395,2024103016,103,2026,2,2,,Em curso
6396,2024103017,103,2024,1,1,2,Aprovado com dependência
6397,2024103017,103,2025,2,1,4,Retido
6398,2024103018,103,2024,1,1,0,Aprovado
6399,2024103018,103,2025,2,1,0,Aprovado
6400,2024103018,103,2026,3,1,,Em curso
6401,2024103019,103,2024,1,1,1,Aprovado com dependência
6402,2024103019,103,2025,2,1,0,Aprovado
6403,2024103019,103,2026,3,1,,Em curso
6404,2024103020,103,2024,1,1,0,Aprovado
6405,2024103020,103,2025,2,1,1,Aprovado com dependência
6406,2024103020,103,2026,3,1,,Em curso
6407,2024103021,103,2024,1,1,0,Aprovado
6408,2024103021,103,2025,2,1,0,Aprovado
6409,2024103021,103,2026,3,1,,Em curso
6410,2024103022,103,2024,1,1,0,Aprovado
6411,2024103022,103,2025,2,1,1,Aprovado com dependência
6412,2024103022,103,2026,3,1,,Em curso
6413,2024103023,103,2024,1,1,0,Aprovado
6414,2024103023,103,2025,2,1,1,Aprovado com dependência
6415,2024103023,103,2026,3,1,,Em curso
6416,2024103024,103,2024,1,1,1,Aprovado com dependência
6417,2024103024,103,2025,2,1,0,Aprovado
6418,2024103024,103,2026,3,1,,Em curso
6419,2024103025,103,2024,1,1,0,Aprovado
6420,2024103025,103,2025,2,1,0,Aprovado
6421,2024103025,103,2026,3,1,,Em curso
6422,2024103026,103,2024,1,1,0,Aprovado
6423,2024103026,103,2025,2,1,,Evadido
6424,2024103027,103,2024,1,1,0,Aprovado
6425,2024103027,103,2025,2,1,1,Aprovado com dependência
6426,2024103027,103,2026,3,1,,Em curso
6427,2024103028,103,2024,1,1,0,Aprovado
6428,2024103028,103,2025,2,1,0,Aprovado
6429,2024103028,103,2026,3,1,,Em curso
6430,2024103029,103,2024,1,1,3,Retido
6431,2024103029,103,2025,1,2,2,Aprovado com dependência
6432,2024103029,103,2026,2,1,,Em curso
6433,2024103030,103,2024,1,1,2,Aprovado com dependência
6434,2024103030,103,2025,2,1,1,Aprovado com dependência
6435,2024103030,103,2026,3,1,,Em curso
6436,2024103031,103,2024,1,1,0,Aprovado
6437,2024103031,103,2025,2,1,0,Aprovado
6438,2024103031,103,2026,3,1,,Em curso
6439,2024103032,103,2024,1,1,2,Aprovado com dependência
6440,2024103032,103,2025,2,1,3,Retido
6441,2024103032,103,2026,2,2,,Em curso
6442,2024103033,103,2024,1,1,3,Retido
6443,2024103033,103,2025,1,2,0,Aprovado
6444,2024103033,103,2026,2,1,,Em curso
6445,2024103034,103,2024,1,1,0,Aprovado
6446,2024103034,103,2025,2,1,0,Aprovado
6447,2024103034,103,2026,3,1,,Em curso
6448,2024103035,103,2024,1,1,0,Aprovado
6449,2024103035,103,2025,2,1,0,Aprovado
6450,2024103035,103,2026,3,1,,Em curso
6451,2024103036,103,2024,1,1,11,Retido
6452,2024103036,103,2025,1,2,7,Retido
6453,2024103036,103,2026,1,3,,Em curso
6454,2024103037,103,2024,1,1,0,Aprovado
6455,2024103037,103,2025,2,1,2,Aprovado com dependência
6456,2024103037,103,2026,3,1,,Em curso
6457,2024103038,103,2024,1,1,7,Retido
6458,2024103039,103,2024,1,1,0,Aprovado
6459,2024103039,103,2025,2,1,0,Aprovado
6460,2024103039,103,2026,3,1,,Em curso
6461,2024103040,103,2024,1,1,0,Aprovado
6462,2024103040,103,2025,2,1,0,Aprovado
6463,2024103040,103,2026,3,1,,Em curso
6464,2024103041,103,2024,1,1,0,Aprovado
6465,2024103042,103,2024,1,1,4,Retido
6466,2024103042,103,2025,1,2,2,Aprovado com dependência
6467,2024103042,103,2026,2,1,,Em curso
6468,2024103043,103,2024,1,1,1,Aprovado com dependência
6469,2024103043,103,2025,2,1,4,Retido
6470,2024103043,103,2026,2,2,,Em curso
6471,2024103044,103,2024,1,1,0,Aprovado
6472,2024103044,103,2025,2,1,0,Aprovado
6473,2024103044,103,2026,3,1,,Em curso
6474,2024104001,104,2024,1,1,0,Aprovado
6475,2024104001,104,2025,2,1,0,Aprovado
6476,2024104001,104,2026,3,1,,Em curso
6477,2024104002,104,2024,1,1,0,Aprovado
6478,2024104002,104,2025,2,1,0,Aprovado
6479,2024104002,104,2026,3,1,,Em curso
6480,2024104003,104,2024,1,1,2,Aprovado com dependência
6481,2024104003,104,2025,2,1,4,Retido
6482,2024104004,104,2024,1,1,1,Aprovado com dependência
6483,2024104004,104,2025,2,1,0,Aprovado
6484,2024104004,104,2026,3,1,,Em curso
6485,2024104005,104,2024,1,1,2,Aprovado com dependência
6486,2024104005,104,2025,2,1,1,Aprovado com dependência
6487,2024104005,104,2026,3,1,,Em curso
6488,2024104006,104,2024,1,1,0,Aprovado
6489,2024104006,104,2025,2,1,0,Aprovado
6490,2024104006,104,2026,3,1,,Em curso
6491,2024104007,104,2024,1,1,2,Aprovado com dependência
6492,2024104007,104,2025,2,1,0,Aprovado
6493,2024104007,104,2026,3,1,,Em curso
6494,2024104008,104,2024,1,1,0,Aprovado
6495,2024104008,104,2025,2,1,0,Aprovado
6496,2024104008,104,2026,3,1,,Em curso
6497,2024104009,104,2024,1,1,1,Aprovado com dependência
6498,2024104009,104,2025,2,1,2,Aprovado com dependência
6499,2024104009,104,2026,3,1,,Em curso
6500,2024104010,104,2024,1,1,0,Aprovado
6501,2024104010,104,2025,2,1,0,Aprovado
6502,2024104010,104,2026,3,1,,Em curso
6503,2024104011,104,2024,1,1,1,Aprovado com dependência
6504,2024104011,104,2025,2,1,0,Aprovado
6505,2024104011,104,2026,3,1,,Em curso
6506,2024104012,104,2024,1,1,0,Aprovado
6507,2024104012,104,2025,2,1,0,Aprovado
6508,2024104012,104,2026,3,1,,Em curso
6509,2024104013,104,2024,1,1,1,Aprovado com dependência
6510,2024104013,104,2025,2,1,0,Aprovado
6511,2024104013,104,2026,3,1,,Em curso
6512,2024104014,104,2024,1,1,0,Aprovado
6513,2024104014,104,2025,2,1,0,Aprovado
6514,2024104014,104,2026,3,1,,Em curso
6515,2024104015,104,2024,1,1,2,Aprovado com dependência
6516,2024104015,104,2025,2,1,2,Aprovado com dependência
6517,2024104015,104,2026,3,1,,Em curso
6518,2024104016,104,2024,1,1,3,Retido
6519,2024104016,104,2025,1,2,1,Aprovado com dependência
6520,2024104016,104,2026,2,1,,Em curso
6521,2024104017,104,2024,1,1,9,Retido
6522,2024104017,104,2025,1,2,2,Aprovado com dependência
6523,2024104017,104,2026,2,1,,Em curso
6524,2024104018,104,2024,1,1,3,Retido
6525,2024104018,104,2025,1,2,4,Retido
6526,2024104018,104,2026,1,3,,Em curso
6527,2024104019,104,2024,1,1,0,Aprovado
6528,2024104019,104,2025,2,1,0,Aprovado
6529,2024104019,104,2026,3,1,,Em curso
6530,2024104020,104,2024,1,1,1,Aprovado com dependência
6531,2024104020,104,2025,2,1,0,Aprovado
6532,2024104020,104,2026,3,1,,Em curso
6533,2024104021,104,2024,1,1,2,Aprovado com dependência
6534,2024104021,104,2025,2,1,2,Aprovado com dependência
6535,2024104021,104,2026,3,1,,Em curso
6536,2024104022,104,2024,1,1,10,Retido
6537,2024104022,104,2025,1,2,1,Aprovado com dependência
6538,2024104022,104,2026,2,1,,Em curso
6539,2024104023,104,2024,1,1,0,Aprovado
6540,2024104023,104,2025,2,1,0,Aprovado
6541,2024104023,104,2026,3,1,,Em curso
6542,2024104024,104,2024,1,1,0,Aprovado
6543,2024104024,104,2025,2,1,0,Aprovado
6544,2024104024,104,2026,3,1,,Em curso
6545,2024104025,104,2024,1,1,0,Aprovado
6546,2024104025,104,2025,2,1,0,Aprovado
6547,2024104025,104,2026,3,1,,Em curso
6548,2024104026,104,2024,1,1,0,Aprovado
6549,2024104026,104,2025,2,1,0,Aprovado
6550,2024104026,104,2026,3,1,,Em curso
6551,2024104027,104,2024,1,1,5,Retido
6552,2024104027,104,2025,1,2,7,Retido
6553,2024104027,104,2026,1,3,,Em curso
6554,2024104028,104,2024,1,1,0,Aprovado
6555,2024104028,104,2025,2,1,0,Aprovado
6556,2024104028,104,2026,3,1,,Em curso
6557,2024104029,104,2024,1,1,0,Aprovado
6558,2024104029,104,2025,2,1,0,Aprovado
6559,2024104029,104,2026,3,1,,Em curso
6560,2024104030,104,2024,1,1,2,Aprovado com dependência
6561,2024104030,104,2025,2,1,2,Aprovado com dependência
6562,2024104030,104,2026,3,1,,Em curso
6563,2024104031,104,2024,1,1,4,Retido
6564,2024104031,104,2025,1,2,4,Retido
6565,2024104031,104,2026,1,3,,Em curso
6566,2024104032,104,2024,1,1,0,Aprovado
6567,2024104032,104,2025,2,1,0,Aprovado
6568,2024104032,104,2026,3,1,,Evadido
6569,2024104033,104,2024,1,1,7,Retido
6570,2024104033,104,2025,1,2,6,Retido
6571,2024104034,104,2024,1,1,0,Aprovado
6572,2024104034,104,2025,2,1,0,Aprovado
6573,2024104034,104,2026,3,1,,Em curso
6574,2024104035,104,2024,1,1,0,Aprovado
6575,2024104035,104,2025,2,1,0,Aprovado
6576,2024104036,104,2024,1,1,0,Aprovado
6577,2024104036,104,2025,2,1,1,Aprovado com dependência
6578,2024104036,104,2026,3,1,,Em curso
6579,2024104037,104,2024,1,1,2,Aprovado com dependência
6580,2024104038,104,2024,1,1,1,Aprovado com dependência
6581,2024104038,104,2025,2,1,0,Aprovado
6582,2024104038,104,2026,3,1,,Em curso
6583,2024104039,104,2024,1,1,0,Aprovado
6584,2024104039,104,2025,2,1,0,Aprovado
6585,2024104039,104,2026,3,1,,Em curso
6586,2024104040,104,2024,1,1,0,Aprovado
6587,2024104040,104,2025,2,1,0,Aprovado
6588,2024104040,104,2026,3,1,,Em curso
6589,2024104041,104,2024,1,1,1,Aprovado com dependência
6590,2024104041,104,2025,2,1,3,Retido
6591,2024104041,104,2026,2,2,,Em curso
6592,2024104042,104,2024,1,1,3,Retido
6593,2024104042,104,2025,1,2,0,Aprovado
6594,2024104042,104,2026,2,1,,Em curso
6595,2024104043,104,2024,1,1,6,Retido
6596,2024104043,104,2025,1,2,5,Retido
6597,2024104043,104,2026,1,3,,Em curso
6598,2024104044,104,2024,1,1,2,Aprovado com dependência
6599,2024104044,104,2025,2,1,1,Aprovado com dependência
6600,2024104044,104,2026,3,1,,Em curso
6601,2024104045,104,2024,1,1,2,Aprovado com dependência
6602,2024104045,104,2025,2,1,2,Aprovado com dependência
6603,2024104045,104,2026,3,1,,Em curso
6604,2024105001,105,2024,1,1,1,Aprovado com dependência
6605,2024105001,105,2025,2,1,0,Aprovado
6606,2024105001,105,2026,3,1,,Em curso
6607,2024105002,105,2024,1,1,0,Aprovado
6608,2024105002,105,2025,2,1,0,Aprovado
6609,2024105002,105,2026,3,1,,Em curso
6610,2024105003,105,2024,1,1,0,Aprovado
6611,2024105004,105,2024,1,1,0,Aprovado
6612,2024105004,105,2025,2,1,0,Aprovado
6613,2024105004,105,2026,3,1,,Em curso
6614,2024105005,105,2024,1,1,1,Aprovado com dependência
6615,2024105005,105,2025,2,1,2,Aprovado com dependência
6616,2024105005,105,2026,3,1,,Em curso
6617,2024105006,105,2024,1,1,0,Aprovado
6618,2024105006,105,2025,2,1,4,Retido
6619,2024105006,105,2026,2,2,,Em curso
6620,2024105007,105,2024,1,1,0,Aprovado
6621,2024105007,105,2025,2,1,0,Aprovado
6622,2024105007,105,2026,3,1,,Em curso
6623,2024105008,105,2024,1,1,0,Aprovado
6624,2024105008,105,2025,2,1,0,Aprovado
6625,2024105008,105,2026,3,1,,Em curso
6626,2024105009,105,2024,1,1,1,Aprovado com dependência
6627,2024105009,105,2025,2,1,0,Aprovado
6628,2024105009,105,2026,3,1,,Em curso
6629,2024105010,105,2024,1,1,3,Retido
6630,2024105010,105,2025,1,2,0,Aprovado
6631,2024105010,105,2026,2,1,,Em curso
6632,2024105011,105,2024,1,1,6,Retido
6633,2024105011,105,2025,1,2,2,Aprovado com dependência
6634,2024105011,105,2026,2,1,,Em curso
6635,2024105012,105,2024,1,1,0,Aprovado
6636,2024105012,105,2025,2,1,0,Aprovado
6637,2024105012,105,2026,3,1,,Em curso
6638,2024105013,105,2024,1,1,1,Aprovado com dependência
6639,2024105013,105,2025,2,1,0,Aprovado
6640,2024105013,105,2026,3,1,,Em curso
6641,2024105014,105,2024,1,1,0,Aprovado
6642,2024105014,105,2025,2,1,0,Aprovado
6643,2024105014,105,2026,3,1,,Em curso
6644,2024105015,105,2024,1,1,0,Aprovado
6645,2024105015,105,2025,2,1,0,Aprovado
6646,2024105015,105,2026,3,1,,Em curso
6647,2024105016,105,2024,1,1,0,Aprovado
6648,2024105016,105,2025,2,1,0,Aprovado
6649,2024105016,105,2026,3,1,,Em curso
6650,2024105017,105,2024,1,1,0,Aprovado
6651,2024105017,105,2025,2,1,0,Aprovado
6652,2024105017,105,2026,3,1,,Em curso
6653,2024105018,105,2024,1,1,0,Aprovado
6654,2024105018,105,2025,2,1,0,Aprovado
6655,2024105018,105,2026,3,1,,Em curso
6656,2024105019,105,2024,1,1,5,Retido
6657,2024105019,105,2025,1,2,2,Aprovado com dependência
6658,2024105019,105,2026,2,1,,Em curso
6659,2024105020,105,2024,1,1,1,Aprovado com dependência
6660,2024105020,105,2025,2,1,0,Aprovado
6661,2024105020,105,2026,3,1,,Em curso
6662,2024105021,105,2024,1,1,0,Aprovado
6663,2024105021,105,2025,2,1,0,Aprovado
6664,2024105021,105,2026,3,1,,Em curso
6665,2024105022,105,2024,1,1,2,Aprovado com dependência
6666,2024105022,105,2025,2,1,2,Aprovado com dependência
6667,2024105022,105,2026,3,1,,Em curso
6668,2024105023,105,2024,1,1,0,Aprovado
6669,2024105023,105,2025,2,1,2,Aprovado com dependência
6670,2024105023,105,2026,3,1,,Em curso
6671,2024105024,105,2024,1,1,0,Aprovado
6672,2024105024,105,2025,2,1,0,Aprovado
6673,2024105024,105,2026,3,1,,Em curso
6674,2024105025,105,2024,1,1,0,Aprovado
6675,2024105025,105,2025,2,1,1,Aprovado com dependência
6676,2024105025,105,2026,3,1,,Em curso
6677,2024105026,105,2024,1,1,0,Aprovado
6678,2024105026,105,2025,2,1,0,Aprovado
6679,2024105026,105,2026,3,1,,Em curso
6680,2024105027,105,2024,1,1,1,Aprovado com dependência
6681,2024105027,105,2025,2,1,0,Aprovado
6682,2024105027,105,2026,3,1,,Em curso
6683,2024105028,105,2024,1,1,9,Retido
6684,2024105029,105,2024,1,1,0,Aprovado
6685,2024105029,105,2025,2,1,,Evadido
6686,2024105030,105,2024,1,1,0,Aprovado
6687,2024105030,105,2025,2,1,1,Aprovado com dependência
6688,2024105030,105,2026,3,1,,Em curso
6689,2024105031,105,2024,1,1,0,Aprovado
6690,2024105031,105,2025,2,1,0,Aprovado
6691,2024105031,105,2026,3,1,,Em curso
6692,2024105032,105,2024,1,1,0,Aprovado
6693,2024105032,105,2025,2,1,0,Aprovado
6694,2024105032,105,2026,3,1,,Em curso
6695,2024105033,105,2024,1,1,2,Aprovado com dependência
6696,2024105033,105,2025,2,1,1,Aprovado com dependência
6697,2024105033,105,2026,3,1,,Em curso
6698,2024105034,105,2024,1,1,0,Aprovado
6699,2024105034,105,2025,2,1,0,Aprovado
6700,2024105034,105,2026,3,1,,Em curso
6701,2024105035,105,2024,1,1,0,Aprovado
6702,2024105035,105,2025,2,1,0,Aprovado
6703,2024105035,105,2026,3,1,,Em curso
6704,2024105036,105,2024,1,1,1,Aprovado com dependência
6705,2024105036,105,2025,2,1,4,Retido
6706,2024105036,105,2026,2,2,,Em curso
6707,2024105037,105,2024,1,1,0,Aprovado
6708,2024105037,105,2025,2,1,0,Aprovado
6709,2024105037,105,2026,3,1,,Em curso
6710,2024105038,105,2024,1,1,0,Aprovado
6711,2024105038,105,2025,2,1,2,Aprovado com dependência
6712,2024105038,105,2026,3,1,,Em curso
6713,2024105039,105,2024,1,1,0,Aprovado
6714,2024105039,105,2025,2,1,0,Aprovado
6715,2024105039,105,2026,3,1,,Em curso
6716,2024105040,105,2024,1,1,0,Aprovado
6717,2024105040,105,2025,2,1,0,Aprovado
6718,2024105040,105,2026,3,1,,Em curso
6719,2024106001,106,2024,1,1,0,Aprovado
6720,2024106001,106,2025,2,1,0,Aprovado
6721,2024106001,106,2026,3,1,,Em curso
6722,2024106002,106,2024,1,1,0,Aprovado
6723,2024106002,106,2025,2,1,0,Aprovado
6724,2024106002,106,2026,3,1,,Em curso
6725,2024106003,106,2024,1,1,1,Aprovado com dependência
6726,2024106003,106,2025,2,1,0,Aprovado
6727,2024106003,106,2026,3,1,,Em curso
6728,2024106004,106,2024,1,1,0,Aprovado
6729,2024106004,106,2025,2,1,0,Aprovado
6730,2024106004,106,2026,3,1,,Em curso
6731,2024106005,106,2024,1,1,3,Retido
6732,2024106005,106,2025,1,2,1,Aprovado com dependência
6733,2024106005,106,2026,2,1,,Em curso
6734,2024106006,106,2024,1,1,1,Aprovado com dependência
6735,2024106006,106,2025,2,1,0,Aprovado
6736,2024106006,106,2026,3,1,,Em curso
6737,2024106007,106,2024,1,1,4,Retido
6738,2024106007,106,2025,1,2,0,Aprovado
6739,2024106007,106,2026,2,1,,Em curso
6740,2024106008,106,2024,1,1,3,Retido
6741,2024106008,106,2025,1,2,2,Aprovado com dependência
6742,2024106008,106,2026,2,1,,Em curso
6743,2024106009,106,2024,1,1,0,Aprovado
6744,2024106009,106,2025,2,1,0,Aprovado
6745,2024106009,106,2026,3,1,,Em curso
6746,2024106010,106,2024,1,1,1,Aprovado com dependência
6747,2024106010,106,2025,2,1,1,Aprovado com dependência
6748,2024106010,106,2026,3,1,,Em curso
6749,2024106011,106,2024,1,1,0,Aprovado
6750,2024106011,106,2025,2,1,0,Aprovado
6751,2024106011,106,2026,3,1,,Em curso
6752,2024106012,106,2024,1,1,2,Aprovado com dependência
6753,2024106012,106,2025,2,1,0,Aprovado
6754,2024106012,106,2026,3,1,,Em curso
6755,2024106013,106,2024,1,1,0,Aprovado
6756,2024106013,106,2025,2,1,0,Aprovado
6757,2024106013,106,2026,3,1,,Em curso
6758,2024106014,106,2024,1,1,0,Aprovado
6759,2024106014,106,2025,2,1,0,Aprovado
6760,2024106014,106,2026,3,1,,Em curso
6761,2024106015,106,2024,1,1,0,Aprovado
6762,2024106015,106,2025,2,1,7,Retido
6763,2024106015,106,2026,2,2,,Em curso
6764,2024106016,106,2024,1,1,0,Aprovado
6765,2024106016,106,2025,2,1,0,Aprovado
6766,2024106016,106,2026,3,1,,Em curso
6767,2024106017,106,2024,1,1,0,Aprovado
6768,2024106017,106,2025,2,1,5,Retido
6769,2024106017,106,2026,2,2,,Em curso
6770,2024106018,106,2024,1,1,0,Aprovado
6771,2024106018,106,2025,2,1,0,Aprovado
6772,2024106018,106,2026,3,1,,Em curso
6773,2024106019,106,2024,1,1,1,Aprovado com dependência
6774,2024106019,106,2025,2,1,0,Aprovado
6775,2024106019,106,2026,3,1,,Em curso
6776,2024106020,106,2024,1,1,3,Retido
6777,2024106020,106,2025,1,2,2,Aprovado com dependência
6778,2024106020,106,2026,2,1,,Em curso
6779,2024106021,106,2024,1,1,4,Retido
6780,2024106022,106,2024,1,1,1,Aprovado com dependência
6781,2024106022,106,2025,2,1,1,Aprovado com dependência
6782,2024106022,106,2026,3,1,,Em curso
6783,2024106023,106,2024,1,1,10,Retido
6784,2024106024,106,2024,1,1,0,Aprovado
6785,2024106024,106,2025,2,1,0,Aprovado
6786,2024106024,106,2026,3,1,,Em curso
6787,2024106025,106,2024,1,1,0,Aprovado
6788,2024106025,106,2025,2,1,1,Aprovado com dependência
6789,2024106025,106,2026,3,1,,Em curso
6790,2024106026,106,2024,1,1,0,Aprovado
6791,2024106026,106,2025,2,1,0,Aprovado
6792,2024106026,106,2026,3,1,,Em curso
6793,2024106027,106,2024,1,1,1,Aprovado com dependência
6794,2024106027,106,2025,2,1,1,Aprovado com dependência
6795,2024106027,106,2026,3,1,,Em curso
6796,2024106028,106,2024,1,1,3,Retido
6797,2024106028,106,2025,1,2,1,Aprovado com dependência
6798,2024106028,106,2026,2,1,,Em curso
6799,2024106029,106,2024,1,1,5,Retido
6800,2024106029,106,2025,1,2,8,Retido
6801,2024106029,106,2026,1,3,,Em curso
6802,2024106030,106,2024,1,1,0,Aprovado
6803,2024106030,106,2025,2,1,0,Aprovado
6804,2024106030,106,2026,3,1,,Em curso
6805,2024106031,106,2024,1,1,0,Aprovado
6806,2024106031,106,2025,2,1,0,Aprovado
6807,2024106031,106,2026,3,1,,Em curso
6808,2024106032,106,2024,1,1,0,Aprovado
6809,2024106032,106,2025,2,1,0,Aprovado
6810,2024106032,106,2026,3,1,,Em curso
6811,2024106033,106,2024,1,1,0,Aprovado
6812,2024106033,106,2025,2,1,0,Aprovado
6813,2024106033,106,2026,3,1,,Em curso
6814,2024106034,106,2024,1,1,0,Aprovado
6815,2024106034,106,2025,2,1,0,Aprovado
6816,2024106034,106,2026,3,1,,Em curso
6817,2024106035,106,2024,1,1,4,Retido
6818,2024106035,106,2025,1,2,1,Aprovado com dependência
6819,2024106035,106,2026,2,1,,Em curso
6820,2024106036,106,2024,1,1,0,Aprovado
6821,2024106036,106,2025,2,1,1,Aprovado com dependência
6822,2024106036,106,2026,3,1,,Em curso
6823,2024106037,106,2024,1,1,0,Aprovado
6824,2024106037,106,2025,2,1,13,Retido
6825,2024106038,106,2024,1,1,1,Aprovado com dependência
6826,2024106038,106,2025,2,1,7,Retido
6827,2024106038,106,2026,2,2,,Em curso
6828,2024106039,106,2024,1,1,0,Aprovado
6829,2024106039,106,2025,2,1,0,Aprovado
6830,2024106039,106,2026,3,1,,Em curso
6831,2025101001,101,2025,1,1,0,Aprovado
6832,2025101001,101,2026,2,1,,Em curso
6833,2025101002,101,2025,1,1,4,Retido
6834,2025101002,101,2026,1,2,,Em curso
6835,2025101003,101,2025,1,1,6,Retido
6836,2025101003,101,2026,1,2,,Em curso
6837,2025101004,101,2025,1,1,0,Aprovado
6838,2025101004,101,2026,2,1,,Em curso
6839,2025101005,101,2025,1,1,6,Retido
6840,2025101005,101,2026,1,2,,Em curso
6841,2025101006,101,2025,1,1,1,Aprovado com dependência
6842,2025101006,101,2026,2,1,,Em curso
6843,2025101007,101,2025,1,1,8,Retido
6844,2025101007,101,2026,1,2,,Em curso
6845,2025101008,101,2025,1,1,0,Aprovado
6846,2025101008,101,2026,2,1,,Em curso
6847,2025101009,101,2025,1,1,2,Aprovado com dependência
6848,2025101009,101,2026,2,1,,Em curso
6849,2025101010,101,2025,1,1,0,Aprovado
6850,2025101010,101,2026,2,1,,Em curso
6851,2025101011,101,2025,1,1,1,Aprovado com dependência
6852,2025101012,101,2025,1,1,2,Aprovado com dependência
6853,2025101012,101,2026,2,1,,Em curso
6854,2025101013,101,2025,1,1,1,Aprovado com dependência
6855,2025101013,101,2026,2,1,,Em curso
6856,2025101014,101,2025,1,1,0,Aprovado
6857,2025101014,101,2026,2,1,,Em curso
6858,2025101015,101,2025,1,1,0,Aprovado
6859,2025101015,101,2026,2,1,,Em curso
6860,2025101016,101,2025,1,1,0,Aprovado
6861,2025101016,101,2026,2,1,,Em curso
6862,2025101017,101,2025,1,1,4,Retido
6863,2025101017,101,2026,1,2,,Em curso
6864,2025101018,101,2025,1,1,6,Retido
6865,2025101018,101,2026,1,2,,Em curso
6866,2025101019,101,2025,1,1,8,Retido
6867,2025101019,101,2026,1,2,,Em curso
6868,2025101020,101,2025,1,1,9,Retido
6869,2025101021,101,2025,1,1,2,Aprovado com dependência
6870,2025101021,101,2026,2,1,,Em curso
6871,2025101022,101,2025,1,1,1,Aprovado com dependência
6872,2025101022,101,2026,2,1,,Em curso
6873,2025101023,101,2025,1,1,0,Aprovado
6874,2025101023,101,2026,2,1,,Em curso
6875,2025101024,101,2025,1,1,2,Aprovado com dependência
6876,2025101024,101,2026,2,1,,Em curso
6877,2025101025,101,2025,1,1,2,Aprovado com dependência
6878,2025101025,101,2026,2,1,,Em curso
6879,2025101026,101,2025,1,1,3,Retido
6880,2025101026,101,2026,1,2,,Em curso
6881,2025101027,101,2025,1,1,5,Retido
6882,2025101027,101,2026,1,2,,Em curso
6883,2025101028,101,2025,1,1,0,Aprovado
6884,2025101028,101,2026,2,1,,Em curso
6885,2025101029,101,2025,1,1,0,Aprovado
6886,2025101029,101,2026,2,1,,Em curso
6887,2025101030,101,2025,1,1,6,Retido
6888,2025101031,101,2025,1,1,1,Aprovado com dependência
6889,2025101031,101,2026,2,1,,Em curso
6890,2025101032,101,2025,1,1,0,Aprovado
6891,2025101032,101,2026,2,1,,Em curso
6892,2025101033,101,2025,1,1,1,Aprovado com dependência
6893,2025101033,101,2026,2,1,,Em curso
6894,2025101034,101,2025,1,1,1,Aprovado com dependência
6895,2025101034,101,2026,2,1,,Em curso
6896,2025101035,101,2025,1,1,0,Aprovado
6897,2025101035,101,2026,2,1,,Em curso
6898,2025101036,101,2025,1,1,5,Retido
6899,2025101036,101,2026,1,2,,Em curso
6900,2025101037,101,2025,1,1,3,Retido
6901,2025101038,101,2025,1,1,0,Aprovado
6902,2025101038,101,2026,2,1,,Em curso
6903,2025101039,101,2025,1,1,0,Aprovado
6904,2025101039,101,2026,2,1,,Em curso
6905,2025101040,101,2025,1,1,0,Aprovado
6906,2025101040,101,2026,2,1,,Em curso
6907,2025101041,101,2025,1,1,1,Aprovado com dependência
6908,2025101041,101,2026,2,1,,Em curso
6909,2025101042,101,2025,1,1,0,Aprovado
6910,2025101042,101,2026,2,1,,Em curso
6911,2025101043,101,2025,1,1,0,Aprovado
6912,2025101043,101,2026,2,1,,Em curso
6913,2025101044,101,2025,1,1,0,Aprovado
6914,2025101044,101,2026,2,1,,Em curso
6915,2025101045,101,2025,1,1,0,Aprovado
6916,2025101045,101,2026,2,1,,Em curso
6917,2025102001,102,2025,1,1,0,Aprovado
6918,2025102001,102,2026,2,1,,Em curso
6919,2025102002,102,2025,1,1,0,Aprovado
6920,2025102002,102,2026,2,1,,Em curso
6921,2025102003,102,2025,1,1,0,Aprovado
6922,2025102003,102,2026,2,1,,Em curso
6923,2025102004,102,2025,1,1,0,Aprovado
6924,2025102004,102,2026,2,1,,Em curso
6925,2025102005,102,2025,1,1,3,Retido
6926,2025102005,102,2026,1,2,,Em curso
6927,2025102006,102,2025,1,1,13,Retido
6928,2025102006,102,2026,1,2,,Em curso
6929,2025102007,102,2025,1,1,0,Aprovado
6930,2025102007,102,2026,2,1,,Em curso
6931,2025102008,102,2025,1,1,14,Retido
6932,2025102009,102,2025,1,1,8,Retido
6933,2025102009,102,2026,1,2,,Em curso
6934,2025102010,102,2025,1,1,13,Retido
6935,2025102011,102,2025,1,1,0,Aprovado
6936,2025102011,102,2026,2,1,,Em curso
6937,2025102012,102,2025,1,1,2,Aprovado com dependência
6938,2025102012,102,2026,2,1,,Em curso
6939,2025102013,102,2025,1,1,7,Retido
6940,2025102013,102,2026,1,2,,Em curso
6941,2025102014,102,2025,1,1,1,Aprovado com dependência
6942,2025102014,102,2026,2,1,,Em curso
6943,2025102015,102,2025,1,1,0,Aprovado
6944,2025102015,102,2026,2,1,,Em curso
6945,2025102016,102,2025,1,1,0,Aprovado
6946,2025102016,102,2026,2,1,,Em curso
6947,2025102017,102,2025,1,1,0,Aprovado
6948,2025102017,102,2026,2,1,,Em curso
6949,2025102018,102,2025,1,1,3,Retido
6950,2025102018,102,2026,1,2,,Em curso
6951,2025102019,102,2025,1,1,5,Retido
6952,2025102019,102,2026,1,2,,Em curso
6953,2025102020,102,2025,1,1,0,Aprovado
6954,2025102020,102,2026,2,1,,Em curso
6955,2025102021,102,2025,1,1,0,Aprovado
6956,2025102021,102,2026,2,1,,Em curso
6957,2025102022,102,2025,1,1,0,Aprovado
6958,2025102022,102,2026,2,1,,Em curso
6959,2025102023,102,2025,1,1,0,Aprovado
6960,2025102023,102,2026,2,1,,Em curso
6961,2025102024,102,2025,1,1,0,Aprovado
6962,2025102024,102,2026,2,1,,Evadido
6963,2025102025,102,2025,1,1,2,Aprovado com dependência
6964,2025102025,102,2026,2,1,,Em curso
6965,2025102026,102,2025,1,1,0,Aprovado
6966,2025102026,102,2026,2,1,,Em curso
6967,2025102027,102,2025,1,1,0,Aprovado
6968,2025102027,102,2026,2,1,,Em curso
6969,2025102028,102,2025,1,1,1,Aprovado com dependência
6970,2025102028,102,2026,2,1,,Em curso
6971,2025102029,102,2025,1,1,14,Retido
6972,2025102030,102,2025,1,1,1,Aprovado com dependência
6973,2025102030,102,2026,2,1,,Em curso
6974,2025102031,102,2025,1,1,4,Retido
6975,2025102031,102,2026,1,2,,Em curso
6976,2025102032,102,2025,1,1,0,Aprovado
6977,2025102032,102,2026,2,1,,Em curso
6978,2025102033,102,2025,1,1,2,Aprovado com dependência
6979,2025102033,102,2026,2,1,,Em curso
6980,2025102034,102,2025,1,1,3,Retido
6981,2025102034,102,2026,1,2,,Em curso
6982,2025102035,102,2025,1,1,0,Aprovado
6983,2025102035,102,2026,2,1,,Em curso
6984,2025102036,102,2025,1,1,5,Retido
6985,2025102036,102,2026,1,2,,Em curso
6986,2025102037,102,2025,1,1,11,Retido
6987,2025102037,102,2026,1,2,,Em curso
6988,2025102038,102,2025,1,1,4,Retido
6989,2025102038,102,2026,1,2,,Em curso
6990,2025102039,102,2025,1,1,1,Aprovado com dependência
6991,2025102039,102,2026,2,1,,Em curso
6992,2025102040,102,2025,1,1,11,Retido
6993,2025102040,102,2026,1,2,,Em curso
6994,2025102041,102,2025,1,1,4,Retido
6995,2025102041,102,2026,1,2,,Em curso
6996,2025102042,102,2025,1,1,0,Aprovado
6997,2025102042,102,2026,2,1,,Em curso
6998,2025102043,102,2025,1,1,1,Aprovado com dependência
6999,2025102043,102,2026,2,1,,Em curso
7000,2025102044,102,2025,1,1,1,Aprovado com dependência
7001,2025102044,102,2026,2,1,,Em curso
7002,2025102045,102,2025,1,1,14,Retido
7003,2025103001,103,2025,1,1,11,Retido
7004,2025103001,103,2026,1,2,,Evadido
7005,2025103002,103,2025,1,1,0,Aprovado
7006,2025103002,103,2026,2,1,,Em curso
7007,2025103003,103,2025,1,1,4,Retido
7008,2025103003,103,2026,1,2,,Em curso
7009,2025103004,103,2025,1,1,0,Aprovado
7010,2025103004,103,2026,2,1,,Em curso
7011,2025103005,103,2025,1,1,0,Aprovado
7012,2025103005,103,2026,2,1,,Em curso
7013,2025103006,103,2025,1,1,0,Aprovado
7014,2025103006,103,2026,2,1,,Em curso
7015,2025103007,103,2025,1,1,0,Aprovado
7016,2025103007,103,2026,2,1,,Em curso
7017,2025103008,103,2025,1,1,1,Aprovado com dependência
7018,2025103008,103,2026,2,1,,Em curso
7019,2025103009,103,2025,1,1,0,Aprovado
7020,2025103009,103,2026,2,1,,Em curso
7021,2025103010,103,2025,1,1,0,Aprovado
7022,2025103010,103,2026,2,1,,Em curso
7023,2025103011,103,2025,1,1,0,Aprovado
7024,2025103011,103,2026,2,1,,Em curso
7025,2025103012,103,2025,1,1,0,Aprovado
7026,2025103012,103,2026,2,1,,Em curso
7027,2025103013,103,2025,1,1,0,Aprovado
7028,2025103013,103,2026,2,1,,Em curso
7029,2025103014,103,2025,1,1,0,Aprovado
7030,2025103014,103,2026,2,1,,Em curso
7031,2025103015,103,2025,1,1,4,Retido
7032,2025103015,103,2026,1,2,,Em curso
7033,2025103016,103,2025,1,1,1,Aprovado com dependência
7034,2025103016,103,2026,2,1,,Em curso
7035,2025103017,103,2025,1,1,0,Aprovado
7036,2025103017,103,2026,2,1,,Em curso
7037,2025103018,103,2025,1,1,0,Aprovado
7038,2025103018,103,2026,2,1,,Em curso
7039,2025103019,103,2025,1,1,0,Aprovado
7040,2025103019,103,2026,2,1,,Em curso
7041,2025103020,103,2025,1,1,0,Aprovado
7042,2025103020,103,2026,2,1,,Em curso
7043,2025103021,103,2025,1,1,0,Aprovado
7044,2025103021,103,2026,2,1,,Evadido
7045,2025103022,103,2025,1,1,1,Aprovado com dependência
7046,2025103022,103,2026,2,1,,Em curso
7047,2025103023,103,2025,1,1,2,Aprovado com dependência
7048,2025103023,103,2026,2,1,,Em curso
7049,2025103024,103,2025,1,1,0,Aprovado
7050,2025103024,103,2026,2,1,,Em curso
7051,2025103025,103,2025,1,1,0,Aprovado
7052,2025103025,103,2026,2,1,,Em curso
7053,2025103026,103,2025,1,1,0,Aprovado
7054,2025103026,103,2026,2,1,,Em curso
7055,2025103027,103,2025,1,1,0,Aprovado
7056,2025103027,103,2026,2,1,,Em curso
7057,2025103028,103,2025,1,1,1,Aprovado com dependência
7058,2025103028,103,2026,2,1,,Em curso
7059,2025103029,103,2025,1,1,7,Retido
7060,2025103029,103,2026,1,2,,Em curso
7061,2025103030,103,2025,1,1,1,Aprovado com dependência
7062,2025103030,103,2026,2,1,,Em curso
7063,2025103031,103,2025,1,1,1,Aprovado com dependência
7064,2025103031,103,2026,2,1,,Em curso
7065,2025103032,103,2025,1,1,1,Aprovado com dependência
7066,2025103032,103,2026,2,1,,Em curso
7067,2025103033,103,2025,1,1,4,Retido
7068,2025103033,103,2026,1,2,,Em curso
7069,2025103034,103,2025,1,1,4,Retido
7070,2025103034,103,2026,1,2,,Em curso
7071,2025103035,103,2025,1,1,0,Aprovado
7072,2025103035,103,2026,2,1,,Em curso
7073,2025103036,103,2025,1,1,0,Aprovado
7074,2025103036,103,2026,2,1,,Em curso
7075,2025103037,103,2025,1,1,11,Retido
7076,2025103037,103,2026,1,2,,Em curso
7077,2025103038,103,2025,1,1,5,Retido
7078,2025103038,103,2026,1,2,,Em curso
7079,2025103039,103,2025,1,1,12,Retido
7080,2025103039,103,2026,1,2,,Em curso
7081,2025103040,103,2025,1,1,0,Aprovado
7082,2025103040,103,2026,2,1,,Em curso
7083,2025103041,103,2025,1,1,0,Aprovado
7084,2025103041,103,2026,2,1,,Em curso
7085,2025103042,103,2025,1,1,7,Retido
7086,2025103042,103,2026,1,2,,Em curso
7087,2025103043,103,2025,1,1,0,Aprovado
7088,2025103043,103,2026,2,1,,Em curso
7089,2025103044,103,2025,1,1,1,Aprovado com dependência
7090,2025103044,103,2026,2,1,,Em curso
7091,2025103045,103,2025,1,1,0,Aprovado
7092,2025103045,103,2026,2,1,,Em curso
7093,2025104001,104,2025,1,1,13,Retido
7094,2025104001,104,2026,1,2,,Em curso
7095,2025104002,104,2025,1,1,0,Aprovado
7096,2025104002,104,2026,2,1,,Em curso
7097,2025104003,104,2025,1,1,0,Aprovado
7098,2025104003,104,2026,2,1,,Em curso
7099,2025104004,104,2025,1,1,0,Aprovado
7100,2025104004,104,2026,2,1,,Em curso
7101,2025104005,104,2025,1,1,0,Aprovado
7102,2025104005,104,2026,2,1,,Em curso
7103,2025104006,104,2025,1,1,2,Aprovado com dependência
7104,2025104006,104,2026,2,1,,Em curso
7105,2025104007,104,2025,1,1,2,Aprovado com dependência
7106,2025104007,104,2026,2,1,,Em curso
7107,2025104008,104,2025,1,1,0,Aprovado
7108,2025104008,104,2026,2,1,,Em curso
7109,2025104009,104,2025,1,1,3,Retido
7110,2025104009,104,2026,1,2,,Em curso
7111,2025104010,104,2025,1,1,0,Aprovado
7112,2025104010,104,2026,2,1,,Em curso
7113,2025104011,104,2025,1,1,0,Aprovado
7114,2025104011,104,2026,2,1,,Em curso
7115,2025104012,104,2025,1,1,0,Aprovado
7116,2025104012,104,2026,2,1,,Em curso
7117,2025104013,104,2025,1,1,6,Retido
7118,2025104013,104,2026,1,2,,Em curso
7119,2025104014,104,2025,1,1,0,Aprovado
7120,2025104014,104,2026,2,1,,Em curso
7121,2025104015,104,2025,1,1,8,Retido
7122,2025104015,104,2026,1,2,,Em curso
7123,2025104016,104,2025,1,1,1,Aprovado com dependência
7124,2025104016,104,2026,2,1,,Em curso
7125,2025104017,104,2025,1,1,2,Aprovado com dependência
7126,2025104017,104,2026,2,1,,Em curso
7127,2025104018,104,2025,1,1,1,Aprovado com dependência
7128,2025104018,104,2026,2,1,,Em curso
7129,2025104019,104,2025,1,1,0,Aprovado
7130,2025104019,104,2026,2,1,,Em curso
7131,2025104020,104,2025,1,1,0,Aprovado
7132,2025104020,104,2026,2,1,,Em curso
7133,2025104021,104,2025,1,1,0,Aprovado
7134,2025104021,104,2026,2,1,,Em curso
7135,2025104022,104,2025,1,1,0,Aprovado
7136,2025104022,104,2026,2,1,,Em curso
7137,2025104023,104,2025,1,1,0,Aprovado
7138,2025104023,104,2026,2,1,,Em curso
7139,2025104024,104,2025,1,1,1,Aprovado com dependência
7140,2025104024,104,2026,2,1,,Em curso
7141,2025104025,104,2025,1,1,3,Retido
7142,2025104025,104,2026,1,2,,Em curso
7143,2025104026,104,2025,1,1,1,Aprovado com dependência
7144,2025104026,104,2026,2,1,,Em curso
7145,2025104027,104,2025,1,1,0,Aprovado
7146,2025104027,104,2026,2,1,,Em curso
7147,2025104028,104,2025,1,1,0,Aprovado
7148,2025104028,104,2026,2,1,,Em curso
7149,2025104029,104,2025,1,1,2,Aprovado com dependência
7150,2025104029,104,2026,2,1,,Em curso
7151,2025104030,104,2025,1,1,0,Aprovado
7152,2025104030,104,2026,2,1,,Em curso
7153,2025104031,104,2025,1,1,0,Aprovado
7154,2025104031,104,2026,2,1,,Em curso
7155,2025104032,104,2025,1,1,0,Aprovado
7156,2025104032,104,2026,2,1,,Em curso
7157,2025104033,104,2025,1,1,0,Aprovado
7158,2025104033,104,2026,2,1,,Em curso
7159,2025104034,104,2025,1,1,0,Aprovado
7160,2025104034,104,2026,2,1,,Em curso
7161,2025104035,104,2025,1,1,0,Aprovado
7162,2025104035,104,2026,2,1,,Em curso
7163,2025104036,104,2025,1,1,3,Retido
7164,2025104036,104,2026,1,2,,Evadido
7165,2025104037,104,2025,1,1,0,Aprovado
7166,2025104037,104,2026,2,1,,Em curso
7167,2025104038,104,2025,1,1,2,Aprovado com dependência
7168,2025104038,104,2026,2,1,,Em curso
7169,2025104039,104,2025,1,1,0,Aprovado
7170,2025104039,104,2026,2,1,,Em curso
7171,2025104040,104,2025,1,1,0,Aprovado
7172,2025104040,104,2026,2,1,,Em curso
7173,2025104041,104,2025,1,1,2,Aprovado com dependência
7174,2025104041,104,2026,2,1,,Em curso
7175,2025104042,104,2025,1,1,0,Aprovado
7176,2025104042,104,2026,2,1,,Em curso
7177,2025104043,104,2025,1,1,0,Aprovado
7178,2025104043,104,2026,2,1,,Em curso
7179,2025104044,104,2025,1,1,0,Aprovado
7180,2025104044,104,2026,2,1,,Em curso
7181,2025104045,104,2025,1,1,1,Aprovado com dependência
7182,2025104045,104,2026,2,1,,Em curso
7183,2025105001,105,2025,1,1,0,Aprovado
7184,2025105001,105,2026,2,1,,Em curso
7185,2025105002,105,2025,1,1,0,Aprovado
7186,2025105002,105,2026,2,1,,Em curso
7187,2025105003,105,2025,1,1,1,Aprovado com dependência
7188,2025105003,105,2026,2,1,,Em curso
7189,2025105004,105,2025,1,1,4,Retido
7190,2025105004,105,2026,1,2,,Em curso
7191,2025105005,105,2025,1,1,0,Aprovado
7192,2025105005,105,2026,2,1,,Em curso
7193,2025105006,105,2025,1,1,0,Aprovado
7194,2025105006,105,2026,2,1,,Em curso
7195,2025105007,105,2025,1,1,2,Aprovado com dependência
7196,2025105008,105,2025,1,1,0,Aprovado
7197,2025105008,105,2026,2,1,,Em curso
7198,2025105009,105,2025,1,1,7,Retido
7199,2025105009,105,2026,1,2,,Em curso
7200,2025105010,105,2025,1,1,0,Aprovado
7201,2025105010,105,2026,2,1,,Em curso
7202,2025105011,105,2025,1,1,,Evadido
7203,2025105012,105,2025,1,1,0,Aprovado
7204,2025105012,105,2026,2,1,,Em curso
7205,2025105013,105,2025,1,1,2,Aprovado com dependência
7206,2025105013,105,2026,2,1,,Em curso
7207,2025105014,105,2025,1,1,0,Aprovado
7208,2025105014,105,2026,2,1,,Em curso
7209,2025105015,105,2025,1,1,0,Aprovado
7210,2025105015,105,2026,2,1,,Em curso
7211,2025105016,105,2025,1,1,0,Aprovado
7212,2025105016,105,2026,2,1,,Em curso
7213,2025105017,105,2025,1,1,0,Aprovado
7214,2025105017,105,2026,2,1,,Em curso
7215,2025105018,105,2025,1,1,0,Aprovado
7216,2025105018,105,2026,2,1,,Em curso
7217,2025105019,105,2025,1,1,0,Aprovado
7218,2025105019,105,2026,2,1,,Em curso
7219,2025105020,105,2025,1,1,0,Aprovado
7220,2025105020,105,2026,2,1,,Em curso
7221,2025105021,105,2025,1,1,1,Aprovado com dependência
7222,2025105021,105,2026,2,1,,Em curso
7223,2025105022,105,2025,1,1,1,Aprovado com dependência
7224,2025105022,105,2026,2,1,,Em curso
7225,2025105023,105,2025,1,1,1,Aprovado com dependência
7226,2025105023,105,2026,2,1,,Em curso
7227,2025105024,105,2025,1,1,0,Aprovado
7228,2025105024,105,2026,2,1,,Em curso
7229,2025105025,105,2025,1,1,8,Retido
7230,2025105026,105,2025,1,1,0,Aprovado
7231,2025105026,105,2026,2,1,,Em curso
7232,2025105027,105,2025,1,1,0,Aprovado
7233,2025105027,105,2026,2,1,,Em curso
7234,2025105028,105,2025,1,1,0,Aprovado
7235,2025105028,105,2026,2,1,,Em curso
7236,2025105029,105,2025,1,1,0,Aprovado
7237,2025105029,105,2026,2,1,,Em curso
7238,2025105030,105,2025,1,1,3,Retido
7239,2025105030,105,2026,1,2,,Em curso
7240,2025105031,105,2025,1,1,0,Aprovado
7241,2025105031,105,2026,2,1,,Em curso
7242,2025105032,105,2025,1,1,7,Retido
7243,2025105032,105,2026,1,2,,Em curso
7244,2025105033,105,2025,1,1,0,Aprovado
7245,2025105033,105,2026,2,1,,Em curso
7246,2025105034,105,2025,1,1,2,Aprovado com dependência
7247,2025105034,105,2026,2,1,,Em curso
7248,2025105035,105,2025,1,1,0,Aprovado
7249,2025105035,105,2026,2,1,,Em curso
7250,2025105036,105,2025,1,1,0,Aprovado
7251,2025105036,105,2026,2,1,,Em curso
7252,2025105037,105,2025,1,1,0,Aprovado
7253,2025105037,105,2026,2,1,,Em curso
7254,2025105038,105,2025,1,1,0,Aprovado
7255,2025105038,105,2026,2,1,,Em curso
7256,2025105039,105,2025,1,1,0,Aprovado
7257,2025105039,105,2026,2,1,,Em curso
7258,2025105040,105,2025,1,1,0,Aprovado
7259,2025105040,105,2026,2,1,,Em curso
7260,2025106001,106,2025,1,1,0,Aprovado
7261,2025106001,106,2026,2,1,,Em curso
7262,2025106002,106,2025,1,1,0,Aprovado
7263,2025106002,106,2026,2,1,,Em curso
7264,2025106003,106,2025,1,1,,Evadido
7265,2025106004,106,2025,1,1,0,Aprovado
7266,2025106004,106,2026,2,1,,Em curso
7267,2025106005,106,2025,1,1,2,Aprovado com dependência
7268,2025106005,106,2026,2,1,,Em curso
7269,2025106006,106,2025,1,1,13,Retido
7270,2025106006,106,2026,1,2,,Em curso
7271,2025106007,106,2025,1,1,0,Aprovado
7272,2025106007,106,2026,2,1,,Em curso
7273,2025106008,106,2025,1,1,0,Aprovado
7274,2025106008,106,2026,2,1,,Em curso
7275,2025106009,106,2025,1,1,1,Aprovado com dependência
7276,2025106009,106,2026,2,1,,Em curso
7277,2025106010,106,2025,1,1,2,Aprovado com dependência
7278,2025106010,106,2026,2,1,,Em curso
7279,2025106011,106,2025,1,1,0,Aprovado
7280,2025106011,106,2026,2,1,,Em curso
7281,2025106012,106,2025,1,1,,Evadido
7282,2025106013,106,2025,1,1,0,Aprovado
7283,2025106013,106,2026,2,1,,Em curso
7284,2025106014,106,2025,1,1,0,Aprovado
7285,2025106014,106,2026,2,1,,Em curso
7286,2025106015,106,2025,1,1,2,Aprovado com dependência
7287,2025106015,106,2026,2,1,,Em curso
7288,2025106016,106,2025,1,1,5,Retido
7289,2025106016,106,2026,1,2,,Em curso
7290,2025106017,106,2025,1,1,0,Aprovado
7291,2025106017,106,2026,2,1,,Em curso
7292,2025106018,106,2025,1,1,0,Aprovado
7293,2025106018,106,2026,2,1,,Em curso
7294,2025106019,106,2025,1,1,0,Aprovado
7295,2025106019,106,2026,2,1,,Em curso
7296,2025106020,106,2025,1,1,7,Retido
7297,2025106020,106,2026,1,2,,Em curso
7298,2025106021,106,2025,1,1,2,Aprovado com dependência
7299,2025106021,106,2026,2,1,,Em curso
7300,2025106022,106,2025,1,1,0,Aprovado
7301,2025106022,106,2026,2,1,,Em curso
7302,2025106023,106,2025,1,1,2,Aprovado com dependência
7303,2025106023,106,2026,2,1,,Em curso
7304,2025106024,106,2025,1,1,5,Retido
7305,2025106024,106,2026,1,2,,Em curso
7306,2025106025,106,2025,1,1,0,Aprovado
7307,2025106025,106,2026,2,1,,Em curso
7308,2025106026,106,2025,1,1,0,Aprovado
7309,2025106026,106,2026,2,1,,Em curso
7310,2025106027,106,2025,1,1,0,Aprovado
7311,2025106027,106,2026,2,1,,Em curso
7312,2025106028,106,2025,1,1,3,Retido
7313,2025106028,106,2026,1,2,,Em curso
7314,2025106029,106,2025,1,1,13,Retido
7315,2025106029,106,2026,1,2,,Em curso
7316,2025106030,106,2025,1,1,0,Aprovado
7317,2025106030,106,2026,2,1,,Em curso
7318,2025106031,106,2025,1,1,0,Aprovado
7319,2025106031,106,2026,2,1,,Em curso
7320,2025106032,106,2025,1,1,0,Aprovado
7321,2025106032,106,2026,2,1,,Em curso
7322,2025106033,106,2025,1,1,0,Aprovado
7323,2025106033,106,2026,2,1,,Em curso
7324,2025106034,106,2025,1,1,0,Aprovado
7325,2025106034,106,2026,2,1,,Em curso
7326,2025106035,106,2025,1,1,0,Aprovado
7327,2025106035,106,2026,2,1,,Em curso
7328,2025106036,106,2025,1,1,0,Aprovado
7329,2025106036,106,2026,2,1,,Em curso
7330,2025106037,106,2025,1,1,0,Aprovado
7331,2025106037,106,2026,2,1,,Em curso
7332,2025106038,106,2025,1,1,0,Aprovado
7333,2025106038,106,2026,2,1,,Em curso
7334,2025106039,106,2025,1,1,0,Aprovado
7335,2025106039,106,2026,2,1,,Em curso
7336,2026101001,101,2026,1,1,,Em curso
7337,2026101002,101,2026,1,1,,Em curso
7338,2026101003,101,2026,1,1,,Em curso
7339,2026101004,101,2026,1,1,,Em curso
7340,2026101005,101,2026,1,1,,Em curso
7341,2026101006,101,2026,1,1,,Em curso
7342,2026101007,101,2026,1,1,,Em curso
7343,2026101008,101,2026,1,1,,Em curso
7344,2026101009,101,2026,1,1,,Em curso
7345,2026101010,101,2026,1,1,,Em curso
7346,2026101011,101,2026,1,1,,Em curso
7347,2026101012,101,2026,1,1,,Em curso
7348,2026101013,101,2026,1,1,,Em curso
7349,2026101014,101,2026,1,1,,Em curso
7350,2026101015,101,2026,1,1,,Em curso
7351,2026101016,101,2026,1,1,,Em curso
7352,2026101017,101,2026,1,1,,Evadido
7353,2026101018,101,2026,1,1,,Em curso
7354,2026101019,101,2026,1,1,,Em curso
7355,2026101020,101,2026,1,1,,Em curso
7356,2026101021,101,2026,1,1,,Em curso
7357,2026101022,101,2026,1,1,,Em curso
7358,2026101023,101,2026,1,1,,Em curso
7359,2026101024,101,2026,1,1,,Em curso
7360,2026101025,101,2026,1,1,,Em curso
7361,2026101026,101,2026,1,1,,Em curso
7362,2026101027,101,2026,1,1,,Em curso
7363,2026101028,101,2026,1,1,,Em curso
7364,2026101029,101,2026,1,1,,Em curso
7365,2026101030,101,2026,1,1,,Em curso
7366,2026101031,101,2026,1,1,,Em curso
7367,2026101032,101,2026,1,1,,Em curso
7368,2026101033,101,2026,1,1,,Em curso
7369,2026101034,101,2026,1,1,,Em curso
7370,2026101035,101,2026,1,1,,Em curso
7371,2026101036,101,2026,1,1,,Em curso
7372,2026101037,101,2026,1,1,,Em curso
7373,2026101038,101,2026,1,1,,Em curso
7374,2026101039,101,2026,1,1,,Em curso
7375,2026101040,101,2026,1,1,,Em curso
7376,2026101041,101,2026,1,1,,Em curso
7377,2026101042,101,2026,1,1,,Em curso
7378,2026101043,101,2026,1,1,,Em curso
7379,2026101044,101,2026,1,1,,Em curso
7380,2026101045,101,2026,1,1,,Em curso
7381,2026101046,101,2026,1,1,,Em curso
7382,2026102001,102,2026,1,1,,Em curso
7383,2026102002,102,2026,1,1,,Em curso
7384,2026102003,102,2026,1,1,,Em curso
7385,2026102004,102,2026,1,1,,Em curso
7386,2026102005,102,2026,1,1,,Em curso
7387,2026102006,102,2026,1,1,,Em curso
7388,2026102007,102,2026,1,1,,Em curso
7389,2026102008,102,2026,1,1,,Em curso
7390,2026102009,102,2026,1,1,,Em curso
7391,2026102010,102,2026,1,1,,Em curso
7392,2026102011,102,2026,1,1,,Em curso
7393,2026102012,102,2026,1,1,,Em curso
7394,2026102013,102,2026,1,1,,Em curso
7395,2026102014,102,2026,1,1,,Em curso
7396,2026102015,102,2026,1,1,,Em curso
7397,2026102016,102,2026,1,1,,Em curso
7398,2026102017,102,2026,1,1,,Em curso
7399,2026102018,102,2026,1,1,,Em curso
7400,2026102019,102,2026,1,1,,Em curso
7401,2026102020,102,2026,1,1,,Em curso
7402,2026102021,102,2026,1,1,,Em curso
7403,2026102022,102,2026,1,1,,Em curso
7404,2026102023,102,2026,1,1,,Em curso
7405,2026102024,102,2026,1,1,,Em curso
7406,2026102025,102,2026,1,1,,Em curso
7407,2026102026,102,2026,1,1,,Em curso
7408,2026102027,102,2026,1,1,,Em curso
7409,2026102028,102,2026,1,1,,Em curso
7410,2026102029,102,2026,1,1,,Em curso
7411,2026102030,102,2026,1,1,,Em curso
7412,2026102031,102,2026,1,1,,Em curso
7413,2026102032,102,2026,1,1,,Em curso
7414,2026102033,102,2026,1,1,,Em curso
7415,2026102034,102,2026,1,1,,Em curso
7416,2026102035,102,2026,1,1,,Em curso
7417,2026102036,102,2026,1,1,,Em curso
7418,2026102037,102,2026,1,1,,Em curso
7419,2026102038,102,2026,1,1,,Em curso
7420,2026102039,102,2026,1,1,,Em curso
7421,2026102040,102,2026,1,1,,Em curso
7422,2026102041,102,2026,1,1,,Em curso
7423,2026102042,102,2026,1,1,,Em curso
7424,2026102043,102,2026,1,1,,Em curso
7425,2026102044,102,2026,1,1,,Em curso
7426,2026102045,102,2026,1,1,,Em curso
7427,2026103001,103,2026,1,1,,Em curso
7428,2026103002,103,2026,1,1,,Em curso
7429,2026103003,103,2026,1,1,,Em curso
7430,2026103004,103,2026,1,1,,Em curso
7431,2026103005,103,2026,1,1,,Em curso
7432,2026103006,103,2026,1,1,,Em curso
7433,2026103007,103,2026,1,1,,Em curso
7434,2026103008,103,2026,1,1,,Em curso
7435,2026103009,103,2026,1,1,,Em curso
7436,2026103010,103,2026,1,1,,Em curso
7437,2026103011,103,2026,1,1,,Em curso
7438,2026103012,103,2026,1,1,,Em curso
7439,2026103013,103,2026,1,1,,Em curso
7440,2026103014,103,2026,1,1,,Em curso
7441,2026103015,103,2026,1,1,,Em curso
7442,2026103016,103,2026,1,1,,Em curso
7443,2026103017,103,2026,1,1,,Em curso
7444,2026103018,103,2026,1,1,,Em curso
7445,2026103019,103,2026,1,1,,Em curso
7446,2026103020,103,2026,1,1,,Em curso
7447,2026103021,103,2026,1,1,,Em curso
7448,2026103022,103,2026,1,1,,Em curso
7449,2026103023,103,2026,1,1,,Em curso
7450,2026103024,103,2026,1,1,,Em curso
7451,2026103025,103,2026,1,1,,Em curso
7452,2026103026,103,2026,1,1,,Em curso
7453,2026103027,103,2026,1,1,,Em curso
7454,2026103028,103,2026,1,1,,Em curso
7455,2026103029,103,2026,1,1,,Em curso
7456,2026103030,103,2026,1,1,,Em curso
7457,2026103031,103,2026,1,1,,Em curso
7458,2026103032,103,2026,1,1,,Em curso
7459,2026103033,103,2026,1,1,,Em curso
7460,2026103034,103,2026,1,1,,Em curso
7461,2026103035,103,2026,1,1,,Em curso
7462,2026103036,103,2026,1,1,,Em curso
7463,2026103037,103,2026,1,1,,Em curso
7464,2026103038,103,2026,1,1,,Em curso
7465,2026103039,103,2026,1,1,,Em curso
7466,2026103040,103,2026,1,1,,Em curso
7467,2026103041,103,2026,1,1,,Em curso
7468,2026103042,103,2026,1,1,,Em curso
7469,2026103043,103,2026,1,1,,Em curso
7470,2026103044,103,2026,1,1,,Em curso
7471,2026103045,103,2026,1,1,,Em curso
7472,2026104001,104,2026,1,1,,Em curso
7473,2026104002,104,2026,1,1,,Em curso
7474,2026104003,104,2026,1,1,,Em curso
7475,2026104004,104,2026,1,1,,Em curso
7476,2026104005,104,2026,1,1,,Em curso
7477,2026104006,104,2026,1,1,,Em curso
7478,2026104007,104,2026,1,1,,Em curso
7479,2026104008,104,2026,1,1,,Em curso
7480,2026104009,104,2026,1,1,,Evadido
7481,2026104010,104,2026,1,1,,Em curso
7482,2026104011,104,2026,1,1,,Em curso
7483,2026104012,104,2026,1,1,,Em curso
7484,2026104013,104,2026,1,1,,Em curso
7485,2026104014,104,2026,1,1,,Em curso
7486,2026104015,104,2026,1,1,,Em curso
7487,2026104016,104,2026,1,1,,Em curso
7488,2026104017,104,2026,1,1,,Em curso
7489,2026104018,104,2026,1,1,,Em curso
7490,2026104019,104,2026,1,1,,Em curso
7491,2026104020,104,2026,1,1,,Em curso
7492,2026104021,104,2026,1,1,,Em curso
7493,2026104022,104,2026,1,1,,Em curso
7494,2026104023,104,2026,1,1,,Em curso
7495,2026104024,104,2026,1,1,,Em curso
7496,2026104025,104,2026,1,1,,Em curso
7497,2026104026,104,2026,1,1,,Em curso
7498,2026104027,104,2026,1,1,,Em curso
7499,2026104028,104,2026,1,1,,Em curso
7500,2026104029,104,2026,1,1,,Em curso
7501,2026104030,104,2026,1,1,,Em curso
7502,2026104031,104,2026,1,1,,Em curso
7503,2026104032,104,2026,1,1,,Em curso
7504,2026104033,104,2026,1,1,,Em curso
7505,2026104034,104,2026,1,1,,Em curso
7506,2026104035,104,2026,1,1,,Em curso
7507,2026104036,104,2026,1,1,,Em curso
7508,2026104037,104,2026,1,1,,Em curso
7509,2026104038,104,2026,1,1,,Em curso
7510,2026104039,104,2026,1,1,,Em curso
7511,2026104040,104,2026,1,1,,Em curso
7512,2026104041,104,2026,1,1,,Em curso
7513,2026104042,104,2026,1,1,,Em curso
7514,2026104043,104,2026,1,1,,Em curso
7515,2026104044,104,2026,1,1,,Em curso
7516,2026105001,105,2026,1,1,,Em curso
7517,2026105002,105,2026,1,1,,Em curso
7518,2026105003,105,2026,1,1,,Em curso
7519,2026105004,105,2026,1,1,,Em curso
7520,2026105005,105,2026,1,1,,Em curso
7521,2026105006,105,2026,1,1,,Em curso
7522,2026105007,105,2026,1,1,,Em curso
7523,2026105008,105,2026,1,1,,Em curso
7524,2026105009,105,2026,1,1,,Em curso
7525,2026105010,105,2026,1,1,,Em curso
7526,2026105011,105,2026,1,1,,Em curso
7527,2026105012,105,2026,1,1,,Em curso
7528,2026105013,105,2026,1,1,,Em curso
7529,2026105014,105,2026,1,1,,Em curso
7530,2026105015,105,2026,1,1,,Em curso
7531,2026105016,105,2026,1,1,,Em curso
7532,2026105017,105,2026,1,1,,Em curso
7533,2026105018,105,2026,1,1,,Em curso
7534,2026105019,105,2026,1,1,,Em curso
7535,2026105020,105,2026,1,1,,Em curso
7536,2026105021,105,2026,1,1,,Em curso
7537,2026105022,105,2026,1,1,,Em curso
7538,2026105023,105,2026,1,1,,Em curso
7539,2026105024,105,2026,1,1,,Em curso
7540,2026105025,105,2026,1,1,,Em curso
7541,2026105026,105,2026,1,1,,Em curso
7542,2026105027,105,2026,1,1,,Em curso
7543,2026105028,105,2026,1,1,,Em curso
7544,2026105029,105,2026,1,1,,Em curso
7545,2026105030,105,2026,1,1,,Em curso
7546,2026105031,105,2026,1,1,,Em curso
7547,2026105032,105,2026,1,1,,Em curso
7548,2026105033,105,2026,1,1,,Em curso
7549,2026105034,105,2026,1,1,,Em curso
7550,2026105035,105,2026,1,1,,Em curso
7551,2026105036,105,2026,1,1,,Em curso
7552,2026105037,105,2026,1,1,,Em curso
7553,2026105038,105,2026,1,1,,Em curso
7554,2026105039,105,2026,1,1,,Em curso
7555,2026105040,105,2026,1,1,,Em curso
7556,2026106001,106,2026,1,1,,Em curso
7557,2026106002,106,2026,1,1,,Em curso
7558,2026106003,106,2026,1,1,,Em curso
7559,2026106004,106,2026,1,1,,Em curso
7560,2026106005,106,2026,1,1,,Em curso
7561,2026106006,106,2026,1,1,,Em curso
7562,2026106007,106,2026,1,1,,Em curso
7563,2026106008,106,2026,1,1,,Em curso
7564,2026106009,106,2026,1,1,,Em curso
7565,2026106010,106,2026,1,1,,Em curso
7566,2026106011,106,2026,1,1,,Em curso
7567,2026106012,106,2026,1,1,,Em curso
7568,2026106013,106,2026,1,1,,Em curso
7569,2026106014,106,2026,1,1,,Em curso
7570,2026106015,106,2026,1,1,,Em curso
7571,2026106016,106,2026,1,1,,Em curso
7572,2026106017,106,2026,1,1,,Em curso
7573,2026106018,106,2026,1,1,,Em curso
7574,2026106019,106,2026,1,1,,Em curso
7575,2026106020,106,2026,1,1,,Em curso
7576,2026106021,106,2026,1,1,,Em curso
7577,2026106022,106,2026,1,1,,Em curso
7578,2026106023,106,2026,1,1,,Em curso
7579,2026106024,106,2026,1,1,,Em curso
7580,2026106025,106,2026,1,1,,Em curso
7581,2026106026,106,2026,1,1,,Em curso
7582,2026106027,106,2026,1,1,,Em curso
7583,2026106028,106,2026,1,1,,Em curso
7584,2026106029,106,2026,1,1,,Em curso
7585,2026106030,106,2026,1,1,,Em curso
7586,2026106031,106,2026,1,1,,Em curso
7587,2026106032,106,2026,1,1,,Em curso
7588,2026106033,106,2026,1,1,,Em curso
7589,2026106034,106,2026,1,1,,Em curso
7590,2026106035,106,2026,1,1,,Em curso
7591,2026106036,106,2026,1,1,,Em curso
7592,2026106037,106,2026,1,1,,Em curso
7593,2026106038,106,2026,1,1,,Em curso
7594,2026106039,106,2026,1,1,,Em curso
7595,2026106040,106,2026,1,1,,Em curso
